symbol,yahoo_symbol,name,reason,avg_dollar_volume_30d_usd,valid_days
AAA,AAA,Alternative Access First Priority CLO Bond ETF,avg_dollar_volume_30d_below_15m_usd,373720.29,41
AAAA,AAAA,Amplius Aggressive Asset Allocation ETF,avg_dollar_volume_30d_below_15m_usd,149583.33,41
AAAC,AAAC,Columbia AAA CLO ETF,avg_dollar_volume_30d_below_15m_usd,3876.43,40
AAAD,AAAD,PGIM AAA CLO Aggregate Duration ETF,avg_dollar_volume_30d_below_15m_usd,11003.8,25
AAAP,AAAP,Pacer Barings CLO Market Flex ETF,avg_dollar_volume_30d_below_15m_usd,3721646.08,11
AADR,AADR,AdvisorShares Dorsey Wright ADR ETF,avg_dollar_volume_30d_below_15m_usd,168993.37,40
AAEQ,AAEQ,Alpha Architect US Equity 2 ETF,avg_dollar_volume_30d_below_15m_usd,45354.84,40
AALG,AALG,Leverage Shares 2X Long AAL Daily ETF,avg_dollar_volume_30d_below_15m_usd,611620.59,41
AAME,AAME,Atlantic American Corporation - Common Stock,avg_dollar_volume_30d_below_15m_usd,30964.1,40
AAOG,AAOG,Leverage Shares 2X Long AAOI Daily ETF,avg_dollar_volume_30d_below_15m_usd,11323530.62,40
AAPB,AAPB,GraniteShares 2x Long AAPL Daily ETF,avg_dollar_volume_30d_below_15m_usd,1916585.92,41
AAPE,AAPE,Leverage Shares 2X Long AAPL Daily ETF,avg_dollar_volume_30d_below_15m_usd,6690.47,3
AAPR,AAPR,Innovator Equity Defined Protection ETF - 2 Yr to April 2028,avg_dollar_volume_30d_below_15m_usd,127613.17,41
AAPW,AAPW,Roundhill AAPL WeeklyPay ETF,avg_dollar_volume_30d_below_15m_usd,707095.98,41
AAPX,AAPX,T-Rex 2X Long Apple Daily Target ETF,avg_dollar_volume_30d_below_15m_usd,1284756.22,41
AAPY,AAPY,Kurv Yield Premium Strategy Apple (AAPL) ETF,avg_dollar_volume_30d_below_15m_usd,147799.92,41
AARD,AARD,"Aardvark Therapeutics, Inc. - Common Stock",avg_dollar_volume_30d_below_15m_usd,973600.63,41
AAUA,AAUA,Alpha Architect US Equity 3 ETF,avg_dollar_volume_30d_below_15m_usd,50378.25,41
AAUC,AAUC,Allied Gold Corporation Common Shares,avg_dollar_volume_30d_below_15m_usd,12798971.88,41
AAUS,AAUS,Alpha Architect US Equity ETF,avg_dollar_volume_30d_below_15m_usd,87814.5,40
AAVM,AAVM,Alpha Architect Global Factor Equity ETF,avg_dollar_volume_30d_below_15m_usd,33979.01,40
ABCS,ABCS,Alpha Blue Capital US Small-Mid Cap Dynamic ETF,avg_dollar_volume_30d_below_15m_usd,62000.26,41
ABEO,ABEO,Abeona Therapeutics Inc. - Common Stock,avg_dollar_volume_30d_below_15m_usd,7244342.33,41
ABEQ,ABEQ,Absolute Select Value ETF,avg_dollar_volume_30d_below_15m_usd,474298.44,41
ABFL,ABFL,Abacus FCF Leaders ETF,avg_dollar_volume_30d_below_15m_usd,1011429.62,41
ABI,ABI,VictoryShares Pioneer Asset-Based Income ETF,avg_dollar_volume_30d_below_15m_usd,5304.72,40
ABIG,ABIG,Argent Large Cap ETF,avg_dollar_volume_30d_below_15m_usd,57943.32,40
ABLD,ABLD,Abacus FCF Real Assets Leaders ETF,avg_dollar_volume_30d_below_15m_usd,203447.37,41
ABLG,ABLG,Abacus FCF International Leaders ETF,avg_dollar_volume_30d_below_15m_usd,80085.05,41
ABLS,ABLS,Abacus FCF Small Cap Leaders ETF,avg_dollar_volume_30d_below_15m_usd,29802.83,41
ABLV,ABLV,Able View Global Inc. - Class B Ordinary Shares,avg_dollar_volume_30d_below_15m_usd,115134.47,41
ABNG,ABNG,Leverage Shares 2x Long ABNB Daily ETF,avg_dollar_volume_30d_below_15m_usd,41612.53,41
ABOS,ABOS,"Acumen Pharmaceuticals, Inc. - Common Stock",avg_dollar_volume_30d_below_15m_usd,1341879.57,41
ABOT,ABOT,Abacus FCF Innovation Leaders ETF,avg_dollar_volume_30d_below_15m_usd,16860.69,41
ABTC,ABTC,American Bitcoin Corp. - Class A Common Stock,avg_dollar_volume_30d_below_15m_usd,13058450.08,41
ABTS,ABTS,Abits Group Inc - Ordinary Shares,avg_dollar_volume_30d_below_15m_usd,9182527.39,41
ABUF,ABUF,Aptus Laddered Buffer ETF,avg_dollar_volume_30d_below_15m_usd,203351.09,41
ABUS,ABUS,Arbutus Biopharma Corporation - Common Stock,avg_dollar_volume_30d_below_15m_usd,11257532.23,41
ABVC,ABVC,"ABVC BioPharma, Inc. - Common Stock",avg_dollar_volume_30d_below_15m_usd,263301.15,41
ABX,ABX,"Abacus Global Management, Inc. Class A Common Stock",avg_dollar_volume_30d_below_15m_usd,6165515.63,41
ABXB,ABXB,Abacus Flexible Bond Leaders ETF,avg_dollar_volume_30d_below_15m_usd,10569.85,41
ACB,ACB,Aurora Cannabis Inc. - Common Shares,avg_dollar_volume_30d_below_15m_usd,3279560.75,41
ACCL,ACCL,Acco Group Holdings Limited - Class A Ordinary Shares,avg_dollar_volume_30d_below_15m_usd,1273381.95,41
ACCO,ACCO,Acco Brands Corporation Common Stock,avg_dollar_volume_30d_below_15m_usd,3587794.26,41
ACCS,ACCS,ACCESS Newswire Inc. Common Stock,avg_dollar_volume_30d_below_15m_usd,113894.1,41
ACDC,ACDC,ProFrac Holding Corp. - Class A Common Stock,avg_dollar_volume_30d_below_15m_usd,9132449.89,41
ACEI,ACEI,Innovator Equity Autocallable Income Strategy ETF,avg_dollar_volume_30d_below_15m_usd,566094.33,41
ACEP,ACEP,ARS Core Equity Portfolio ETF,avg_dollar_volume_30d_below_15m_usd,67652.9,40
ACES,ACES,ALPS Clean Energy ETF,avg_dollar_volume_30d_below_15m_usd,3246190.62,41
ACET,ACET,"Adicet Bio, Inc. - Common Stock",avg_dollar_volume_30d_below_15m_usd,751828.33,41
ACFN,ACFN,"Acorn Energy, Inc. - Common Stock",avg_dollar_volume_30d_below_15m_usd,144001.73,40
ACGO,ACGO,Hartford Alpha Capture Growth ETF,avg_dollar_volume_30d_below_15m_usd,1200624.44,25
ACGR,ACGR,American Century Large Cap Growth ETF,avg_dollar_volume_30d_below_15m_usd,20503.93,41
ACH,ACH,"Accendra Health, Inc. Common Stock",avg_dollar_volume_30d_below_15m_usd,2231422.02,41
ACHV,ACHV,"Achieve Life Sciences, Inc.  - Common Shares",avg_dollar_volume_30d_below_15m_usd,13183744.87,41
ACHX,ACHX,Corgi ACHR 2x Daily ETF,avg_dollar_volume_30d_below_15m_usd,37101.75,7
ACIC,ACIC,American Coastal Insurance Corporation - Common Stock,avg_dollar_volume_30d_below_15m_usd,3497256.82,41
ACII,ACII,Innovator Index Autocallable Income Strategy ETF,avg_dollar_volume_30d_below_15m_usd,1887333.5,41
ACIO,ACIO,Aptus Collared Investment Opportunity ETF,avg_dollar_volume_30d_below_15m_usd,5816488.18,41
ACIU,ACIU,AC Immune SA - Common Stock,avg_dollar_volume_30d_below_15m_usd,727379.79,41
ACKY,ACKY,VistaShares Target 15 ACKtivist Distribution ETF,avg_dollar_volume_30d_below_15m_usd,590841.11,41
ACLC,ACLC,American Century Large Cap Equity ETF,avg_dollar_volume_30d_below_15m_usd,1387132.84,41
ACLO,ACLO,TCW AAA CLO ETF,avg_dollar_volume_30d_below_15m_usd,1565673.91,41
ACLZ,ACLZ,Corgi ACLS 2x Daily ETF,avg_dollar_volume_30d_below_15m_usd,38246.15,11
ACMM,ACMM,Corgi ACMR 2x Daily ETF,avg_dollar_volume_30d_below_15m_usd,394893.43,11
ACNB,ACNB,ACNB Corporation - Common Stock,avg_dollar_volume_30d_below_15m_usd,4123733.77,41
ACNT,ACNT,Ascent Industries Co. - Common Stock,avg_dollar_volume_30d_below_15m_usd,1316092.89,41
ACOG,ACOG,Alpha Cognition Inc. - Common Stock,avg_dollar_volume_30d_below_15m_usd,293833.89,41
ACOM,ACOM,Harbor Active Commodity ETF,avg_dollar_volume_30d_below_15m_usd,361663.63,14
ACON,ACON,"Aclarion, Inc. - Common Stock",avg_dollar_volume_30d_below_15m_usd,290301.11,41
ACR,ACR,ACRES Commercial Realty Corp. Common Stock,avg_dollar_volume_30d_below_15m_usd,747963.96,41
ACRE,ACRE,Ares Commercial Real Estate Corporation Common Stock,avg_dollar_volume_30d_below_15m_usd,2095417.59,41
ACRS,ACRS,"Aclaris Therapeutics, Inc. - Common Stock",avg_dollar_volume_30d_below_15m_usd,8445353.21,41
ACRV,ACRV,"Acrivon Therapeutics, Inc. - Common Stock",avg_dollar_volume_30d_below_15m_usd,633213.51,41
ACSG,ACSG,American Century Small Cap Growth Insights ETF,avg_dollar_volume_30d_below_15m_usd,318570.31,41
ACSI,ACSI,American Customer Satisfaction ETF,avg_dollar_volume_30d_below_15m_usd,22509.52,41
ACSV,ACSV,American Century Small Cap Value Insights ETF,avg_dollar_volume_30d_below_15m_usd,147752.97,41
ACT,ACT,"Enact Holdings, Inc. - Common Stock",avg_dollar_volume_30d_below_15m_usd,13593537.23,41
ACTG,ACTG,Acacia Research Corporation - Common Stock,avg_dollar_volume_30d_below_15m_usd,1145261.72,41
ACTS,ACTS,FIS Tactical Equity ETF,avg_dollar_volume_30d_below_15m_usd,205607.03,40
ACTU,ACTU,"Actuate Therapeutics, Inc. - Common stock",avg_dollar_volume_30d_below_15m_usd,332156.19,41
ACVF,ACVF,American Conservative Values ETF,avg_dollar_volume_30d_below_15m_usd,310660.4,41
ACVT,ACVT,Advent Convertible Bond ETF,avg_dollar_volume_30d_below_15m_usd,42498.92,41
ACVU,ACVU,Hartford Alpha Capture Value ETF,avg_dollar_volume_30d_below_15m_usd,153514.79,41
ACWV,ACWV,iShares MSCI Global Min Vol Factor ETF,avg_dollar_volume_30d_below_15m_usd,14546595.74,41
ACXP,ACXP,"Acurx Pharmaceuticals, Inc. - Common Stock",avg_dollar_volume_30d_below_15m_usd,132793.15,41
ACYQ,ACYQ,FT Vest Autocallable Barrier & High Income ETF,avg_dollar_volume_30d_below_15m_usd,2117108.42,11
ACYS,ACYS,FT Vest Laddered Autocallable Barrier & Resilient Income ETF,avg_dollar_volume_30d_below_15m_usd,6246801.55,41
ADBU,ADBU,Direxion Daily ADBE Bull 2X ETF,avg_dollar_volume_30d_below_15m_usd,1706835.06,41
ADCT,ADCT,ADC Therapeutics SA Common Shares,avg_dollar_volume_30d_below_15m_usd,3377492.21,41
ADDS,ADDS,Hedgeye Index Adds ETF,avg_dollar_volume_30d_below_15m_usd,476944.3,29
ADFI,ADFI,Anfield Dynamic Fixed Income ETF,avg_dollar_volume_30d_below_15m_usd,116109.66,41
ADGM,ADGM,"Adagio Medical Holdings, Inc - Common Stock",avg_dollar_volume_30d_below_15m_usd,54134.98,41
ADIL,ADIL,"Adial Pharmaceuticals, Inc - Common Stock",avg_dollar_volume_30d_below_15m_usd,2339982.82,41
ADIU,ADIU,Leverage Shares 2X Long ADI Daily ETF,avg_dollar_volume_30d_below_15m_usd,73058.84,16
ADIV,ADIV,Guinness Atkinson Asia Pacific Dividend Builder ETF,avg_dollar_volume_30d_below_15m_usd,105787.91,41
ADME,ADME,Aptus Drawdown Managed Equity ETF,avg_dollar_volume_30d_below_15m_usd,916736.08,41
ADPV,ADPV,Adaptiv Select ETF,avg_dollar_volume_30d_below_15m_usd,535266.34,41
ADUR,ADUR,Aduro Clean Technologies Inc. - Common Stock,avg_dollar_volume_30d_below_15m_usd,9087820.9,41
ADV,ADV,Advantage Solutions Inc.  - Class A Common Stock,avg_dollar_volume_30d_below_15m_usd,6144422.06,41
ADVB,ADVB,Advanced Biomed Inc. - Common Stock,avg_dollar_volume_30d_below_15m_usd,142544.26,40
ADVE,ADVE,Matthews Asia Dividend Active ETF,avg_dollar_volume_30d_below_15m_usd,30364.42,41
AEBI,AEBI,Aebi Schmidt Holding AG - Common Stock,avg_dollar_volume_30d_below_15m_usd,2903494.16,41
AEC,AEC,Anfield Energy Inc. - Common Shares,avg_dollar_volume_30d_below_15m_usd,248647.63,41
AEHG,AEHG,Leverage Shares 2X Long AEHR Daily ETF,avg_dollar_volume_30d_below_15m_usd,632764.21,9
AEHL,AEHL,Antelope Enterprise Holdings Limited - Class A Ordinary Shares,avg_dollar_volume_30d_below_15m_usd,403338.1,41
AEI,AEI,Alset Inc. - Common Stock,avg_dollar_volume_30d_below_15m_usd,30058.71,41
AEMD,AEMD,"Aethlon Medical, Inc. - Common Stock",avg_dollar_volume_30d_below_15m_usd,2280624.67,41
AEMS,AEMS,Anfield Enhanced Market ETF,avg_dollar_volume_30d_below_15m_usd,5666851.1,41
AENT,AENT,Alliance Entertainment Holding Corporation - common stock,avg_dollar_volume_30d_below_15m_usd,117744.38,41
AEON,AEON,"AEON Biopharma, Inc. Class A Common Stock",avg_dollar_volume_30d_below_15m_usd,23648.09,41
AERT,AERT,"Aeries Technology, Inc. - Class A Ordinary Share",avg_dollar_volume_30d_below_15m_usd,335762.05,41
AESR,AESR,Anfield U.S. Equity Sector Rotation ETF,avg_dollar_volume_30d_below_15m_usd,3189638.17,41
AETH,AETH,Bitwise Trendwise Ether and Treasuries Rotation Strategy ETF,avg_dollar_volume_30d_below_15m_usd,17703.46,41
AEYE,AEYE,"AudioEye, Inc. - Common Stock",avg_dollar_volume_30d_below_15m_usd,988052.97,41
AFBI,AFBI,"Affinity Bancshares, Inc. - Common Stock",avg_dollar_volume_30d_below_15m_usd,206555.4,40
AFCG,AFCG,Advanced Flower Capital Inc. - Common Stock,avg_dollar_volume_30d_below_15m_usd,384361.11,41
AFGR,AFGR,First Trust Multi-Manager Large Growth ETF,avg_dollar_volume_30d_below_15m_usd,308102.26,40
AFIF,AFIF,Anfield Universal Fixed Income ETF,avg_dollar_volume_30d_below_15m_usd,620119.28,41
AFIX,AFIX,Allspring Broad Market Core Bond ETF,avg_dollar_volume_30d_below_15m_usd,250651.96,41
AFJK,AFJK,"Aimei Health Technology Co., Ltd - Ordinary Share",avg_dollar_volume_30d_below_15m_usd,209167.21,41
AFK,AFK,VanEck Africa Index ETF,avg_dollar_volume_30d_below_15m_usd,1349536.37,41
AFLG,AFLG,First Trust Active Factor Large Cap ETF,avg_dollar_volume_30d_below_15m_usd,2758498.97,41
AFMC,AFMC,First Trust Active Factor Mid Cap ETF,avg_dollar_volume_30d_below_15m_usd,1101772.13,41
AFOS,AFOS,ARS Focused Opportunity Strategy ETF,avg_dollar_volume_30d_below_15m_usd,362410.43,41
AFRI,AFRI,Forafric Global PLC - Ordinary Shares,avg_dollar_volume_30d_below_15m_usd,248990.53,40
AFRU,AFRU,T-REX 2X Long AFRM Daily Target ETF,avg_dollar_volume_30d_below_15m_usd,664327.75,41
AFSC,AFSC,abrdn Focused U.S. Small Cap Active ETF,avg_dollar_volume_30d_below_15m_usd,16132.74,40
AFSM,AFSM,First Trust Active Factor Small Cap ETF,avg_dollar_volume_30d_below_15m_usd,644287.12,41
AFYA,AFYA,Afya Limited - Class A Common Shares,avg_dollar_volume_30d_below_15m_usd,1621275.12,41
AGBK,AGBK,AGI Inc Class A Common Shares,avg_dollar_volume_30d_below_15m_usd,2187236.78,41
AGCC,AGCC,Agencia Comercial Spirits Ltd - Class A Ordinary Share,avg_dollar_volume_30d_below_15m_usd,584789.31,41
AGEM,AGEM,abrdn Emerging Markets Dividend Active ETF,avg_dollar_volume_30d_below_15m_usd,1050645.84,41
AGEN,AGEN,Agenus Inc. - Common Stock,avg_dollar_volume_30d_below_15m_usd,2498306.25,41
AGGA,AGGA,EA Astoria Beacon Dynamic Core US Fixed Income ETF,avg_dollar_volume_30d_below_15m_usd,424397.72,41
AGGH,AGGH,Simplify Aggregate Bond ETF,avg_dollar_volume_30d_below_15m_usd,4379236.8,41
AGGS,AGGS,Harbor Disciplined Bond ETF,avg_dollar_volume_30d_below_15m_usd,35041.71,41
AGGY,AGGY,WisdomTree Yield Enhanced U.S. Aggregate Bond Fund,avg_dollar_volume_30d_below_15m_usd,6513110.06,41
AGIG,AGIG,Abundia Global Impact Group Inc. Common stock,avg_dollar_volume_30d_below_15m_usd,183606.18,41
AGIQ,AGIQ,SoFi Agentic AI ETF,avg_dollar_volume_30d_below_15m_usd,188428.32,41
AGM.A,AGM-A,Federal Agricultural Mortgage Corporation Common Stock,avg_dollar_volume_30d_below_15m_usd,79307.57,41
AGMH,AGMH,AGM Group Holdings Inc. - Class A Ordinary Shares,avg_dollar_volume_30d_below_15m_usd,311363.14,41
AGMI,AGMI,Themes Silver Miners ETF,avg_dollar_volume_30d_below_15m_usd,124017.76,40
AGNG,AGNG,Global X Aging Population ETF,avg_dollar_volume_30d_below_15m_usd,550084.66,41
AGNT,AGNT,"AGNT, Inc. - Common Stock",avg_dollar_volume_30d_below_15m_usd,6949017.65,41
AGOX,AGOX,Adaptive Alpha Opportunities ETF,avg_dollar_volume_30d_below_15m_usd,1385472.5,41
AGPU,AGPU,Axe Compute Inc. - Common Stock,avg_dollar_volume_30d_below_15m_usd,2089315.84,41
AGQI,AGQI,First Trust Active Global Quality Income ETF,avg_dollar_volume_30d_below_15m_usd,60700.87,41
AGRH,AGRH,iShares Interest Rate Hedged U.S. Aggregate Bond ETF,avg_dollar_volume_30d_below_15m_usd,59311.35,40
AGRO,AGRO,Adecoagro S.A. Common Shares,avg_dollar_volume_30d_below_15m_usd,9172981.31,41
AGRW,AGRW,Allspring LT Large Growth ETF,avg_dollar_volume_30d_below_15m_usd,49736.87,41
AGRZ,AGRZ,Agroz Inc. - Ordinary Shares,avg_dollar_volume_30d_below_15m_usd,280519.75,41
AGZ,AGZ,iShares  Agency Bond ETF,avg_dollar_volume_30d_below_15m_usd,1276739.66,41
AGZD,AGZD,WisdomTree Interest Rate Hedged U.S. Aggregate Bond Fund,avg_dollar_volume_30d_below_15m_usd,1716099.66,41
AHCO,AHCO,AdaptHealth Corp.  - Common Stock,avg_dollar_volume_30d_below_15m_usd,14791490.54,41
AHD,AHD,GraniteShares Autocallable HOOD ETF,avg_dollar_volume_30d_below_15m_usd,38748.3,34
AHLT,AHLT,AHL Trend ETF,avg_dollar_volume_30d_below_15m_usd,3391637.3,41
AHMA,AHMA,Ambitions Enterprise Management Co. L.L.C - Class A Ordinary Shares,avg_dollar_volume_30d_below_15m_usd,12037639.17,41
AHYB,AHYB,American Century Select High Yield ETF,avg_dollar_volume_30d_below_15m_usd,96800.23,41
AIAI,AIAI,AIAI Holdings Corporation - Class A common stock,avg_dollar_volume_30d_below_15m_usd,5677300.72,38
AIB,AIB,AIB Data Centers Inc. Common Stock,avg_dollar_volume_30d_below_15m_usd,3073716.11,41
AIBD,AIBD,Direxion Daily AI and Big Data Bear 2X ETF,avg_dollar_volume_30d_below_15m_usd,504355.66,41
AIBU,AIBU,Direxion Daily AI and Big Data Bull 2X ETF,avg_dollar_volume_30d_below_15m_usd,1136097.36,41
AIBZ,AIBZ,Bitzero Holdings Inc. - Common Shares,avg_dollar_volume_30d_below_15m_usd,5084917.13,21
AIDX,AIDX,"20/20 Biolabs, Inc. - Common Stock",avg_dollar_volume_30d_below_15m_usd,1042698.73,41
AIEQ,AIEQ,Amplify AI Powered Equity ETF,avg_dollar_volume_30d_below_15m_usd,238660.17,41
AIFA,AIFA,"All In FutureTech Alliance, Inc. - Common Stock",avg_dollar_volume_30d_below_15m_usd,231031.17,41
AIFC,AIFC,AI Financial Corporation - Common Stock,avg_dollar_volume_30d_below_15m_usd,875677.27,41
AIFD,AIFD,TCW Artificial Intelligence ETF,avg_dollar_volume_30d_below_15m_usd,1415537.44,41
AIFF,AIFF,"Firefly Neuroscience, Inc.  - Common Stock",avg_dollar_volume_30d_below_15m_usd,446282.18,41
AIFU,AIFU,AIFU Inc. - Class A Ordinary Share,avg_dollar_volume_30d_below_15m_usd,577433.03,40
AIHS,AIHS,Senmiao Technology Limited - Common Stock,avg_dollar_volume_30d_below_15m_usd,77560.45,40
AII,AII,"American Integrity Insurance Group, Inc. Common Stock",avg_dollar_volume_30d_below_15m_usd,2641104.53,41
AIIO,AIIO,Robo.ai Inc. - Class B Ordinary Shares,avg_dollar_volume_30d_below_15m_usd,14151513.59,41
AIIR,AIIR,Air Global PLC - Ordinary shares,avg_dollar_volume_30d_below_15m_usd,59247.08,41
AIMD,AIMD,"Ainos, Inc. - Common Stock",avg_dollar_volume_30d_below_15m_usd,327797.71,41
AIMS,AIMS,Acuitas Small Cap Active ETF,avg_dollar_volume_30d_below_15m_usd,98833.3,40
AINP,AINP,Allspring Income Plus ETF,avg_dollar_volume_30d_below_15m_usd,204872.91,41
AINT,AINT,FINQ DOLLAR NEUTRAL U.S. Large Cap AI-Managed Equity ETF,avg_dollar_volume_30d_below_15m_usd,49407.67,40
AIOO,AIOO,AllianzIM U.S. Equity Buffer100 Protection ETF,avg_dollar_volume_30d_below_15m_usd,475544.34,41
AIOS,AIOS,AIOS Tech Inc. - Class A Common Shares,avg_dollar_volume_30d_below_15m_usd,1050470.67,40
AIOT,AIOT,"PowerFleet, Inc. - Common Stock",avg_dollar_volume_30d_below_15m_usd,7595455.55,41
AIPI,AIPI,REX AI Equity Premium Income ETF,avg_dollar_volume_30d_below_15m_usd,7734747.42,41
AIRE,AIRE,reAlpha Tech Corp. - Common Stock,avg_dollar_volume_30d_below_15m_usd,152743.73,41
AIRG,AIRG,"Airgain, Inc. - Common Stock",avg_dollar_volume_30d_below_15m_usd,581711.56,41
AIRI,AIRI,Air Industries Group Common Stock,avg_dollar_volume_30d_below_15m_usd,125148.97,41
AIRJ,AIRJ,AirJoule Technologies Corporation - Class A Common Stock,avg_dollar_volume_30d_below_15m_usd,9272408.38,41
AIRO,AIRO,"AIRO Group Holdings, Inc. - Common Stock",avg_dollar_volume_30d_below_15m_usd,5033034.75,41
AIRS,AIRS,"AirSculpt Technologies, Inc. - Common Stock",avg_dollar_volume_30d_below_15m_usd,3015780.6,41
AIRT,AIRT,"Air T, Inc. - Common Stock",avg_dollar_volume_30d_below_15m_usd,63039.77,40
AISP,AISP,"Airship AI Holdings, Inc - Class A Common Stock",avg_dollar_volume_30d_below_15m_usd,2112355.58,41
AIUP,AIUP,FINQ FIRST U.S. Large Cap AI-Managed Equity ETF,avg_dollar_volume_30d_below_15m_usd,39594.61,41
AIV,AIV,Apartment Investment and Management Company Common Stock,avg_dollar_volume_30d_below_15m_usd,4911308.13,41
AIVC,AIVC,Amplify Bloomberg AI Equal Weight ETF,avg_dollar_volume_30d_below_15m_usd,4391113.18,41
AIVI,AIVI,WisdomTree International AI Enhanced Value Fund,avg_dollar_volume_30d_below_15m_usd,100750.29,41
AIVL,AIVL,WisdomTree U.S. AI Enhanced Value Fund,avg_dollar_volume_30d_below_15m_usd,649444.27,41
AIX,AIX,Defiance US 100 Tech AI Moat ETF,avg_dollar_volume_30d_below_15m_usd,60780.65,10
AIXC,AIXC,"AIxCrypto Holdings, Inc. - Common Stock",avg_dollar_volume_30d_below_15m_usd,159145.76,41
AIYY,AIYY,YieldMax AI Option Income Strategy ETF,avg_dollar_volume_30d_below_15m_usd,871823.57,41
AJAN,AJAN,Innovator Equity Defined Protection ETF - 2 Yr to January 2028,avg_dollar_volume_30d_below_15m_usd,63266.09,41
AJUL,AJUL,Innovator Equity Defined Protection ETF - 2 Yr to July 2026,avg_dollar_volume_30d_below_15m_usd,390392.82,41
AKA,AKA,a.k.a. Brands Holding Corp. Common Stock,avg_dollar_volume_30d_below_15m_usd,40598.94,41
AKAF,AKAF,The Frontier Economic Fund,avg_dollar_volume_30d_below_15m_usd,3316.26,41
AKAN,AKAN,Akanda Corp. - Common Shares,avg_dollar_volume_30d_below_15m_usd,4301729.75,41
AKBA,AKBA,"Akebia Therapeutics, Inc. - Common Stock",avg_dollar_volume_30d_below_15m_usd,5955030.53,41
AKO.A,AKO-A,Embotelladora Andina S.A. Common Stock,avg_dollar_volume_30d_below_15m_usd,15749.37,41
AKO.B,AKO-B,Embotelladora Andina S.A. Common Stock,avg_dollar_volume_30d_below_15m_usd,151137.09,41
AKTS,AKTS,"Aktis Oncology, Inc. - Common stock",avg_dollar_volume_30d_below_15m_usd,11817477.23,41
ALAI,ALAI,Alger AI Enablers & Adopters ETF,avg_dollar_volume_30d_below_15m_usd,4696748.01,41
ALBG,ALBG,Leverage Shares 2X Long ALB Daily ETF,avg_dollar_volume_30d_below_15m_usd,269153.72,41
ALBT,ALBT,Avalon GloboCare Corp. - Common Stock,avg_dollar_volume_30d_below_15m_usd,265327.29,41
ALCO,ALCO,"Alico, Inc. - Common Stock",avg_dollar_volume_30d_below_15m_usd,911289.81,41
ALDB,ALDB,Aptus Laddered Deep Buffer ETF,avg_dollar_volume_30d_below_15m_usd,58105.84,39
ALDF,ALDF,Aldel Financial II Inc. - Class A Ordinary Shares,avg_dollar_volume_30d_below_15m_usd,163751.38,41
ALDX,ALDX,"Aldeyra Therapeutics, Inc. - Common Stock",avg_dollar_volume_30d_below_15m_usd,3249102.5,41
ALEC,ALEC,"Alector, Inc. - Common Stock",avg_dollar_volume_30d_below_15m_usd,1599022.58,41
ALGS,ALGS,"Aligos Therapeutics, Inc. - Common stock",avg_dollar_volume_30d_below_15m_usd,1303149.79,41
ALIL,ALIL,Argent Focused Small Cap ETF,avg_dollar_volume_30d_below_15m_usd,58915.64,40
ALLR,ALLR,"Allarity Therapeutics, Inc. - Common stock",avg_dollar_volume_30d_below_15m_usd,267832.23,41
ALLT,ALLT,Allot Ltd. - Ordinary Shares,avg_dollar_volume_30d_below_15m_usd,3383253.61,41
ALMR,ALMR,"Alamar Biosciences, Inc. - Class A common stock",avg_dollar_volume_30d_below_15m_usd,8072784.47,41
ALOT,ALOT,"AstroNova, Inc. - Common Stock",avg_dollar_volume_30d_below_15m_usd,5563899.92,41
ALOV,ALOV,"Aldabra 4 Liquidity Opportunity Vehicle, Inc. - Class A Ordinary Shares",avg_dollar_volume_30d_below_15m_usd,85654.13,41
ALP,ALP,Alpha Compute Corp  - Common Stock,avg_dollar_volume_30d_below_15m_usd,3161461.44,41
ALPS,ALPS,ALPS Group Inc - Ordinary Share,avg_dollar_volume_30d_below_15m_usd,104638.9,41
ALRG,ALRG,Allspring LT Large Core ETF,avg_dollar_volume_30d_below_15m_usd,10926.2,41
ALRS,ALRS,Alerus Financial Corporation - Common Stock,avg_dollar_volume_30d_below_15m_usd,7643988.92,41
ALT,ALT,"Altimmune, Inc. - Common Stock",avg_dollar_volume_30d_below_15m_usd,12036112.7,41
ALTG,ALTG,Alta Equipment Group Inc. Class A Common Stock,avg_dollar_volume_30d_below_15m_usd,1729889.46,41
ALTI,ALTI,"AlTi Global, Inc. - Class A Common Stock",avg_dollar_volume_30d_below_15m_usd,847962.69,41
ALTL,ALTL,Pacer Lunt Large Cap Alternator ETF,avg_dollar_volume_30d_below_15m_usd,297038.1,41
ALTO,ALTO,"Alto Ingredients, Inc. - Common Stock",avg_dollar_volume_30d_below_15m_usd,14327717.15,41
ALTY,ALTY,Global X Alternative Income ETF,avg_dollar_volume_30d_below_15m_usd,151326.95,41
ALVO,ALVO,Alvotech - Ordinary Shares,avg_dollar_volume_30d_below_15m_usd,3686703.59,41
ALX,ALX,"Alexander's, Inc. Common Stock",avg_dollar_volume_30d_below_15m_usd,8774554.05,41
ALXO,ALXO,ALX Oncology Holdings Inc. - Common Stock,avg_dollar_volume_30d_below_15m_usd,3421576.62,41
ALZN,ALZN,"Alzamend Neuro, Inc. - Common Stock",avg_dollar_volume_30d_below_15m_usd,276636.43,41
AMA,AMA,Defiance Daily Target 2X Long AMAT ETF,avg_dollar_volume_30d_below_15m_usd,12670840.97,41
AMAA,AMAA,Corgi AMZN 2x Daily ETF,avg_dollar_volume_30d_below_15m_usd,36052.16,9
AMAL,AMAL,Amalgamated Financial Corp. - Common Stock,avg_dollar_volume_30d_below_15m_usd,6881329.54,41
AMAU,AMAU,Leverage Shares 2X Long AMAT Daily ETF,avg_dollar_volume_30d_below_15m_usd,7464552.84,39
AMAX,AMAX,Adaptive Hedged Multi-Asset Income ETF,avg_dollar_volume_30d_below_15m_usd,351949.67,41
AMBP,AMBP,Ardagh Metal Packaging S.A. Ordinary Shares,avg_dollar_volume_30d_below_15m_usd,8886448.25,41
AMCI,AMCI,AMC Robotics Corporation - Common Stock,avg_dollar_volume_30d_below_15m_usd,533655.27,41
AMCX,AMCX,AMC Global Media Inc. - Class A Common Stock,avg_dollar_volume_30d_below_15m_usd,5155560.62,41
AMDC,AMDC,Corgi AMD 2x Daily ETF,avg_dollar_volume_30d_below_15m_usd,238548.39,9
AMDG,AMDG,Leverage Shares 2X Long AMD Daily ETF,avg_dollar_volume_30d_below_15m_usd,7537736.29,41
AMDW,AMDW,Roundhill AMD WeeklyPay ETF,avg_dollar_volume_30d_below_15m_usd,8265980.79,41
AMEI,AMEI,Amana Equity Income ETF,avg_dollar_volume_30d_below_15m_usd,255935.6,10
AMEM,AMEM,Amana Developing World ETF,avg_dollar_volume_30d_below_15m_usd,264276.3,10
AMGR,AMGR,Amana Growth ETF,avg_dollar_volume_30d_below_15m_usd,347232.74,11
AMHI,AMHI,American Beacon Aberdeen Municipal High Income ETF,avg_dollar_volume_30d_below_15m_usd,502364.61,10
AMID,AMID,Argent Mid Cap ETF,avg_dollar_volume_30d_below_15m_usd,209476.83,40
AMIX,AMIX,"Autonomix Medical, Inc. - Common Stock",avg_dollar_volume_30d_below_15m_usd,105365.01,41
AMKL,AMKL,Defiance Daily Target 2X Long AMKR ETF,avg_dollar_volume_30d_below_15m_usd,5231513.55,41
AMKX,AMKX,Corgi AMKR 2x Daily ETF,avg_dollar_volume_30d_below_15m_usd,80177.22,3
AMOD,AMOD,"Alpha Modus Holdings, Inc. - Class A Common Stock",avg_dollar_volume_30d_below_15m_usd,241624.01,41
AMOM,AMOM,QRAFT AI-Enhanced U.S. Large Cap Momentum ETF,avg_dollar_volume_30d_below_15m_usd,291485.36,41
AMPH,AMPH,"Amphastar Pharmaceuticals, Inc. - Common Stock",avg_dollar_volume_30d_below_15m_usd,11279051.28,41
AMPU,AMPU,Defiance Daily Target 2X Long AMPX ETF,avg_dollar_volume_30d_below_15m_usd,2283987.46,41
AMPY,AMPY,Amplify Energy Corp. Common Stock,avg_dollar_volume_30d_below_15m_usd,3582362.61,41
AMS,AMS,American Shared Hospital Services Common Stock,avg_dollar_volume_30d_below_15m_usd,330442.11,41
AMSF,AMSF,"AMERISAFE, Inc. - Common Stock",avg_dollar_volume_30d_below_15m_usd,8155665.34,41
AMSS,AMSS,AMASS Brands Inc. - Common Stock,avg_dollar_volume_30d_below_15m_usd,4043931.71,34
AMST,AMST,Amesite Inc. - Common Stock,avg_dollar_volume_30d_below_15m_usd,262988.62,41
AMTB,AMTB,Amerant Bancorp Inc. Class A Common Stock,avg_dollar_volume_30d_below_15m_usd,7445821.37,41
AMTX,AMTX,"Aemetis, Inc - Common Stock",avg_dollar_volume_30d_below_15m_usd,2398849.37,41
AMUN,AMUN,abrdn Ultra Short Municipal Income Active ETF,avg_dollar_volume_30d_below_15m_usd,88667.51,41
AMWL,AMWL,American Well Corporation Class A Common Stock,avg_dollar_volume_30d_below_15m_usd,883186.04,41
AMYY,AMYY,GraniteShares YieldBOOST AMD ETF,avg_dollar_volume_30d_below_15m_usd,362875.49,41
AMZA,AMZA,InfraCap MLP ETF,avg_dollar_volume_30d_below_15m_usd,1741026.91,41
AMZE,AMZE,"Amaze Holdings, Inc. Common Stock",avg_dollar_volume_30d_below_15m_usd,1458067.15,41
AMZG,AMZG,Leverage Shares 2X Long AMZN Daily ETF,avg_dollar_volume_30d_below_15m_usd,1749.27,1
AMZO,AMZO,Tradr 2X Short AMZN Daily ETF,avg_dollar_volume_30d_below_15m_usd,199089.17,41
AMZP,AMZP,Kurv Yield Premium Strategy Amazon (AMZN) ETF,avg_dollar_volume_30d_below_15m_usd,440685.25,41
AMZW,AMZW,Roundhill AMZN WeeklyPay ETF,avg_dollar_volume_30d_below_15m_usd,681249.63,41
AMZY,AMZY,YieldMax AMZN Option Income Strategy ETF,avg_dollar_volume_30d_below_15m_usd,4651188.01,41
AMZZ,AMZZ,GraniteShares 2x Long AMZN Daily ETF,avg_dollar_volume_30d_below_15m_usd,5535802.49,41
ANDG,ANDG,Andersen Group Inc. Class A Common Stock,avg_dollar_volume_30d_below_15m_usd,13929271.72,41
ANEL,ANEL,Defiance Daily Target 2x Long ANET ETF,avg_dollar_volume_30d_below_15m_usd,4409103.46,41
ANEW,ANEW,ProShares MSCI Transformational Changes ETF,avg_dollar_volume_30d_below_15m_usd,11911.85,41
ANGH,ANGH,Anghami Inc. - Ordinary Shares,avg_dollar_volume_30d_below_15m_usd,151643.98,40
ANGI,ANGI,Angi Inc. - Class A Common Stock,avg_dollar_volume_30d_below_15m_usd,6251890.08,41
ANGO,ANGO,"AngioDynamics, Inc. - Common Stock",avg_dollar_volume_30d_below_15m_usd,4496381.07,41
ANGX,ANGX,"Angel Studios, Inc. Class A Common Stock",avg_dollar_volume_30d_below_15m_usd,3726278.09,41
ANIK,ANIK,Anika Therapeutics Inc. - Common Stock,avg_dollar_volume_30d_below_15m_usd,1104393.49,41
ANIX,ANIX,"Anixa Biosciences, Inc. - Common Stock",avg_dollar_volume_30d_below_15m_usd,668564.75,41
ANNA,ANNA,"AleAnna, Inc. - Class A Common Stock",avg_dollar_volume_30d_below_15m_usd,1092068.22,41
ANPA,ANPA,Rich Sparkle Holdings Limited - Ordinary Shares,avg_dollar_volume_30d_below_15m_usd,37352.94,41
ANRO,ANRO,"Alto Neuroscience, Inc. Common Stock",avg_dollar_volume_30d_below_15m_usd,12689557.22,41
ANTA,ANTA,Antalpha Platform Holding Company - Class A Ordinary Shares,avg_dollar_volume_30d_below_15m_usd,20521.64,40
ANTX,ANTX,"AN2 Therapeutics, Inc. - Common Stock",avg_dollar_volume_30d_below_15m_usd,1696568.64,41
ANV,ANV,GraniteShares Autocallable NVDA ETF,avg_dollar_volume_30d_below_15m_usd,68630.31,41
ANVS,ANVS,"Annovis Bio, Inc. Common Stock",avg_dollar_volume_30d_below_15m_usd,1909983.52,41
AOA,AOA,iShares Core 80/20 Aggressive Allocation ETF,avg_dollar_volume_30d_below_15m_usd,10451201.19,41
AOCT,AOCT,Innovator Equity Defined Protection ETF - 2 Yr to October 2026,avg_dollar_volume_30d_below_15m_usd,94854.39,41
AOHY,AOHY,Angel Oak High Yield Opportunities ETF,avg_dollar_volume_30d_below_15m_usd,449554.48,41
AOK,AOK,iShares Core 30/70 Conservative Allocation ETF,avg_dollar_volume_30d_below_15m_usd,7824513.88,41
AOM,AOM,iShares Core 40/60 Moderate Allocation ETF,avg_dollar_volume_30d_below_15m_usd,8587617.01,41
AOMR,AOMR,"Angel Oak Mortgage REIT, Inc. Common Stock",avg_dollar_volume_30d_below_15m_usd,1427024.09,41
AOTG,AOTG,AOT Growth and Innovation ETF,avg_dollar_volume_30d_below_15m_usd,304654.91,40
AOTS,AOTS,AOT Software Platform ETF,avg_dollar_volume_30d_below_15m_usd,32232.43,40
AOUT,AOUT,"American Outdoor Brands, Inc. - Common Stock",avg_dollar_volume_30d_below_15m_usd,1634179.77,41
AP,AP,Ampco-Pittsburgh Corporation Common Stock,avg_dollar_volume_30d_below_15m_usd,2232221.48,41
APC,APC,ARKO Petroleum Corp. - Class A Common Stock,avg_dollar_volume_30d_below_15m_usd,3804657.29,40
APCB,APCB,ActivePassive Core Bond ETF,avg_dollar_volume_30d_below_15m_usd,3975171.2,41
APDB,APDB,Aptus April Deep Buffer ETF,avg_dollar_volume_30d_below_15m_usd,20693.0,41
APEI,APEI,"American Public Education, Inc. - Common Stock",avg_dollar_volume_30d_below_15m_usd,13613083.13,41
APHG,APHG,Leverage Shares 2X Long APH Daily ETF,avg_dollar_volume_30d_below_15m_usd,152917.69,16
APHU,APHU,T-REX 2X Long APH Daily Target ETF,avg_dollar_volume_30d_below_15m_usd,601138.82,41
APIE,APIE,ActivePassive International Equity ETF,avg_dollar_volume_30d_below_15m_usd,3791479.66,41
APLM,APLM,Apollomics Inc. - Class A Ordinary Shares,avg_dollar_volume_30d_below_15m_usd,274012.82,41
APLU,APLU,Allspring Core Plus ETF,avg_dollar_volume_30d_below_15m_usd,990449.9,41
APLY,APLY,YieldMax AAPL Option Income Strategy ETF,avg_dollar_volume_30d_below_15m_usd,1446129.28,41
APLZ,APLZ,Tradr 2X Short APLD Daily ETF,avg_dollar_volume_30d_below_15m_usd,4411291.25,41
APM,APM,Aptorum Group Limited - Class A Ordinary Shares,avg_dollar_volume_30d_below_15m_usd,265667.21,41
APMI,APMI,Corgi AMAT 2x Daily ETF,avg_dollar_volume_30d_below_15m_usd,4525.73,1
APMU,APMU,ActivePassive Intermediate Municipal Bond ETF,avg_dollar_volume_30d_below_15m_usd,909410.44,41
APOC,APOC,Innovator Equity Defined Protection ETF - 6mo Apr/Oct,avg_dollar_volume_30d_below_15m_usd,506696.49,41
APOG,APOG,"Apogee Enterprises, Inc. - Common Stock",avg_dollar_volume_30d_below_15m_usd,13506080.24,41
APPC,APPC,Corgi APP 2x Daily ETF,avg_dollar_volume_30d_below_15m_usd,40326.15,9
APRB,APRB,Aptus April Buffer ETF,avg_dollar_volume_30d_below_15m_usd,47970.74,41
APRE,APRE,"Aprea Therapeutics, Inc. - Common Stock",avg_dollar_volume_30d_below_15m_usd,83163.34,41
APRH,APRH,Innovator Premium Income 20 Barrier ETF - April,avg_dollar_volume_30d_below_15m_usd,104570.76,41
APRJ,APRJ,Innovator Premium Income 30 Barrier ETF - April,avg_dollar_volume_30d_below_15m_usd,121148.15,41
APRP,APRP,PGIM S&P 500 Buffer 12 ETF - April,avg_dollar_volume_30d_below_15m_usd,94239.76,41
APRT,APRT,AllianzIM U.S. Large Cap Buffer10 Apr ETF,avg_dollar_volume_30d_below_15m_usd,444558.98,41
APRW,APRW,AllianzIM U.S. Large Cap Buffer20 Apr ETF,avg_dollar_volume_30d_below_15m_usd,558117.98,41
APRZ,APRZ,TrueShares Structured Outcome (April) ETF,avg_dollar_volume_30d_below_15m_usd,84801.43,41
APT,APT,"Alpha Pro Tech, Ltd. Common Stock",avg_dollar_volume_30d_below_15m_usd,362080.91,41
APUE,APUE,ActivePassive U.S. Equity ETF,avg_dollar_volume_30d_below_15m_usd,8403541.43,41
APUR,APUR,Aperture AC - Class A Ordinary Shares,avg_dollar_volume_30d_below_15m_usd,1401256.16,32
APUS,APUS,"Apimeds Pharmaceuticals US, Inc. Common Stock",avg_dollar_volume_30d_below_15m_usd,102999.3,41
APVO,APVO,Aptevo Therapeutics Inc. - Common Stock,avg_dollar_volume_30d_below_15m_usd,329240.34,41
APWC,APWC,"Asia Pacific Wire & Cable Corporation Limited  - Common shares, Par value .01 per share",avg_dollar_volume_30d_below_15m_usd,3308131.26,41
APXM,APXM,FT Vest U.S. Equity Max Buffer ETF - April,avg_dollar_volume_30d_below_15m_usd,27022.81,41
APXT,APXT,Apex Treasury Corporation - Class A Ordinary Share,avg_dollar_volume_30d_below_15m_usd,1206430.14,41
APYX,APYX,Apyx Medical Corporation - Common Stock,avg_dollar_volume_30d_below_15m_usd,636803.42,41
AQB,AQB,"AquaBounty Technologies, Inc. - Common Stock",avg_dollar_volume_30d_below_15m_usd,53601.28,41
AQEC,AQEC,AQE Core ETF,avg_dollar_volume_30d_below_15m_usd,545310.57,41
AQLG,AQLG,HCM Large Cap Growth ETF,avg_dollar_volume_30d_below_15m_usd,4797.19,21
AQLT,AQLT,iShares MSCI Global Quality Factor ETF,avg_dollar_volume_30d_below_15m_usd,1552945.3,41
AQMS,AQMS,"Aqua Metals, Inc. - Common Stock",avg_dollar_volume_30d_below_15m_usd,443455.4,41
AQST,AQST,"Aquestive Therapeutics, Inc. - Common Stock",avg_dollar_volume_30d_below_15m_usd,8508232.51,41
AQWA,AQWA,Global X Clean Water ETF,avg_dollar_volume_30d_below_15m_usd,162320.14,41
ARAI,ARAI,Arrive AI Inc. - Common Stock,avg_dollar_volume_30d_below_15m_usd,465880.99,41
ARAY,ARAY,Accuray Incorporated - Common Stock,avg_dollar_volume_30d_below_15m_usd,899039.69,41
ARB,ARB,AltShares Merger Arbitrage ETF,avg_dollar_volume_30d_below_15m_usd,469112.16,41
ARBB,ARBB,ARB IOT Group Limited - Ordinary Shares,avg_dollar_volume_30d_below_15m_usd,36022.15,41
ARBE,ARBE,Arbe Robotics Ltd. - Ordinary Shares,avg_dollar_volume_30d_below_15m_usd,3416350.6,41
ARCI,ARCI,Archimedes Tech SPAC Partners III Co. - Ordinary Share,avg_dollar_volume_30d_below_15m_usd,122578.92,41
ARCM,ARCM,Arrow Reserve Capital Management ETF,avg_dollar_volume_30d_below_15m_usd,57467.35,40
ARCO,ARCO,Arcos Dorados Holdings Inc. Class A Shares,avg_dollar_volume_30d_below_15m_usd,11459193.92,41
ARCT,ARCT,Arcturus Therapeutics Holdings Inc. - Common Stock,avg_dollar_volume_30d_below_15m_usd,3336044.93,41
ARCX,ARCX,Tradr 2X Long ACHR Daily ETF,avg_dollar_volume_30d_below_15m_usd,975549.4,41
ARDT,ARDT,"Ardent Health, Inc. Common Stock",avg_dollar_volume_30d_below_15m_usd,5840787.64,41
AREC,AREC,American Resources Corporation - Class A Common Stock,avg_dollar_volume_30d_below_15m_usd,7244481.49,41
AREN,AREN,"The Arena Group Holdings, Inc. Common Stock",avg_dollar_volume_30d_below_15m_usd,178028.6,41
ARHS,ARHS,"Arhaus, Inc. - Class A Common Stock",avg_dollar_volume_30d_below_15m_usd,9294570.35,41
ARKD,ARKD,ARK DIET Q1 Buffer ETF,avg_dollar_volume_30d_below_15m_usd,3122.09,41
ARKE,ARKE,ARK DIET Q3 Buffer ETF,avg_dollar_volume_30d_below_15m_usd,99666.95,6
ARKF,ARKF,ARK Blockchain & Fintech Innovation ETF,avg_dollar_volume_30d_below_15m_usd,7689850.28,41
ARKI,ARKI,ARK DIET Q2 Buffer ETF,avg_dollar_volume_30d_below_15m_usd,5069.83,41
ARKO,ARKO,ARKO Corp. - Common Stock,avg_dollar_volume_30d_below_15m_usd,7135071.79,41
ARKR,ARKR,Ark Restaurants Corp. - Common Stock,avg_dollar_volume_30d_below_15m_usd,16813.77,40
ARKT,ARKT,ARK DIET Q4 Buffer ETF,avg_dollar_volume_30d_below_15m_usd,8732.89,41
ARKW,ARKW,ARK Next Generation Internet ETF,avg_dollar_volume_30d_below_15m_usd,12454906.14,41
ARL,ARL,"American Realty Investors, Inc. Common Stock",avg_dollar_volume_30d_below_15m_usd,285622.57,41
ARLI,ARLI,AllianzIM International Equity Buffer15 Uncapped Apr ETF,avg_dollar_volume_30d_below_15m_usd,28464.75,41
ARLU,ARLU,AllianzIM U.S. Equity Buffer15 Uncapped Apr ETF,avg_dollar_volume_30d_below_15m_usd,96246.81,41
ARMA,ARMA,Corgi ARM 2x Daily ETF,avg_dollar_volume_30d_below_15m_usd,70074.91,7
ARMH,ARMH,Arm Holdings PLC ADRhedged,avg_dollar_volume_30d_below_15m_usd,931759.26,41
ARMP,ARMP,"Armata Pharmaceuticals, Inc. Common Stock",avg_dollar_volume_30d_below_15m_usd,1062613.37,41
ARMW,ARMW,Roundhill ARM WeeklyPay ETF,avg_dollar_volume_30d_below_15m_usd,5396993.09,41
ARMY,ARMY,Tema International Defense ETF,avg_dollar_volume_30d_below_15m_usd,62082.92,41
AROW,AROW,Arrow Financial Corporation - Common Stock,avg_dollar_volume_30d_below_15m_usd,3874403.93,41
ARP,ARP,PMV Adaptive Risk Parity ETF,avg_dollar_volume_30d_below_15m_usd,210156.26,41
ARQ,ARQ,"Arq, Inc. - Common Stock",avg_dollar_volume_30d_below_15m_usd,1051948.06,41
ARTL,ARTL,"Artelo Biosciences, Inc. - Common Stock",avg_dollar_volume_30d_below_15m_usd,492351.08,41
ARTNA,ARTNA,Artesian Resources Corporation - Class A Non-Voting Common Stock,avg_dollar_volume_30d_below_15m_usd,1134732.8,41
ARTV,ARTV,"Artiva Biotherapeutics, Inc. - Common Stock",avg_dollar_volume_30d_below_15m_usd,5438547.31,41
ARTW,ARTW,"Art's-Way Manufacturing Co., Inc. - Common Stock",avg_dollar_volume_30d_below_15m_usd,40148.92,41
ARVN,ARVN,"Arvinas, Inc. - Common Stock",avg_dollar_volume_30d_below_15m_usd,6260744.27,41
ARVR,ARVR,First Trust Indxx Metaverse ETF,avg_dollar_volume_30d_below_15m_usd,43160.67,40
ARWG,ARWG,Archer Growth ETF,avg_dollar_volume_30d_below_15m_usd,30636.82,41
ASBP,ASBP,"Aspire Biopharma Holdings, Inc.  - Common Stock",avg_dollar_volume_30d_below_15m_usd,2934588.3,41
ASC,ASC,Ardmore Shipping Corporation Common Stock,avg_dollar_volume_30d_below_15m_usd,10386893.85,41
ASCE,ASCE,Allspring SMID Core ETF,avg_dollar_volume_30d_below_15m_usd,1824253.01,41
ASCI,ASCI,abrdn International Small Cap Active ETF,avg_dollar_volume_30d_below_15m_usd,79800.37,40
ASD,ASD,Defiance Autism Impact ETF,avg_dollar_volume_30d_below_15m_usd,20115.2,25
ASEA,ASEA,Global X FTSE Southeast Asia ETF,avg_dollar_volume_30d_below_15m_usd,595651.59,41
ASEC,ASEC,American Century Securitized Credit ETF,avg_dollar_volume_30d_below_15m_usd,683141.24,28
ASGM,ASGM,Virtus AlphaSimplex Global Macro ETF,avg_dollar_volume_30d_below_15m_usd,35450.99,41
ASHS,ASHS,Xtrackers Harvest CSI 500 China A-Shares Small Cap ETF,avg_dollar_volume_30d_below_15m_usd,533229.06,41
ASIA,ASIA,Matthews Pacific Tiger Active ETF,avg_dollar_volume_30d_below_15m_usd,230906.34,41
ASIC,ASIC,Ategrity Specialty Insurance Company Holdings Common Stock,avg_dollar_volume_30d_below_15m_usd,1627241.45,41
ASIX,ASIX,AdvanSix Inc. Common Stock ,avg_dollar_volume_30d_below_15m_usd,4757180.21,41
ASLE,ASLE,AerSale Corporation - Common Stock,avg_dollar_volume_30d_below_15m_usd,2867288.06,41
ASLV,ASLV,Allspring Special Large Value ETF,avg_dollar_volume_30d_below_15m_usd,162306.94,41
ASMB,ASMB,"Assembly Biosciences, Inc. - Common Stock",avg_dollar_volume_30d_below_15m_usd,6197971.69,41
ASMF,ASMF,Virtus AlphaSimplex Managed Futures ETF,avg_dollar_volume_30d_below_15m_usd,58456.58,41
ASMG,ASMG,Leverage Shares 2X Long ASML Daily ETF,avg_dollar_volume_30d_below_15m_usd,6771520.35,41
ASMH,ASMH,ASML Holding NV ADRhedged,avg_dollar_volume_30d_below_15m_usd,425475.16,41
ASMU,ASMU,Direxion Daily ASML Bull 2X ETF,avg_dollar_volume_30d_below_15m_usd,4388267.07,41
ASMZ,ASMZ,Corgi ASML 2x Daily ETF,avg_dollar_volume_30d_below_15m_usd,42627.29,7
ASPN,ASPN,"Aspen Aerogels, Inc. Common Stock",avg_dollar_volume_30d_below_15m_usd,8815797.52,41
ASPS,ASPS,Altisource Portfolio Solutions S.A. - Common Stock,avg_dollar_volume_30d_below_15m_usd,96938.01,41
ASRV,ASRV,AmeriServ Financial Inc. - Common Stock,avg_dollar_volume_30d_below_15m_usd,41369.74,41
ASTE,ASTE,"Astec Industries, Inc. - Common Stock",avg_dollar_volume_30d_below_15m_usd,11181815.37,41
ASTG,ASTG,Leverage Shares 2X Long ASTS Daily ETF,avg_dollar_volume_30d_below_15m_usd,76760.41,12
ASTL,ASTL,Algoma Steel Group Inc. - Common Shares,avg_dollar_volume_30d_below_15m_usd,4767765.56,41
ASTT,ASTT,Corgi ASTS 2x Daily ETF,avg_dollar_volume_30d_below_15m_usd,72653.31,9
ASTY,ASTY,Defiance Daily Target 2X Long ASTS ETF,avg_dollar_volume_30d_below_15m_usd,3956511.84,33
ASUP,ASUP,T-REX 2X Long ASTS Daily Target ETF,avg_dollar_volume_30d_below_15m_usd,545362.76,33
ASUR,ASUR,Asure Software Inc - Common Stock,avg_dollar_volume_30d_below_15m_usd,1069209.43,41
ASYS,ASYS,"Amtech Systems, Inc. - Common Stock",avg_dollar_volume_30d_below_15m_usd,10846133.81,41
ATC,ATC,GraniteShares Autocallable COIN ETF,avg_dollar_volume_30d_below_15m_usd,21292.17,38
ATCH,ATCH,"AtlasClear Holdings, Inc. Common Stock",avg_dollar_volume_30d_below_15m_usd,315955.04,41
ATCL,ATCL,REX Autocallable Income ETF,avg_dollar_volume_30d_below_15m_usd,919145.27,41
ATCX,ATCX,Atlas Critical Minerals Corporation - Common Stock,avg_dollar_volume_30d_below_15m_usd,64536.67,41
ATER,ATER,"Aterian, Inc. - Common Stock",avg_dollar_volume_30d_below_15m_usd,230110.63,41
ATFV,ATFV,Alger 35 ETF,avg_dollar_volume_30d_below_15m_usd,3201919.45,41
ATGL,ATGL,Alpha Technology Group Limited - Class A Ordinary Shares,avg_dollar_volume_30d_below_15m_usd,32633.56,40
ATHR,ATHR,"Aether Holdings, Inc. - Common Stock",avg_dollar_volume_30d_below_15m_usd,75181.63,40
ATII,ATII,Archimedes Tech SPAC Partners II Co. - Ordinary Shares,avg_dollar_volume_30d_below_15m_usd,2769149.59,41
ATLO,ATLO,Ames National Corporation - Common Stock,avg_dollar_volume_30d_below_15m_usd,2760233.22,41
ATLX,ATLX,Atlas Lithium Corporation - Common Stock,avg_dollar_volume_30d_below_15m_usd,2151107.82,41
ATNI,ATNI,"ATN International, Inc. - Common Stock",avg_dollar_volume_30d_below_15m_usd,2058026.31,41
ATNM,ATNM,"Actinium Pharmaceuticals, Inc. (Delaware) Common Stock",avg_dollar_volume_30d_below_15m_usd,145422.52,41
ATOM,ATOM,Atomera Incorporated - Common Stock,avg_dollar_volume_30d_below_15m_usd,9672538.71,41
ATOS,ATOS,"Atossa Therapeutics, Inc. - Common Stock",avg_dollar_volume_30d_below_15m_usd,600942.05,41
ATRA,ATRA,"Atara Biotherapeutics, Inc. - Common Stock",avg_dollar_volume_30d_below_15m_usd,900052.35,41
ATS,ATS,ATS Corporation Common Shares,avg_dollar_volume_30d_below_15m_usd,6009847.36,41
ATTR,ATTR,Arin Tactical Tail Risk ETF,avg_dollar_volume_30d_below_15m_usd,123339.0,41
ATXG,ATXG,Addentax Group Corp. - Common Stock,avg_dollar_volume_30d_below_15m_usd,47917.67,41
ATYR,ATYR,"aTyr Pharma, Inc. - Common Stock",avg_dollar_volume_30d_below_15m_usd,1348155.27,41
AUAU,AUAU,Global X Gold Miners ETF,avg_dollar_volume_30d_below_15m_usd,78473.42,40
AUBN,AUBN,"Auburn National Bancorporation, Inc. - Common Stock",avg_dollar_volume_30d_below_15m_usd,65795.9,40
AUC,AUC,ATIF Holdings Limited - Ordinary Shares,avg_dollar_volume_30d_below_15m_usd,52587.53,40
AUDC,AUDC,AudioCodes Ltd. - Ordinary Shares,avg_dollar_volume_30d_below_15m_usd,1143853.7,41
AUGM,AUGM,FT Vest U.S. Equity Max Buffer ETF - August,avg_dollar_volume_30d_below_15m_usd,47235.24,41
AUGP,AUGP,PGIM S&P 500 Buffer 12 ETF - August,avg_dollar_volume_30d_below_15m_usd,83023.39,41
AUGT,AUGT,AllianzIM U.S. Large Cap Buffer10 Aug ETF,avg_dollar_volume_30d_below_15m_usd,77200.4,41
AUGU,AUGU,AllianzIM U.S. Equity Buffer15 Uncapped Aug ETF,avg_dollar_volume_30d_below_15m_usd,207935.9,41
AUGW,AUGW,AllianzIM U.S. Large Cap Buffer20 Aug ETF,avg_dollar_volume_30d_below_15m_usd,182165.62,41
AUGZ,AUGZ,TrueShares Structured Outcome (August) ETF,avg_dollar_volume_30d_below_15m_usd,437230.67,41
AUID,AUID,authID Inc. - Common Stock,avg_dollar_volume_30d_below_15m_usd,653863.2,41
AUMI,AUMI,Themes Gold Miners ETF,avg_dollar_volume_30d_below_15m_usd,415310.01,41
AUNA,AUNA,Auna SA Class A Ordinary Shares,avg_dollar_volume_30d_below_15m_usd,1473447.2,41
AURA,AURA,"Aura Biosciences, Inc. - Common Stock",avg_dollar_volume_30d_below_15m_usd,4301197.19,41
AURE,AURE,Aurelion Inc.  - Class A Ordinary Shares,avg_dollar_volume_30d_below_15m_usd,76800.6,40
AUSF,AUSF,Global X Adaptive U.S. Factor ETF,avg_dollar_volume_30d_below_15m_usd,2968902.92,41
AUSM,AUSM,Allspring Ultra Short Municipal ETF,avg_dollar_volume_30d_below_15m_usd,105605.2,41
AUST,AUST,Austin Gold Corp. Common Shares,avg_dollar_volume_30d_below_15m_usd,135306.99,41
AUUD,AUUD,Auddia Inc. - Common Stock,avg_dollar_volume_30d_below_15m_usd,1475694.44,41
AV,AV,Corgi Aerospace & Commercial Aviation ETF,avg_dollar_volume_30d_below_15m_usd,25196.99,41
AVAT,AVAT,Avalanche Treasury Corporation - Class A Common Stock,avg_dollar_volume_30d_below_15m_usd,1119524.4,41
AVAZ,AVAZ,2x Avalanche ETF,avg_dollar_volume_30d_below_15m_usd,13211.96,37
AVBC,AVBC,"Avidia Bancorp, Inc. Common Stock",avg_dollar_volume_30d_below_15m_usd,3063174.2,41
AVBH,AVBH,"Avidbank Holdings, Inc. - Common Stock",avg_dollar_volume_30d_below_15m_usd,4720060.7,41
AVD,AVD,American Vanguard Corporation Common Stock ($0.10 Par Value),avg_dollar_volume_30d_below_15m_usd,1321160.39,41
AVDS,AVDS,Avantis International Small Cap Equity ETF,avg_dollar_volume_30d_below_15m_usd,2435270.8,41
AVEE,AVEE,Avantis Emerging Markets Small Cap Equity ETF,avg_dollar_volume_30d_below_15m_usd,916157.24,41
AVES,AVES,Avantis Emerging Markets Value ETF,avg_dollar_volume_30d_below_15m_usd,6102170.22,41
AVGB,AVGB,Avantis Credit ETF,avg_dollar_volume_30d_below_15m_usd,57105.85,41
AVGC,AVGC,Corgi AVGO 2x Daily ETF,avg_dollar_volume_30d_below_15m_usd,54504.0,7
AVGE,AVGE,Avantis All Equity Markets ETF,avg_dollar_volume_30d_below_15m_usd,7213637.55,41
AVGU,AVGU,GraniteShares 2x Long AVGO Daily ETF,avg_dollar_volume_30d_below_15m_usd,9544533.38,41
AVGV,AVGV,Avantis All Equity Markets Value ETF,avg_dollar_volume_30d_below_15m_usd,4109211.67,41
AVGW,AVGW,Roundhill AVGO WeeklyPay ETF,avg_dollar_volume_30d_below_15m_usd,1650123.9,41
AVIE,AVIE,Avantis Inflation Focused Equity ETF,avg_dollar_volume_30d_below_15m_usd,92071.75,41
AVIR,AVIR,"Atea Pharmaceuticals, Inc. - common stock",avg_dollar_volume_30d_below_15m_usd,1533519.37,41
AVIV,AVIV,Avantis International Large Cap Value ETF,avg_dollar_volume_30d_below_15m_usd,6591170.35,41
AVLC,AVLC,Avantis U.S. Large Cap Equity ETF,avg_dollar_volume_30d_below_15m_usd,7600387.74,41
AVLN,AVLN,Avalyn Pharma Inc. - common stock,avg_dollar_volume_30d_below_15m_usd,13220333.31,41
AVMA,AVMA,Avantis Moderate Allocation ETF,avg_dollar_volume_30d_below_15m_usd,712453.01,41
AVMC,AVMC,Avantis U.S. Mid Cap Equity ETF,avg_dollar_volume_30d_below_15m_usd,2319929.78,41
AVMU,AVMU,Avantis Core Municipal Fixed Income ETF,avg_dollar_volume_30d_below_15m_usd,512516.65,41
AVMV,AVMV,Avantis U.S. Mid Cap Value ETF,avg_dollar_volume_30d_below_15m_usd,3083330.42,41
AVNM,AVNM,Avantis All International Markets Equity ETF,avg_dollar_volume_30d_below_15m_usd,4830626.92,41
AVNV,AVNV,Avantis All International Markets Value ETF,avg_dollar_volume_30d_below_15m_usd,707743.39,41
AVNW,AVNW,"Aviat Networks, Inc. - Common Stock",avg_dollar_volume_30d_below_15m_usd,3074501.27,41
AVOS,AVOS,Avos Global Equities ETF,avg_dollar_volume_30d_below_15m_usd,75826.97,40
AVR,AVR,Anteris Technologies Global Corp. - Common Stock,avg_dollar_volume_30d_below_15m_usd,13802072.22,41
AVRE,AVRE,Avantis Real Estate ETF,avg_dollar_volume_30d_below_15m_usd,3032753.14,41
AVRY,AVRY,Avory Foundational ETF,avg_dollar_volume_30d_below_15m_usd,296367.65,41
AVSC,AVSC,Avantis U.S Small Cap Equity ETF,avg_dollar_volume_30d_below_15m_usd,9530261.29,41
AVSD,AVSD,Avantis Responsible International Equity ETF,avg_dollar_volume_30d_below_15m_usd,835693.1,41
AVSE,AVSE,Avantis Responsible Emerging Markets Equity ETF,avg_dollar_volume_30d_below_15m_usd,1252605.6,41
AVSF,AVSF,Avantis Short-Term Fixed Income ETF,avg_dollar_volume_30d_below_15m_usd,2263048.09,41
AVSU,AVSU,Avantis Responsible U.S. Equity ETF,avg_dollar_volume_30d_below_15m_usd,798620.23,41
AVTM,AVTM,Avantis Total Equity Markets ETF,avg_dollar_volume_30d_below_15m_usd,121092.89,41
AVUQ,AVUQ,Avantis U.S. Quality ETF,avg_dollar_volume_30d_below_15m_usd,1667237.7,41
AVX,AVX,Avax One Technology Ltd. - Common Shares,avg_dollar_volume_30d_below_15m_usd,175382.45,41
AVXC,AVXC,Avantis Emerging Markets ex-China Equity ETF,avg_dollar_volume_30d_below_15m_usd,3475446.66,41
AVXL,AVXL,Anavex Life Sciences Corp. - Common Stock,avg_dollar_volume_30d_below_15m_usd,3772098.22,41
AVXX,AVXX,Defiance Daily Target 2x Long AVAV ETF,avg_dollar_volume_30d_below_15m_usd,6470044.25,41
AWAY,AWAY,Amplify Travel Tech ETF,avg_dollar_volume_30d_below_15m_usd,162932.94,41
AWRE,AWRE,"Aware, Inc. - Common Stock",avg_dollar_volume_30d_below_15m_usd,56679.94,41
AWX,AWX,Avalon Holdings Corporation Common Stock,avg_dollar_volume_30d_below_15m_usd,12470.48,41
AXG,AXG,Solowin Holdings - Class A Ordinary Share,avg_dollar_volume_30d_below_15m_usd,524007.8,41
AXIL,AXIL,"AXIL Brands, Inc. Common Stock",avg_dollar_volume_30d_below_15m_usd,105818.32,41
AXPG,AXPG,Leverage Shares 2x Long AXP Daily ETF,avg_dollar_volume_30d_below_15m_usd,143508.17,41
AXR,AXR,AMREP Corporation Common Stock,avg_dollar_volume_30d_below_15m_usd,185162.99,41
AXTC,AXTC,Corgi AXTI 2x Daily ETF,avg_dollar_volume_30d_below_15m_usd,2559.45,1
AXTL,AXTL,Leverage Shares 2X Long AXTI Daily ETF,avg_dollar_volume_30d_below_15m_usd,456298.33,16
AXTU,AXTU,T-REX 2X Long AXTI Daily Target ETF,avg_dollar_volume_30d_below_15m_usd,5085713.47,41
AYA,AYA,Aya Gold & Silver Inc. - Common Shares,avg_dollar_volume_30d_below_15m_usd,9079624.99,41
AYTU,AYTU,"Aytu BioPharma, Inc.  - Common Stock",avg_dollar_volume_30d_below_15m_usd,62747.23,41
AZ,AZ,A2Z Cust2Mate Solutions Corp. - Common Shares,avg_dollar_volume_30d_below_15m_usd,1922583.3,41
AZTD,AZTD,Aztlan Global Stock Selection DM SMID ETF,avg_dollar_volume_30d_below_15m_usd,7599.12,41
AZTR,AZTR,Azitra Inc Common Stock,avg_dollar_volume_30d_below_15m_usd,4659595.52,41
AZYY,AZYY,GraniteShares YieldBoost AMZN ETF,avg_dollar_volume_30d_below_15m_usd,44590.4,41
BAB,BAB,Invesco Taxable Municipal Bond ETF,avg_dollar_volume_30d_below_15m_usd,5143635.13,41
BABO,BABO,YieldMax BABA Option Income Strategy ETF,avg_dollar_volume_30d_below_15m_usd,370554.13,41
BABU,BABU,Direxion Daily BABA Bull 2X ETF,avg_dollar_volume_30d_below_15m_usd,1193330.59,41
BABW,BABW,Roundhill BABA WeeklyPay ETF,avg_dollar_volume_30d_below_15m_usd,49531.09,41
BAER,BAER,"Bridger Aerospace Group Holdings, Inc. - Common Stock",avg_dollar_volume_30d_below_15m_usd,1284649.07,41
BAFE,BAFE,Brown Advisory Flexible Equity ETF,avg_dollar_volume_30d_below_15m_usd,2258813.82,41
BAFN,BAFN,BayFirst Financial Corp. - Common Stock,avg_dollar_volume_30d_below_15m_usd,105630.57,41
BAGY,BAGY,Amplify Bitcoin Max Income Covered Call ETF,avg_dollar_volume_30d_below_15m_usd,175767.83,41
BAIG,BAIG,Leverage Shares 2X Long BBAI Daily ETF,avg_dollar_volume_30d_below_15m_usd,1958947.79,41
BAIV,BAIV,Brown Advisory International Value Select ETF,avg_dollar_volume_30d_below_15m_usd,596652.85,41
BALI,BALI,iShares U.S. Large Cap Premium Income Active ETF,avg_dollar_volume_30d_below_15m_usd,9976021.45,41
BALQ,BALQ,iShares Nasdaq Premium Income Active ETF,avg_dollar_volume_30d_below_15m_usd,158339.65,41
BALY,BALY,Bally's Corporation Common Stock,avg_dollar_volume_30d_below_15m_usd,911872.14,41
BAMA,BAMA,Brookstone Active ETF,avg_dollar_volume_30d_below_15m_usd,200228.01,41
BAMB,BAMB,Brookstone Intermediate Bond ETF,avg_dollar_volume_30d_below_15m_usd,210477.02,41
BAMD,BAMD,Brookstone Dividend Stock ETF,avg_dollar_volume_30d_below_15m_usd,439793.8,41
BAMG,BAMG,Brookstone Growth Stock ETF,avg_dollar_volume_30d_below_15m_usd,584564.18,41
BAMO,BAMO,Brookstone Opportunities ETF,avg_dollar_volume_30d_below_15m_usd,181203.43,41
BAMU,BAMU,Brookstone Ultra-Short Bond ETF,avg_dollar_volume_30d_below_15m_usd,243052.83,41
BAMV,BAMV,Brookstone Value Stock ETF,avg_dollar_volume_30d_below_15m_usd,551918.12,41
BAMY,BAMY,Brookstone Yield ETF,avg_dollar_volume_30d_below_15m_usd,190577.53,41
BANL,BANL,CBL International Limited - Class B Ordinary Shares,avg_dollar_volume_30d_below_15m_usd,86929.11,41
BAOS,BAOS,Baosheng Media Group Holdings Limited - Ordinary shares,avg_dollar_volume_30d_below_15m_usd,360641.35,41
BAPR,BAPR,Innovator U.S. Equity Buffer ETF - April,avg_dollar_volume_30d_below_15m_usd,440739.62,41
BARK,BARK,"BARK, Inc. Class A Common Stock",avg_dollar_volume_30d_below_15m_usd,1068849.85,41
BASG,BASG,Brown Advisory Sustainable Growth ETF,avg_dollar_volume_30d_below_15m_usd,323098.61,41
BASV,BASV,Brown Advisory Sustainable Value ETF,avg_dollar_volume_30d_below_15m_usd,623851.37,41
BATRA,BATRA,"Atlanta Braves Holdings, Inc. - Series A Common Stock",avg_dollar_volume_30d_below_15m_usd,3178987.87,40
BATT,BATT,Amplify Lithium & Battery Technology ETF,avg_dollar_volume_30d_below_15m_usd,1192050.08,41
BAUG,BAUG,Innovator U.S. Equity Buffer ETF - August,avg_dollar_volume_30d_below_15m_usd,225095.82,41
BAVA,BAVA,Common Shares of Beneficial Interest of Bitwise Avalanche ETF,avg_dollar_volume_30d_below_15m_usd,16246.9,40
BAY,BAY,Corgi Bay Area Based ETF,avg_dollar_volume_30d_below_15m_usd,28505.98,41
BBAG,BBAG,JPMorgan BetaBuilders U.S. Aggregate Bond ETF,avg_dollar_volume_30d_below_15m_usd,6609412.98,41
BBB,BBB,CYBER HORNET S&P 500 and Bitcoin 75/25 Strategy ETF,avg_dollar_volume_30d_below_15m_usd,43135.13,41
BBBI,BBBI,BondBloxx BBB Rated 5-10 Year Corporate Bond ETF,avg_dollar_volume_30d_below_15m_usd,1325717.14,41
BBBL,BBBL,BondBloxx BBB Rated 10+ Year Corporate Bond ETF,avg_dollar_volume_30d_below_15m_usd,58494.89,41
BBBS,BBBS,BondBloxx BBB Rated 1-5 Year Corporate Bond ETF,avg_dollar_volume_30d_below_15m_usd,1044059.29,41
BBC,BBC,Virtus Biotech Clinical Trials ETF,avg_dollar_volume_30d_below_15m_usd,1121499.07,41
BBCB,BBCB,JPMorgan BetaBuilders USD Investment Grade Corporate Bond ETF,avg_dollar_volume_30d_below_15m_usd,173126.43,41
BBCP,BBCP,"Concrete Pumping Holdings, Inc.  - Common Stock",avg_dollar_volume_30d_below_15m_usd,5159102.35,41
BBDC,BBDC,"Barings BDC, Inc. Common Stock",avg_dollar_volume_30d_below_15m_usd,6514294.04,41
BBEM,BBEM,JPMorgan BetaBuilders Emerging Markets Equity ETF,avg_dollar_volume_30d_below_15m_usd,4104608.61,41
BBGI,BBGI,"Beasley Broadcast Group, Inc. - Class A Common Stock",avg_dollar_volume_30d_below_15m_usd,753512.5,41
BBH,BBH,VanEck Biotech ETF,avg_dollar_volume_30d_below_15m_usd,936012.34,41
BBHL,BBHL,BBH Select Large Cap ETF,avg_dollar_volume_30d_below_15m_usd,973211.89,41
BBHM,BBHM,BBH Select Mid Cap ETF,avg_dollar_volume_30d_below_15m_usd,1764239.69,41
BBHY,BBHY,JPMorgan BetaBuilders USD High Yield Corporate Bond ETF,avg_dollar_volume_30d_below_15m_usd,2791149.67,41
BBIB,BBIB,JPMorgan BetaBuilders U.S. Treasury Bond 3-10 Year ETF,avg_dollar_volume_30d_below_15m_usd,575787.31,41
BBIN,BBIN,JPMorgan BetaBuilders International Equity ETF,avg_dollar_volume_30d_below_15m_usd,9777415.03,41
BBLB,BBLB,JPMorgan BetaBuilders U.S. Treasury Bond 20+ Year ETF,avg_dollar_volume_30d_below_15m_usd,88008.07,41
BBLG,BBLG,Bone Biologics Corp - Common Stock,avg_dollar_volume_30d_below_15m_usd,146703.74,41
BBLU,BBLU,EA Bridgeway Blue Chip ETF,avg_dollar_volume_30d_below_15m_usd,1196023.56,41
BBMC,BBMC,JPMorgan BetaBuilders U.S. Mid Cap Equity ETF,avg_dollar_volume_30d_below_15m_usd,2864064.65,41
BBNX,BBNX,"Beta Bionics, Inc. - Common Stock",avg_dollar_volume_30d_below_15m_usd,13980286.07,41
BBOT,BBOT,"BridgeBio Oncology Therapeutics, Inc. - Common Stock",avg_dollar_volume_30d_below_15m_usd,3487329.48,41
BBP,BBP,Virtus Biotech ETF,avg_dollar_volume_30d_below_15m_usd,704817.06,41
BBRE,BBRE,JPMorgan BetaBuilders MSCI U.S. REIT ETF,avg_dollar_volume_30d_below_15m_usd,3855563.43,41
BBSB,BBSB,JPMorgan BetaBuilders U.S. Treasury Bond 1-3 Year ETF,avg_dollar_volume_30d_below_15m_usd,412646.26,41
BBSC,BBSC,JPMorgan BetaBuilders U.S. Small Cap Equity ETF,avg_dollar_volume_30d_below_15m_usd,1531826.72,41
BBSI,BBSI,"Barrett Business Services, Inc. - Common Stock",avg_dollar_volume_30d_below_15m_usd,8362563.09,41
BBUL,BBUL,GraniteShares 2x Long BB Daily ETF,avg_dollar_volume_30d_below_15m_usd,92983.75,1
BBW,BBW,"Build-A-Bear Workshop, Inc. Common Stock",avg_dollar_volume_30d_below_15m_usd,14032019.82,41
BBYY,BBYY,GraniteShares YieldBOOST BABA ETF,avg_dollar_volume_30d_below_15m_usd,19059.0,41
BCAB,BCAB,"BioAtla, Inc. - Common Stock",avg_dollar_volume_30d_below_15m_usd,254120.91,41
BCAL,BCAL,California BanCorp - Common Stock,avg_dollar_volume_30d_below_15m_usd,4488584.75,41
BCBP,BCBP,"BCB Bancorp, Inc. (NJ) - Common Stock",avg_dollar_volume_30d_below_15m_usd,2085593.7,41
BCCC,BCCC,Global X Bitcoin Covered Call ETF,avg_dollar_volume_30d_below_15m_usd,176339.71,41
BCD,BCD,abrdn Bloomberg All Commodity Longer Dated Strategy K-1 Free ETF,avg_dollar_volume_30d_below_15m_usd,2449652.32,41
BCDA,BCDA,"BioCardia, Inc. - Common Stock",avg_dollar_volume_30d_below_15m_usd,6246282.29,41
BCDF,BCDF,Horizon Kinetics Blockchain Development ETF,avg_dollar_volume_30d_below_15m_usd,47485.3,41
BCEM,BCEM,Baron Emerging Markets Select ETF,avg_dollar_volume_30d_below_15m_usd,202168.31,41
BCFN,BCFN,Baron Financials ETF,avg_dollar_volume_30d_below_15m_usd,77155.62,40
BCG,BCG,"Binah Capital Group, Inc. - Common Stock",avg_dollar_volume_30d_below_15m_usd,42937.6,41
BCGD,BCGD,Baron Global Durable Advantage ETF,avg_dollar_volume_30d_below_15m_usd,54165.58,41
BCGS,BCGS,Bancreek Global Select ETF,avg_dollar_volume_30d_below_15m_usd,17539.29,41
BCHI,BCHI,GMO Beyond China ETF,avg_dollar_volume_30d_below_15m_usd,49358.77,41
BCHP,BCHP,Principal Focused Blue Chip ETF,avg_dollar_volume_30d_below_15m_usd,1227649.38,41
BCHT,BCHT,Birchtech Corp. Common Stock,avg_dollar_volume_30d_below_15m_usd,343109.83,41
BCIL,BCIL,Bancreek International Large Cap ETF,avg_dollar_volume_30d_below_15m_usd,117027.47,41
BCKT,BCKT,LifeX 2030 Income Bucket ETF,avg_dollar_volume_30d_below_15m_usd,17573.11,41
BCLO,BCLO,iShares BBB-B CLO Active ETF,avg_dollar_volume_30d_below_15m_usd,264975.77,41
BCML,BCML,BayCom Corp - Common Stock,avg_dollar_volume_30d_below_15m_usd,2921505.94,41
BCOR,BCOR,Grayscale Bitcoin Adopters ETF,avg_dollar_volume_30d_below_15m_usd,15419.65,41
BCPL,BCPL,BNY Mellon Core Plus ETF,avg_dollar_volume_30d_below_15m_usd,921407.57,41
BCSF,BCSF,"Bain Capital Specialty Finance, Inc. Common Stock",avg_dollar_volume_30d_below_15m_usd,4579428.64,41
BCSM,BCSM,Baron SMID Cap ETF,avg_dollar_volume_30d_below_15m_usd,155952.75,41
BCSS,BCSS,Bain Capital GSS Investment Corp. Class A Ordinary Shares,avg_dollar_volume_30d_below_15m_usd,487343.36,40
BCTK,BCTK,Baron Technology ETF,avg_dollar_volume_30d_below_15m_usd,668510.6,41
BCTX,BCTX,BriaCell Therapeutics Corp. - Common Shares,avg_dollar_volume_30d_below_15m_usd,623309.83,41
BCUS,BCUS,Bancreek U.S. Large Cap ETF,avg_dollar_volume_30d_below_15m_usd,1921077.05,41
BCX,BCX,BlackRock Resources Common Shares of Beneficial Interest,avg_dollar_volume_30d_below_15m_usd,2457928.04,41
BD,BD,Russell Investments Core Plus Bond ETF,avg_dollar_volume_30d_below_15m_usd,24999.4,12
BDBT,BDBT,Bluemonte Core Bond ETF,avg_dollar_volume_30d_below_15m_usd,1246221.74,41
BDCI,BDCI,BTC Development Corp. - Class A Ordinary Shares,avg_dollar_volume_30d_below_15m_usd,570909.58,40
BDEC,BDEC,Innovator U.S. Equity Buffer ETF - December,avg_dollar_volume_30d_below_15m_usd,2497232.61,41
BDGS,BDGS,Bridges Capital Tactical ETF,avg_dollar_volume_30d_below_15m_usd,266808.7,40
BDIV,BDIV,AAM Brentview Dividend Growth ETF,avg_dollar_volume_30d_below_15m_usd,76678.36,41
BDL,BDL,"Flanigan's Enterprises, Inc. Common Stock",avg_dollar_volume_30d_below_15m_usd,525124.85,41
BDMD,BDMD,Baird Medical Investment Holdings Ltd - Ordinary Share,avg_dollar_volume_30d_below_15m_usd,157887.6,41
BDRY,BDRY,Breakwave Dry Bulk Shipping ETF,avg_dollar_volume_30d_below_15m_usd,791468.12,41
BDSX,BDSX,"Biodesix, Inc. - Common Stock",avg_dollar_volume_30d_below_15m_usd,1521121.41,41
BDTX,BDTX,"Black Diamond Therapeutics, Inc. - Common Stock",avg_dollar_volume_30d_below_15m_usd,3595079.54,41
BDVG,BDVG,IMGP Berkshire Dividend Growth ETF,avg_dollar_volume_30d_below_15m_usd,256747.16,41
BDVL,BDVL,iShares Disciplined Volatility Equity Active ETF,avg_dollar_volume_30d_below_15m_usd,7317651.0,41
BDYN,BDYN,iShares Dynamic Equity Active ETF,avg_dollar_volume_30d_below_15m_usd,8598410.93,41
BEAT,BEAT,"Heartbeam, Inc. - Common Stock",avg_dollar_volume_30d_below_15m_usd,454922.03,41
BEBE,BEBE,TGE Value Creative Solutions Corp Class A Ordinary Shares,avg_dollar_volume_30d_below_15m_usd,47608.46,41
BEC,BEC,Corgi BE 2x Daily ETF,avg_dollar_volume_30d_below_15m_usd,93544.93,7
BEDY,BEDY,BNY Mellon Enhanced Dividend and Income ETF,avg_dollar_volume_30d_below_15m_usd,1615042.91,41
BEDZ,BEDZ,AdvisorShares Hotel ETF,avg_dollar_volume_30d_below_15m_usd,114856.08,41
BEEM,BEEM,Beam Global - Common Stock,avg_dollar_volume_30d_below_15m_usd,3243147.59,41
BEEP,BEEP,Mobile Infrastructure Corporation - Common Stock,avg_dollar_volume_30d_below_15m_usd,159523.99,41
BEEX,BEEX,The Beehive ETF,avg_dollar_volume_30d_below_15m_usd,70355.2,41
BEEZ,BEEZ,Honeytree U.S. Equity ETF,avg_dollar_volume_30d_below_15m_usd,6854.3,40
BEG,BEG,Leverage Shares 2x Long BE Daily ETF,avg_dollar_volume_30d_below_15m_usd,10412302.17,41
BEGS,BEGS,Rareview 2x Bull Cryptocurrency & Precious Metals ETF,avg_dollar_volume_30d_below_15m_usd,54188.88,41
BELT,BELT,iShares U.S. Select Equity Active ETF,avg_dollar_volume_30d_below_15m_usd,79317.42,40
BEMB,BEMB,iShares J.P. Morgan Broad USD Emerging Markets Bond ETF,avg_dollar_volume_30d_below_15m_usd,54431.15,41
BENF,BENF,Beneficient - Class A Common Stock,avg_dollar_volume_30d_below_15m_usd,65537.78,41
BENJ,BENJ,Horizon Landmark ETF,avg_dollar_volume_30d_below_15m_usd,2054931.69,41
BESF,BESF,Bastion Energy ETF,avg_dollar_volume_30d_below_15m_usd,61068.15,41
BESO,BESO,GSR Crypto Core3 ETF,avg_dollar_volume_30d_below_15m_usd,32322.87,40
BESS,BESS,Bimergen Energy Corporation Common Stock,avg_dollar_volume_30d_below_15m_usd,3884706.22,41
BETE,BETE,ProShares Bitcoin & Ether Equal Weight ETF,avg_dollar_volume_30d_below_15m_usd,90955.36,41
BETH,BETH,ProShares Bitcoin & Ether Market Cap Weight ETF,avg_dollar_volume_30d_below_15m_usd,99842.38,41
BETR,BETR,Better Home & Finance Holding Company - Class A Common Stock,avg_dollar_volume_30d_below_15m_usd,8883657.07,41
BETZ,BETZ,Roundhill Sports Betting & iGaming ETF,avg_dollar_volume_30d_below_15m_usd,1400884.0,41
BEZ,BEZ,Tradr 2X Short BE Daily ETF,avg_dollar_volume_30d_below_15m_usd,10385395.88,41
BF.A,BF-A,Brown Forman Inc Class A Common Stock,avg_dollar_volume_30d_below_15m_usd,5255107.78,41
BFAP,BFAP,FT Vest Bitcoin Strategy Floor15 ETF April,avg_dollar_volume_30d_below_15m_usd,35401.66,41
BFC,BFC,Bank First Corporation - Common Stock,avg_dollar_volume_30d_below_15m_usd,14464690.83,41
BFEB,BFEB,Innovator U.S. Equity Buffer ETF - February,avg_dollar_volume_30d_below_15m_usd,778407.08,41
BFEW,BFEW,FT Vest Laddered U.S. Equity Equal Weight Buffer ETF,avg_dollar_volume_30d_below_15m_usd,2478.59,41
BFIX,BFIX,Build Bond Innovation ETF,avg_dollar_volume_30d_below_15m_usd,128437.93,41
BFJA,BFJA,FT Vest Bitcoin Strategy Floor15 ETF - January,avg_dollar_volume_30d_below_15m_usd,3618.2,41
BFJL,BFJL,FT Vest Bitcoin Strategy Floor15 ETF July,avg_dollar_volume_30d_below_15m_usd,4023.17,41
BFLB,BFLB,BufferLABS US Equity Dynamic Buffer ETF,avg_dollar_volume_30d_below_15m_usd,202947.77,41
BFOC,BFOC,FT Vest Bitcoin Strategy Floor15 ETF - October,avg_dollar_volume_30d_below_15m_usd,85968.29,41
BFOR,BFOR,Barron's 400 ETF,avg_dollar_volume_30d_below_15m_usd,409636.39,41
BFRG,BFRG,"Bullfrog AI Holdings, Inc. - Common Stock",avg_dollar_volume_30d_below_15m_usd,166043.75,41
BFRI,BFRI,Biofrontera Inc. - Common Stock,avg_dollar_volume_30d_below_15m_usd,290127.53,41
BFRZ,BFRZ,Innovator Equity Managed 100 Buffer ETF,avg_dollar_volume_30d_below_15m_usd,1576050.11,41
BFS,BFS,"Saul Centers, Inc. Common Stock",avg_dollar_volume_30d_below_15m_usd,3664118.0,41
BFST,BFST,"Business First Bancshares, Inc. - Common Stock",avg_dollar_volume_30d_below_15m_usd,8078342.18,41
BFXU,BFXU,FT Vest Laddered U.S. Equity Uncapped Accelerator ETF,avg_dollar_volume_30d_below_15m_usd,9403.85,41
BGCG,BGCG,Baillie Gifford International Concentrated Growth ETF,avg_dollar_volume_30d_below_15m_usd,666980.16,26
BGDE,BGDE,"Big Digital Energy, Inc. - Common Stock",avg_dollar_volume_30d_below_15m_usd,1240277.21,41
BGDV,BGDV,Bahl & Gaynor Dividend ETF,avg_dollar_volume_30d_below_15m_usd,374537.49,41
BGEG,BGEG,Baillie Gifford Emerging Markets ETF,avg_dollar_volume_30d_below_15m_usd,468167.29,24
BGGG,BGGG,Baillie Gifford Long Term Global Growth ETF,avg_dollar_volume_30d_below_15m_usd,2971032.31,27
BGI,BGI,Birks Group Inc. Common Stock,avg_dollar_volume_30d_below_15m_usd,311166.11,41
BGIA,BGIA,Baillie Gifford International Alpha ETF,avg_dollar_volume_30d_below_15m_usd,14434.88,24
BGIG,BGIG,Bahl & Gaynor Income Growth ETF,avg_dollar_volume_30d_below_15m_usd,4152593.13,41
BGIN,BGIN,Bgin Blockchain Limited - Class A Ordinary Shares,avg_dollar_volume_30d_below_15m_usd,25709.49,41
BGL,BGL,Blue Gold Limited - Class A ordinary shares,avg_dollar_volume_30d_below_15m_usd,462054.68,41
BGLC,BGLC,BioNexus Gene Lab Corp - Common stock,avg_dollar_volume_30d_below_15m_usd,403348.78,41
BGLD,BGLD,FT Vest Gold Strategy Quarterly Buffer ETF,avg_dollar_volume_30d_below_15m_usd,343107.47,41
BGM,BGM,BGM Group Ltd. - Class A Ordinary Shares,avg_dollar_volume_30d_below_15m_usd,253091.98,41
BGMS,BGMS,"Bio Green Med Solution, Inc. - Common Stock",avg_dollar_volume_30d_below_15m_usd,6557490.2,41
BGRN,BGRN,iShares USD Green Bond ETF,avg_dollar_volume_30d_below_15m_usd,1692981.84,41
BGRO,BGRO,iShares Large Cap Growth Active ETF,avg_dollar_volume_30d_below_15m_usd,24155.98,40
BGS,BGS,"B&G Foods, Inc. Common Stock",avg_dollar_volume_30d_below_15m_usd,7905934.39,41
BGSF,BGSF,"BGSF, Inc. Common Stock",avg_dollar_volume_30d_below_15m_usd,58615.43,41
BGSI,BGSI,Boyd Group Services Inc. Common Shares,avg_dollar_volume_30d_below_15m_usd,4362120.52,41
BHB,BHB,"Bar Harbor Bankshares, Inc. Common Stock",avg_dollar_volume_30d_below_15m_usd,5171515.07,41
BHC,BHC,Bausch Health Companies Inc. Common Stock,avg_dollar_volume_30d_below_15m_usd,13430490.16,41
BHDG,BHDG,Nicholas Bitcoin Tail ETF,avg_dollar_volume_30d_below_15m_usd,514920.2,40
BHR,BHR,Braemar Hotels & Resorts Inc. Common Stock,avg_dollar_volume_30d_below_15m_usd,1718712.91,41
BHRB,BHRB,Burke & Herbert Financial Services Corp. - Common Stock,avg_dollar_volume_30d_below_15m_usd,13940656.99,41
BHST,BHST,BioHarvest Sciences Inc. - Common Stock,avg_dollar_volume_30d_below_15m_usd,82894.75,41
BHYB,BHYB,Xtrackers USD High Yield BB-B ex Financials ETF,avg_dollar_volume_30d_below_15m_usd,13291809.6,41
BIAF,BIAF,"bioAffinity Technologies, Inc. - Common Stock",avg_dollar_volume_30d_below_15m_usd,541542.96,41
BIB,BIB,ProShares Ultra Nasdaq Biotechnology,avg_dollar_volume_30d_below_15m_usd,1087375.87,41
BIBL,BIBL,Inspire 100 ETF,avg_dollar_volume_30d_below_15m_usd,3138059.83,41
BIDD,BIDD,iShares International Dividend Active ETF,avg_dollar_volume_30d_below_15m_usd,1139481.14,41
BIDG,BIDG,Leverage Shares 2X Long BIDU Daily ETF,avg_dollar_volume_30d_below_15m_usd,560115.91,41
BIGY,BIGY,YieldMax Target 12 Big 50 Option Income ETF,avg_dollar_volume_30d_below_15m_usd,566764.05,41
BILD,BILD,Nomura Global Listed Infrastructure ETF,avg_dollar_volume_30d_below_15m_usd,7225.28,41
BILT,BILT,iShares Infrastructure Active ETF,avg_dollar_volume_30d_below_15m_usd,2144503.66,41
BINT,BINT,Bluemonte Global Equity ETF,avg_dollar_volume_30d_below_15m_usd,2003567.99,41
BINV,BINV,Brandes International ETF,avg_dollar_volume_30d_below_15m_usd,1934007.24,41
BIO.B,BIO-B,"Bio-Rad Laboratories, Inc. Class B  Common Stock",avg_dollar_volume_30d_below_15m_usd,13686.8,41
BIOA,BIOA,"BioAge Labs, Inc. - Common Stock",avg_dollar_volume_30d_below_15m_usd,12816077.62,41
BIOX,BIOX,Bioceres Crop Solutions Corp. - Ordinary Shares,avg_dollar_volume_30d_below_15m_usd,109318.81,41
BIOY,BIOY,GraniteShares YieldBOOST Biotech ETF,avg_dollar_volume_30d_below_15m_usd,40224.99,41
BIS,BIS,ProShares UltraShort Nasdaq Biotechnology,avg_dollar_volume_30d_below_15m_usd,109565.57,40
BITA,BITA,iShares Bitcoin Premium Income ETF,avg_dollar_volume_30d_below_15m_usd,4654811.77,16
BITC,BITC,Bitwise Trendwise Bitcoin and Treasuries Rotation Strategy ETF,avg_dollar_volume_30d_below_15m_usd,82691.51,41
BITK,BITK,Tuttle Capital IBIT 0DTE Covered Call ETF,avg_dollar_volume_30d_below_15m_usd,44673.3,41
BITQ,BITQ,Bitwise Crypto Industry Innovators ETF,avg_dollar_volume_30d_below_15m_usd,3015853.61,41
BITS,BITS,Global X Blockchain & Bitcoin Strategy ETF,avg_dollar_volume_30d_below_15m_usd,157996.48,40
BITW,BITW,Common Shares of Beneficial Interest,avg_dollar_volume_30d_below_15m_usd,3572004.19,41
BITY,BITY,Amplify Bitcoin 2% Monthly Option Income ETF,avg_dollar_volume_30d_below_15m_usd,189688.2,41
BIVI,BIVI,BioVie Inc. - Common stock,avg_dollar_volume_30d_below_15m_usd,307402.49,41
BIYA,BIYA,Baiya International Group Inc.  - Ordinary Shares,avg_dollar_volume_30d_below_15m_usd,12115951.98,41
BJAN,BJAN,Innovator U.S. Equity Buffer ETF - January,avg_dollar_volume_30d_below_15m_usd,970062.44,41
BJUL,BJUL,Innovator U.S. Equity Buffer ETF - July,avg_dollar_volume_30d_below_15m_usd,1562029.61,41
BJUN,BJUN,Innovator U.S. Equity Buffer ETF - June,avg_dollar_volume_30d_below_15m_usd,7452386.14,41
BKAG,BKAG,BNY Mellon Core Bond ETF,avg_dollar_volume_30d_below_15m_usd,5344596.67,41
BKCG,BKCG,BNY Mellon Concentrated Growth ETF,avg_dollar_volume_30d_below_15m_usd,78788.2,41
BKCH,BKCH,Global X Blockchain ETF,avg_dollar_volume_30d_below_15m_usd,9735360.27,41
BKCI,BKCI,BNY Mellon Concentrated International ETF,avg_dollar_volume_30d_below_15m_usd,419425.9,41
BKDV,BKDV,BNY Mellon Dynamic Value ETF,avg_dollar_volume_30d_below_15m_usd,12889653.34,41
BKEM,BKEM,BNY Mellon Emerging Markets Equity ETF,avg_dollar_volume_30d_below_15m_usd,215931.74,41
BKF,BKF,iShares MSCI BIC ETF,avg_dollar_volume_30d_below_15m_usd,626775.08,41
BKFI,BKFI,BNY Mellon Active Core Bond ETF,avg_dollar_volume_30d_below_15m_usd,695390.57,41
BKGI,BKGI,BNY Mellon Global Infrastructure Income ETF,avg_dollar_volume_30d_below_15m_usd,9277426.0,41
BKHY,BKHY,BNY Mellon High Yield ETF,avg_dollar_volume_30d_below_15m_usd,843113.87,41
BKIE,BKIE,BNY Mellon International Equity ETF,avg_dollar_volume_30d_below_15m_usd,5474420.9,41
BKKT,BKKT,"Bakkt, Inc. Class A Common Stock",avg_dollar_volume_30d_below_15m_usd,14341186.08,41
BKLG,BKLG,BNY Mellon US Large Cap Equity Growth ETF,avg_dollar_volume_30d_below_15m_usd,13880.94,12
BKMC,BKMC,BNY Mellon US Mid Cap Core Equity ETF,avg_dollar_volume_30d_below_15m_usd,783137.35,41
BKMI,BKMI,BNY Mellon Municipal Intermediate ETF,avg_dollar_volume_30d_below_15m_usd,2572715.89,41
BKMS,BKMS,BNY Mellon Municipal Short Duration ETF,avg_dollar_volume_30d_below_15m_usd,1305055.68,40
BKSE,BKSE,BNY Mellon US Small Cap Core Equity ETF,avg_dollar_volume_30d_below_15m_usd,247542.45,41
BKTI,BKTI,BK Technologies Corporation Common Stock,avg_dollar_volume_30d_below_15m_usd,3548043.43,41
BKUI,BKUI,BNY Mellon Ultra Short Income ETF,avg_dollar_volume_30d_below_15m_usd,2855028.43,41
BKYI,BKYI,"BIO-key International, Inc. - Common Stock",avg_dollar_volume_30d_below_15m_usd,48193.61,41
BLCK,BLCK,Corgi Crypto Infrastructure ETF,avg_dollar_volume_30d_below_15m_usd,29507.53,41
BLCN,BLCN,Siren NexGen Economy ETF,avg_dollar_volume_30d_below_15m_usd,464104.8,41
BLCO,BLCO,Bausch + Lomb Corporation Common Shares,avg_dollar_volume_30d_below_15m_usd,6748028.72,41
BLCV,BLCV,iShares Large Cap Value Active ETF,avg_dollar_volume_30d_below_15m_usd,929361.67,41
BLDG,BLDG,Cambria Global Real Estate ETF,avg_dollar_volume_30d_below_15m_usd,1041636.25,41
BLDX,BLDX,Impax Global Sustainable Infrastructure ETF,avg_dollar_volume_30d_below_15m_usd,319440.49,41
BLES,BLES,Inspire Global Hope ETF,avg_dollar_volume_30d_below_15m_usd,392930.86,41
BLGR,BLGR,Bluemonte Large Cap Growth ETF,avg_dollar_volume_30d_below_15m_usd,1012561.33,41
BLIN,BLIN,"Bridgeline Digital, Inc. - Common Stock",avg_dollar_volume_30d_below_15m_usd,161750.71,41
BLIV,BLIV,BeLive Holdings - ordinary shares,avg_dollar_volume_30d_below_15m_usd,3877.18,41
BLND,BLND,"Blend Labs, Inc. Class A Common Stock",avg_dollar_volume_30d_below_15m_usd,4802531.28,41
BLNE,BLNE,"Beeline Holdings, Inc. - Common Stock",avg_dollar_volume_30d_below_15m_usd,632657.3,41
BLNK,BLNK,Blink Charging Co. - Common Stock,avg_dollar_volume_30d_below_15m_usd,1468311.65,41
BLOX,BLOX,Nicholas Crypto Income ETF,avg_dollar_volume_30d_below_15m_usd,6939109.61,41
BLSG,BLSG,Leverage Shares 2X Long BLSH Daily ETF,avg_dollar_volume_30d_below_15m_usd,289589.28,41
BLST,BLST,Bluemonte Short Term Bond ETF,avg_dollar_volume_30d_below_15m_usd,453506.15,41
BLTD,BLTD,Bluemonte Long Term Bond ETF,avg_dollar_volume_30d_below_15m_usd,478149.4,41
BLUC,BLUC,Bluemonte Large Cap Core ETF,avg_dollar_volume_30d_below_15m_usd,1064789.7,41
BLUI,BLUI,Bluemonte Diversified Income ETF,avg_dollar_volume_30d_below_15m_usd,295196.0,41
BLUX,BLUX,Bluemonte Dynamic Total Market ETF,avg_dollar_volume_30d_below_15m_usd,1873110.28,41
BLX,BLX,"Bladex, Inc. Class E Common Stock",avg_dollar_volume_30d_below_15m_usd,13115264.91,41
BMAR,BMAR,Innovator U.S. Equity Buffer ETF - March,avg_dollar_volume_30d_below_15m_usd,674930.86,41
BMAY,BMAY,Innovator U.S. Equity Buffer ETF - May,avg_dollar_volume_30d_below_15m_usd,1332288.29,41
BMBL,BMBL,Bumble Inc. - common stock,avg_dollar_volume_30d_below_15m_usd,11544854.13,41
BMEA,BMEA,"Biomea Fusion, Inc. - Common Stock",avg_dollar_volume_30d_below_15m_usd,1298772.42,41
BMED,BMED,iShares Health Innovation Active ETF,avg_dollar_volume_30d_below_15m_usd,37052.32,41
BMGL,BMGL,Basel Medical Group Ltd - ordinary shares,avg_dollar_volume_30d_below_15m_usd,840544.81,41
BMHL,BMHL,Bluemount Holdings Limited - Class B Ordinary Shares,avg_dollar_volume_30d_below_15m_usd,71313.62,41
BMM,BMM,Blue Moon Metals Inc. - Common Shares,avg_dollar_volume_30d_below_15m_usd,749468.66,41
BMNG,BMNG,Leverage Shares 2X Long BMNR Daily ETF,avg_dollar_volume_30d_below_15m_usd,12530578.11,41
BMNZ,BMNZ,Defiance Daily Target 2X Short BMNR ETF,avg_dollar_volume_30d_below_15m_usd,13647288.05,41
BMOP,BMOP,BNY Mellon Municipal Opportunities ETF,avg_dollar_volume_30d_below_15m_usd,2981001.01,41
BMR,BMR,Beamr Imaging Ltd. - Ordinary Share,avg_dollar_volume_30d_below_15m_usd,112078.36,41
BMRA,BMRA,"Biomerica, Inc. - Common Stock",avg_dollar_volume_30d_below_15m_usd,34783.7,41
BMRC,BMRC,Bank of Marin Bancorp - Common Stock,avg_dollar_volume_30d_below_15m_usd,3934176.33,41
BMVP,BMVP,Invesco Bloomberg MVP Multi-factor ETF,avg_dollar_volume_30d_below_15m_usd,62993.84,41
BNAI,BNAI,Brand Engagement Network Inc. - Common Stock,avg_dollar_volume_30d_below_15m_usd,14534978.61,41
BNBX,BNBX,BNB Plus Corp. - Common Stock,avg_dollar_volume_30d_below_15m_usd,114178.86,41
BNC,BNC,CEA Industries Inc. - Common Stock,avg_dollar_volume_30d_below_15m_usd,1453905.9,41
BNDC,BNDC,FlexShares Core Select Bond Fund,avg_dollar_volume_30d_below_15m_usd,166936.44,41
BNDD,BNDD,Quadratic Deflation ETF,avg_dollar_volume_30d_below_15m_usd,3561197.56,41
BNDI,BNDI,NEOS Enhanced Income Aggregate Bond ETF,avg_dollar_volume_30d_below_15m_usd,1374805.4,41
BNDP,BNDP,Vanguard Core-Plus Bond Index ETF,avg_dollar_volume_30d_below_15m_usd,964511.22,41
BNDS,BNDS,Infrastructure Capital Bond Income ETF,avg_dollar_volume_30d_below_15m_usd,1555492.83,41
BNDW,BNDW,Vanguard Total World Bond ETF,avg_dollar_volume_30d_below_15m_usd,6539519.25,41
BNDY,BNDY,Horizon Core Bond ETF,avg_dollar_volume_30d_below_15m_usd,1991250.58,41
BNED,BNED,"Barnes & Noble Education, Inc Common Stock",avg_dollar_volume_30d_below_15m_usd,4443152.09,41
BNGE,BNGE,First Trust S-Network Streaming and Gaming ETF,avg_dollar_volume_30d_below_15m_usd,18463.73,41
BNGO,BNGO,"Bionano Genomics, Inc. - Common Stock",avg_dollar_volume_30d_below_15m_usd,171311.07,41
BNKK,BNKK,"Bonk, Inc. - Common Stock",avg_dollar_volume_30d_below_15m_usd,583104.22,41
BNOV,BNOV,Innovator U.S. Equity Buffer ETF - November,avg_dollar_volume_30d_below_15m_usd,418168.94,41
BNRG,BNRG,Brenmiller Energy Ltd - Ordinary Shares,avg_dollar_volume_30d_below_15m_usd,3052236.61,41
BNT,BNT,Brookfield Wealth Solutions Ltd. Class A Exchangeable Limited Voting Shares,avg_dollar_volume_30d_below_15m_usd,1123270.86,41
BNTC,BNTC,Benitec Biopharma Inc. - Common Stock,avg_dollar_volume_30d_below_15m_usd,1603873.94,41
BNZI,BNZI,"Banzai International, Inc. - Class A Common Stock",avg_dollar_volume_30d_below_15m_usd,1105475.63,41
BOAT,BOAT,SonicShares Global Shipping ETF,avg_dollar_volume_30d_below_15m_usd,944881.15,41
BOBP,BOBP,CORE16 Best of Breed Premier Index ETF,avg_dollar_volume_30d_below_15m_usd,107007.54,41
BOBS,BOBS,"Bob's Discount Furniture, Inc. Common Stock",avg_dollar_volume_30d_below_15m_usd,14496598.43,41
BOC,BOC,Boston Omaha Corporation Class A Common Stock,avg_dollar_volume_30d_below_15m_usd,2824760.49,41
BOCT,BOCT,Innovator U.S. Equity Buffer ETF - October,avg_dollar_volume_30d_below_15m_usd,946487.36,41
BODI,BODI,"The Beachbody Company, Inc. - Class A Common Stock",avg_dollar_volume_30d_below_15m_usd,339772.43,41
BOEG,BOEG,Leverage Shares 2X Long BA Daily ETF,avg_dollar_volume_30d_below_15m_usd,429004.01,41
BOEU,BOEU,Direxion Daily BA Bull 2X ETF,avg_dollar_volume_30d_below_15m_usd,1074195.45,41
BOF,BOF,BranchOut Food Inc. - Common Stock,avg_dollar_volume_30d_below_15m_usd,463194.52,41
BOLD,BOLD,"Boundless Bio, Inc. - Common Stock",avg_dollar_volume_30d_below_15m_usd,6226421.07,41
BOLT,BOLT,"Bolt Biotherapeutics, Inc. - Common Stock",avg_dollar_volume_30d_below_15m_usd,121099.13,41
BON,BON,Bon Natural Life Limited - Class A Ordinary Shares,avg_dollar_volume_30d_below_15m_usd,27483.95,41
BOOM,BOOM,DMC Global Inc. - Common Stock,avg_dollar_volume_30d_below_15m_usd,2501911.81,41
BOSC,BOSC,B.O.S. Better Online Solutions - Ordinary Shares,avg_dollar_volume_30d_below_15m_usd,232823.01,41
BOTJ,BOTJ,"Bank of the James Financial Group, Inc. - Common Stock",avg_dollar_volume_30d_below_15m_usd,532388.7,41
BOTT,BOTT,Themes Humanoid Robotics ETF,avg_dollar_volume_30d_below_15m_usd,1651086.52,40
BOUT,BOUT,CapForce IBD Breakout Opportunities ETF,avg_dollar_volume_30d_below_15m_usd,103162.11,41
BOW,BOW,Bowhead Specialty Holdings Inc. Common Stock,avg_dollar_volume_30d_below_15m_usd,5334103.79,41
BOXA,BOXA,Alpha Architect Aggregate Bond ETF,avg_dollar_volume_30d_below_15m_usd,77965.04,41
BOXL,BOXL,Boxlight Corporation - Class A Common Stock,avg_dollar_volume_30d_below_15m_usd,4710104.25,41
BPAY,BPAY,iShares FinTech Active ETF,avg_dollar_volume_30d_below_15m_usd,45535.89,41
BPH,BPH,BP plc ADRhedged,avg_dollar_volume_30d_below_15m_usd,41282.05,41
BPI,BPI,Grayscale Bitcoin Premium Income ETF,avg_dollar_volume_30d_below_15m_usd,64966.48,41
BPRN,BPRN,"Princeton Bancorp, Inc. - Common Stock",avg_dollar_volume_30d_below_15m_usd,620260.04,40
BPRO,BPRO,Bitwise Proficio Currency Debasement ETF,avg_dollar_volume_30d_below_15m_usd,160957.63,41
BQ,BQ,Boqii Holding Limited Class A Ordinary Shares,avg_dollar_volume_30d_below_15m_usd,1920216.88,41
BRAG,BRAG,Bragg Gaming Group Inc. - Common Shares,avg_dollar_volume_30d_below_15m_usd,51728.31,41
BRAI,BRAI,Braiin Limited - Common Stock,avg_dollar_volume_30d_below_15m_usd,2090197.97,41
BRAZ,BRAZ,Global X Brazil Active ETF,avg_dollar_volume_30d_below_15m_usd,31605.86,41
BRBS,BRBS,"Blue Ridge Bankshares, Inc. Common Stock",avg_dollar_volume_30d_below_15m_usd,1226758.15,41
BRCB,BRCB,"Black Rock Coffee Bar, Inc. - Class A Common Stock",avg_dollar_volume_30d_below_15m_usd,4623526.6,41
BRCC,BRCC,BRC Inc. Class A Common Stock,avg_dollar_volume_30d_below_15m_usd,1629340.27,41
BRCE,BRCE,MFS Blended Research Core Equity ETF,avg_dollar_volume_30d_below_15m_usd,51139.34,41
BREE,BREE,MFS Blended Research Emerging Markets Equity ETF,avg_dollar_volume_30d_below_15m_usd,35247.57,41
BREM,BREM,iShares Emerging Markets Bond Active ETF,avg_dollar_volume_30d_below_15m_usd,40984.37,40
BRES,BRES,Burney U.S. Equity Select ETF,avg_dollar_volume_30d_below_15m_usd,375119.71,41
BREW,BREW,Corgi Coffee & Energy Drinks ETF,avg_dollar_volume_30d_below_15m_usd,32654.99,41
BRF,BRF,VanEck Brazil Small-Cap ETF,avg_dollar_volume_30d_below_15m_usd,108375.17,41
BRFH,BRFH,Barfresh Food Group Inc. - Common Stock,avg_dollar_volume_30d_below_15m_usd,18755.11,41
BRHY,BRHY,iShares High Yield Active ETF,avg_dollar_volume_30d_below_15m_usd,2225585.37,41
BRIA,BRIA,BrilliA Inc Class A Ordinary Shares,avg_dollar_volume_30d_below_15m_usd,82490.01,41
BRIB,BRIB,FIS Bright Portfolios Core Bond ETF,avg_dollar_volume_30d_below_15m_usd,234506.5,40
BRID,BRID,Bridgford Foods Corporation - Common Stock,avg_dollar_volume_30d_below_15m_usd,43783.93,40
BRIE,BRIE,MFS Blended Research International Equity ETF,avg_dollar_volume_30d_below_15m_usd,4055911.97,41
BRIF,BRIF,FIS Bright Portfolios Focused Equity ETF,avg_dollar_volume_30d_below_15m_usd,327407.79,41
BRKC,BRKC,YieldMax BRK.B Option Income Strategy ETF,avg_dollar_volume_30d_below_15m_usd,195902.01,41
BRKU,BRKU,Direxion Daily BRKB Bull 2X ETF,avg_dollar_volume_30d_below_15m_usd,3365080.68,41
BRKW,BRKW,Roundhill BRKB WeeklyPay ETF,avg_dollar_volume_30d_below_15m_usd,106831.3,41
BRLN,BRLN,iShares Floating Rate Loan Active ETF,avg_dollar_volume_30d_below_15m_usd,411019.02,41
BRLS,BRLS,Borealis Foods Inc. - Class A Common Shares,avg_dollar_volume_30d_below_15m_usd,21302.67,41
BRLT,BRLT,"Brilliant Earth Group, Inc. - Class A Common Stock",avg_dollar_volume_30d_below_15m_usd,76883.45,41
BRN,BRN,"Barnwell Industries, Inc. Common Stock",avg_dollar_volume_30d_below_15m_usd,60576.25,41
BRNY,BRNY,Burney U.S. Factor Rotation ETF,avg_dollar_volume_30d_below_15m_usd,1505963.74,40
BROL,BROL,Baron Risk Optimized Large Cap ETF,avg_dollar_volume_30d_below_15m_usd,119047.68,30
BRR,BRR,"ProCap Financial, Inc. - Common Stock",avg_dollar_volume_30d_below_15m_usd,2738550.35,41
BRRR,BRRR,Coinshares Bitcoin ETF,avg_dollar_volume_30d_below_15m_usd,4687445.97,41
BRSM,BRSM,MFS Blended Research Small-Mid Cap ETF,avg_dollar_volume_30d_below_15m_usd,1202694.99,23
BRSP,BRSP,"BrightSpire Capital, Inc. Class A Common Stock",avg_dollar_volume_30d_below_15m_usd,9676809.39,41
BRT,BRT,BRT Apartments Corp. (MD) Common Stock,avg_dollar_volume_30d_below_15m_usd,624915.64,41
BRTR,BRTR,iShares Total Return Active ETF,avg_dollar_volume_30d_below_15m_usd,5723883.95,41
BRTX,BRTX,"BioRestorative Therapies, Inc. - Common Stock",avg_dollar_volume_30d_below_15m_usd,8524733.49,41
BRZU,BRZU,Direxion Daily Brazil Bull 2X ETF,avg_dollar_volume_30d_below_15m_usd,2138482.07,41
BRZX,BRZX,Corgi Brazil 2x Daily ETF,avg_dollar_volume_30d_below_15m_usd,4113.64,24
BSBK,BSBK,Bogota Financial Corp. - Common Stock,avg_dollar_volume_30d_below_15m_usd,136796.68,41
BSCA,BSCA,Invesco BulletShares 2036 Corporate Bond ETF,avg_dollar_volume_30d_below_15m_usd,231944.1,19
BSCR,BSCR,Invesco BulletShares 2027 Corporate Bond ETF,avg_dollar_volume_30d_below_15m_usd,11380790.03,41
BSCS,BSCS,Invesco BulletShares 2028 Corporate Bond ETF,avg_dollar_volume_30d_below_15m_usd,10549257.9,41
BSCT,BSCT,Invesco BulletShares 2029 Corporate Bond ETF,avg_dollar_volume_30d_below_15m_usd,8988340.55,41
BSCU,BSCU,Invesco BulletShares 2030 Corporate Bond ETF,avg_dollar_volume_30d_below_15m_usd,11021818.26,41
BSCV,BSCV,Invesco BulletShares 2031 Corporate Bond ETF,avg_dollar_volume_30d_below_15m_usd,7132923.35,41
BSCW,BSCW,Invesco BulletShares 2032 Corporate Bond ETF,avg_dollar_volume_30d_below_15m_usd,6817043.28,41
BSCX,BSCX,Invesco BulletShares 2033 Corporate Bond ETF,avg_dollar_volume_30d_below_15m_usd,3426196.54,41
BSCY,BSCY,Invesco BulletShares 2034 Corporate Bond ETF,avg_dollar_volume_30d_below_15m_usd,2363657.51,41
BSCZ,BSCZ,Invesco BulletShares 2035 Corporate Bond ETF,avg_dollar_volume_30d_below_15m_usd,1694548.74,41
BSEP,BSEP,Innovator U.S. Equity Buffer ETF - September,avg_dollar_volume_30d_below_15m_usd,232041.95,41
BSET,BSET,"Bassett Furniture Industries, Incorporated - Common Stock",avg_dollar_volume_30d_below_15m_usd,1422696.19,41
BSGR,BSGR,Invesco BulletShares 2027 Treasury Bond ETF,avg_dollar_volume_30d_below_15m_usd,41642.06,20
BSGT,BSGT,Invesco BulletShares 2029 Treasury Bond ETF,avg_dollar_volume_30d_below_15m_usd,31630.79,19
BSIN,BSIN,Big Sky Industrial Inc. - Common Stock,avg_dollar_volume_30d_below_15m_usd,2058619.94,41
BSJQ,BSJQ,Invesco BulletShares 2026 High Yield Corporate Bond ETF,avg_dollar_volume_30d_below_15m_usd,8149677.45,41
BSJR,BSJR,Invesco BulletShares 2027 High Yield Corporate Bond ETF,avg_dollar_volume_30d_below_15m_usd,3588077.99,41
BSJS,BSJS,Invesco BulletShares 2028 High Yield Corporate Bond ETF,avg_dollar_volume_30d_below_15m_usd,2770429.91,41
BSJT,BSJT,Invesco BulletShares 2029 High Yield Corporate Bond ETF,avg_dollar_volume_30d_below_15m_usd,3603633.41,41
BSJU,BSJU,Invesco BulletShares 2030 High Yield Corporate Bond ETF,avg_dollar_volume_30d_below_15m_usd,1809006.84,41
BSJV,BSJV,Invesco BulletShares 2031 High Yield Corporate Bond ETF,avg_dollar_volume_30d_below_15m_usd,666929.57,41
BSJW,BSJW,Invesco BulletShares 2032 High Yield Corporate Bond ETF,avg_dollar_volume_30d_below_15m_usd,278442.04,41
BSJX,BSJX,Invesco BulletShares 2033 High Yield Corporate Bond ETF,avg_dollar_volume_30d_below_15m_usd,114095.42,40
BSJY,BSJY,Invesco BulletShares 2034 High Yield Corporate Bond ETF,avg_dollar_volume_30d_below_15m_usd,15985.21,19
BSMC,BSMC,Brandes U.S. Small-Mid Cap Value ETF,avg_dollar_volume_30d_below_15m_usd,436246.44,41
BSMQ,BSMQ,Invesco BulletShares 2026 Municipal Bond ETF,avg_dollar_volume_30d_below_15m_usd,1405988.29,41
BSMR,BSMR,Invesco BulletShares 2027 Municipal Bond ETF,avg_dollar_volume_30d_below_15m_usd,1363855.4,41
BSMS,BSMS,Invesco BulletShares 2028 Municipal Bond ETF,avg_dollar_volume_30d_below_15m_usd,1264528.47,41
BSMT,BSMT,Invesco BulletShares 2029 Municipal Bond ETF,avg_dollar_volume_30d_below_15m_usd,1268537.35,41
BSMU,BSMU,Invesco BulletShares 2030 Municipal Bond ETF,avg_dollar_volume_30d_below_15m_usd,1353146.15,41
BSMV,BSMV,Invesco BulletShares 2031 Municipal Bond ETF,avg_dollar_volume_30d_below_15m_usd,882649.28,40
BSMW,BSMW,Invesco BulletShares 2032 Municipal Bond ETF,avg_dollar_volume_30d_below_15m_usd,631960.46,41
BSMY,BSMY,Invesco BulletShares 2034 Municipal Bond ETF,avg_dollar_volume_30d_below_15m_usd,410464.14,41
BSMZ,BSMZ,Invesco BulletShares 2035 Municipal Bond ETF,avg_dollar_volume_30d_below_15m_usd,352516.46,41
BSR,BSR,Beacon Unified Catalyst ETF,avg_dollar_volume_30d_below_15m_usd,69574.81,41
BSRR,BSRR,Sierra Bancorp - Common Stock,avg_dollar_volume_30d_below_15m_usd,2583314.9,41
BSSX,BSSX,Invesco BulletShares 2033 Municipal Bond ETF,avg_dollar_volume_30d_below_15m_usd,552091.6,41
BSTP,BSTP,Innovator Buffer Step-Up Strategy ETF,avg_dollar_volume_30d_below_15m_usd,161299.23,41
BSTS,BSTS,Invesco BulletShares 2028 Treasury Bond ETF,avg_dollar_volume_30d_below_15m_usd,31482.68,19
BSTU,BSTU,Invesco BulletShares 2030 Treasury Bond ETF,avg_dollar_volume_30d_below_15m_usd,57103.58,19
BSTV,BSTV,Invesco BulletShares 2031 Treasury Bond ETF,avg_dollar_volume_30d_below_15m_usd,36445.47,19
BSVN,BSVN,Bank7 Corp. - Common stock,avg_dollar_volume_30d_below_15m_usd,928969.57,41
BSVO,BSVO,EA Bridgeway Omni Small-Cap Value ETF,avg_dollar_volume_30d_below_15m_usd,4453784.54,41
BTAI,BTAI,"BioXcel Therapeutics, Inc. - Common Stock",avg_dollar_volume_30d_below_15m_usd,1184698.25,41
BTAL,BTAL,AGF U.S. Market Neutral Anti-Beta Fund,avg_dollar_volume_30d_below_15m_usd,7983050.52,41
BTBD,BTBD,"BT Brands, Inc. - Common Stock",avg_dollar_volume_30d_below_15m_usd,50054.67,41
BTCC,BTCC,Grayscale Bitcoin Covered Call ETF,avg_dollar_volume_30d_below_15m_usd,310241.61,41
BTCK,BTCK,7RCC Spot Bitcoin and Carbon Credit Futures ETF,avg_dollar_volume_30d_below_15m_usd,110250.74,23
BTCL,BTCL,T-Rex 2X Long Bitcoin Daily Target ETF,avg_dollar_volume_30d_below_15m_usd,1541163.58,41
BTCO,BTCO,Invesco Galaxy Bitcoin ETF ,avg_dollar_volume_30d_below_15m_usd,8287016.99,41
BTCS,BTCS,BTCS Inc. - Common Stock,avg_dollar_volume_30d_below_15m_usd,1123548.88,41
BTCT,BTCT,BTC Digital Ltd. - Ordinary Shares,avg_dollar_volume_30d_below_15m_usd,2637670.33,41
BTCU,BTCU,Direxion Daily Bitcoin Bull 2X ETF,avg_dollar_volume_30d_below_15m_usd,232187.1,30
BTCW,BTCW,WisdomTree Bitcoin Fund ,avg_dollar_volume_30d_below_15m_usd,1614917.08,41
BTF,BTF,CoinShares Bitcoin and Ether ETF,avg_dollar_volume_30d_below_15m_usd,91102.88,40
BTGD,BTGD,STKd 100% Bitcoin & 100% Gold ETF,avg_dollar_volume_30d_below_15m_usd,1404370.65,41
BTGO,BTGO,"BitGo Holdings, Inc. Class A Common Stock",avg_dollar_volume_30d_below_15m_usd,9463043.66,41
BTMD,BTMD,Biote Corp. - Class A common stock,avg_dollar_volume_30d_below_15m_usd,698378.03,41
BTOC,BTOC,Armlogi Holding Corp. - common stock,avg_dollar_volume_30d_below_15m_usd,63634.44,41
BTOG,BTOG,Bit Origin Limited - Class A Ordinary Shares,avg_dollar_volume_30d_below_15m_usd,2279841.56,41
BTOT,BTOT,iShares Total USD Fixed Income Market ETF,avg_dollar_volume_30d_below_15m_usd,105416.8,40
BTR,BTR,Beacon Tactical Risk ETF,avg_dollar_volume_30d_below_15m_usd,81160.23,41
BTRN,BTRN,Global X Bitcoin Trend Strategy ETF,avg_dollar_volume_30d_below_15m_usd,24120.34,41
BTTC,BTTC,Black Titan Corp - Ordinary Shares,avg_dollar_volume_30d_below_15m_usd,258134.41,41
BUCK,BUCK,Simplify Treasury Option Income ETF,avg_dollar_volume_30d_below_15m_usd,4393339.7,41
BUDA,BUDA,"Buda Juice, Inc. Common Stock",avg_dollar_volume_30d_below_15m_usd,168800.72,41
BUFB,BUFB,Innovator Laddered Allocation Buffer ETF,avg_dollar_volume_30d_below_15m_usd,1412234.35,41
BUFC,BUFC,AB Conservative Buffer ETF,avg_dollar_volume_30d_below_15m_usd,2355131.23,40
BUFD,BUFD,FT Vest Laddered Deep Buffer ETF,avg_dollar_volume_30d_below_15m_usd,8496551.33,41
BUFE,BUFE,FT Vest Laddered Emerging Markets Buffer ETF,avg_dollar_volume_30d_below_15m_usd,135119.53,41
BUFF,BUFF,Innovator Laddered Allocation Power Buffer ETF,avg_dollar_volume_30d_below_15m_usd,4622451.52,41
BUFG,BUFG,FT Vest Buffered Allocation Growth ETF,avg_dollar_volume_30d_below_15m_usd,1367749.74,41
BUFH,BUFH,FT Vest Laddered Max Buffer ETF,avg_dollar_volume_30d_below_15m_usd,170996.83,41
BUFI,BUFI,AB International Buffer ETF,avg_dollar_volume_30d_below_15m_usd,741579.26,41
BUFM,BUFM,AB Moderate Buffer ETF,avg_dollar_volume_30d_below_15m_usd,1997336.01,40
BUFP,BUFP,PGIM Laddered S&P 500 Buffer 12 ETF,avg_dollar_volume_30d_below_15m_usd,1246042.4,41
BUFQ,BUFQ,FT Vest Laddered Nasdaq Buffer ETF,avg_dollar_volume_30d_below_15m_usd,6105380.49,41
BUFS,BUFS,FT Vest Laddered Small Cap Moderate Buffer ETF,avg_dollar_volume_30d_below_15m_usd,660865.09,41
BUFT,BUFT,FT Vest Buffered Allocation Defensive ETF,avg_dollar_volume_30d_below_15m_usd,496126.1,41
BUFX,BUFX,FT Vest Laddered Enhance & Moderate Buffer ETF,avg_dollar_volume_30d_below_15m_usd,149288.72,41
BUFY,BUFY,FT Vest Laddered International Moderate Buffer ETF,avg_dollar_volume_30d_below_15m_usd,1019224.63,41
BUFZ,BUFZ,FT Vest Laddered Moderate Buffer ETF,avg_dollar_volume_30d_below_15m_usd,4256245.18,41
BUL,BUL,Pacer US Cash Cows Growth ETF,avg_dollar_volume_30d_below_15m_usd,548839.18,41
BULD,BULD,Pacer BlueStar Engineering the Future ETF,avg_dollar_volume_30d_below_15m_usd,348604.26,40
BULG,BULG,Leverage Shares 2X Long BULL Daily ETF,avg_dollar_volume_30d_below_15m_usd,248294.26,40
BUR,BUR,Burford Capital Limited Ordinary Shares,avg_dollar_volume_30d_below_15m_usd,9892017.1,41
BURU,BURU,"Nuburu, Inc. Common Stock",avg_dollar_volume_30d_below_15m_usd,4543178.21,41
BUSA,BUSA,Brandes U.S. Value ETF,avg_dollar_volume_30d_below_15m_usd,806212.48,41
BUUU,BUUU,BUUU Group Limited - Class A Ordinary Share,avg_dollar_volume_30d_below_15m_usd,725116.69,41
BUXX,BUXX,Strive Enhanced Income Short Maturity ETF,avg_dollar_volume_30d_below_15m_usd,5921450.48,41
BUYB,BUYB,ProShares S&P 500 Buyback Aristocrats ETF,avg_dollar_volume_30d_below_15m_usd,94708.71,41
BUYO,BUYO,KraneShares Man Buyout Beta Index ETF,avg_dollar_volume_30d_below_15m_usd,38637.16,41
BUYW,BUYW,Main BuyWrite ETF,avg_dollar_volume_30d_below_15m_usd,4667440.07,41
BUYZ,BUYZ,Franklin Disruptive Commerce ETF,avg_dollar_volume_30d_below_15m_usd,15706.69,41
BUZZ,BUZZ,VanEck Social Sentiment ETF,avg_dollar_volume_30d_below_15m_usd,3425849.68,41
BV,BV,"BrightView Holdings, Inc. Common Stock",avg_dollar_volume_30d_below_15m_usd,9746662.18,41
BVAL,BVAL,Bluemonte Large Cap Value ETF,avg_dollar_volume_30d_below_15m_usd,1032554.77,41
BVC,BVC,BitVentures Limited - Ordinary Share,avg_dollar_volume_30d_below_15m_usd,337791.91,40
BVFL,BVFL,"BV Financial, Inc. - Common Stock",avg_dollar_volume_30d_below_15m_usd,569500.83,40
BVS,BVS,Bioventus Inc. - Class A Common Stock,avg_dollar_volume_30d_below_15m_usd,6917437.27,41
BWB,BWB,"Bridgewater Bancshares, Inc. - Common Stock",avg_dollar_volume_30d_below_15m_usd,4287745.33,41
BWEN,BWEN,"Broadwind, Inc. - Common Stock",avg_dollar_volume_30d_below_15m_usd,2055277.65,41
BWFG,BWFG,"Bankwell Financial Group, Inc. - Common Stock",avg_dollar_volume_30d_below_15m_usd,4408664.64,41
BWLP,BWLP,BW LPG Limited Common Shares,avg_dollar_volume_30d_below_15m_usd,9384832.43,41
BWMN,BWMN,Bowman Consulting Group Ltd. - Common Stock,avg_dollar_volume_30d_below_15m_usd,3934795.78,41
BWMX,BWMX,"Betterware de Mexico, S.A.P.I. de C.V. Ordinary Shares",avg_dollar_volume_30d_below_15m_usd,1112552.75,41
BWOW,BWOW,Bitwise Dogecoin ETF,avg_dollar_volume_30d_below_15m_usd,4967.54,41
BWQG,BWQG,BWM Quality Growth ETF,avg_dollar_volume_30d_below_15m_usd,5317.2,1
BWTG,BWTG,Brendan Wood TopGun Index ETF,avg_dollar_volume_30d_below_15m_usd,24733.63,41
BWX,BWX,State Street SPDR Bloomberg International Treasury Bond ETF,avg_dollar_volume_30d_below_15m_usd,12883347.12,41
BWZ,BWZ,State Street SPDR Bloomberg Short Term International Treasury Bond ETF,avg_dollar_volume_30d_below_15m_usd,3170896.15,41
BXC,BXC,Bluelinx Holdings Inc. Common Stock,avg_dollar_volume_30d_below_15m_usd,7836727.32,41
BY,BY,"Byline Bancorp, Inc. Common Stock",avg_dollar_volume_30d_below_15m_usd,12382962.45,41
BYAH,BYAH,"Park Ha Biological Technology Co., Ltd. - Class A Ordinary Shares",avg_dollar_volume_30d_below_15m_usd,11873800.71,41
BYFC,BYFC,Broadway Financial Corporation - Class A Common Stock,avg_dollar_volume_30d_below_15m_usd,49261.97,40
BYLD,BYLD,iShares Yield Optimized Bond ETF,avg_dollar_volume_30d_below_15m_usd,3160762.64,41
BYRE,BYRE,Principal Real Estate Active Opportunities ETF,avg_dollar_volume_30d_below_15m_usd,84897.4,41
BYRN,BYRN,"Byrna Technologies, Inc. - Common Stock",avg_dollar_volume_30d_below_15m_usd,3434112.71,41
BYSI,BYSI,"BeyondSpring, Inc. - Ordinary Shares",avg_dollar_volume_30d_below_15m_usd,43619.38,41
BZAI,BZAI,"Blaize Holdings, Inc. - Common Stock",avg_dollar_volume_30d_below_15m_usd,6947285.73,41
BZFD,BZFD,"BuzzFeed, Inc. - Class A Common Stock",avg_dollar_volume_30d_below_15m_usd,1659052.97,41
BZH,BZH,"Beazer Homes USA, Inc. Common Stock",avg_dollar_volume_30d_below_15m_usd,13009115.02,41
BZQ,BZQ,ProShares UltraShort MSCI Brazil Capped,avg_dollar_volume_30d_below_15m_usd,157147.54,41
BZZ,BZZ,Corgi Drones & Urban Air Mobility ETF,avg_dollar_volume_30d_below_15m_usd,223268.63,41
CAAA,CAAA,First Trust AAA CMBS ETF,avg_dollar_volume_30d_below_15m_usd,200180.05,41
CAAP,CAAP,Corporacion America Airports SA Common Shares,avg_dollar_volume_30d_below_15m_usd,5475415.89,41
CAAS,CAAS,"China Automotive Systems, Inc. - Ordinary Share",avg_dollar_volume_30d_below_15m_usd,94984.63,41
CABO,CABO,"Cable One, Inc. Common Stock",avg_dollar_volume_30d_below_15m_usd,11975966.89,41
CABR,CABR,"Caring Brands, Inc. - Common Stock",avg_dollar_volume_30d_below_15m_usd,99206.67,40
CABZ,CABZ,"Roundhill Robotaxi, Autonomous Vehicles & Technology ETF",avg_dollar_volume_30d_below_15m_usd,150785.34,41
CAC,CAC,Camden National Corporation - Common Stock,avg_dollar_volume_30d_below_15m_usd,5876591.29,41
CAES,CAES,"Cantor Equity Partners VII, Inc. - Class A Ordinary Shares",avg_dollar_volume_30d_below_15m_usd,5851005.26,15
CAFG,CAFG,Pacer US Small Cap Cash Cows Growth Leaders ETF,avg_dollar_volume_30d_below_15m_usd,282217.63,41
CAFX,CAFX,Congress Intermediate Bond ETF,avg_dollar_volume_30d_below_15m_usd,575843.0,41
CAGE,CAGE,Calamos Autocallable Growth ETF,avg_dollar_volume_30d_below_15m_usd,2902115.76,41
CAIE,CAIE,Calamos Autocallable Income ETF,avg_dollar_volume_30d_below_15m_usd,12927033.92,41
CAIQ,CAIQ,Calamos Nasdaq Autocallable Income ETF,avg_dollar_volume_30d_below_15m_usd,5379826.85,41
CAL,CAL,"Caleres, Inc. Common Stock",avg_dollar_volume_30d_below_15m_usd,8952127.6,41
CALC,CALC,"CalciMedica, Inc. - Common Stock",avg_dollar_volume_30d_below_15m_usd,1629790.43,41
CALI,CALI,iShares Short-Term California Muni Active ETF,avg_dollar_volume_30d_below_15m_usd,5163403.64,41
CAM,CAM,AB California Intermediate Municipal ETF,avg_dollar_volume_30d_below_15m_usd,2870367.98,41
CAMC,CAMC,Corgi CAMT 2x Daily ETF,avg_dollar_volume_30d_below_15m_usd,34813.25,11
CAML,CAML,Congress Large Cap Growth ETF,avg_dollar_volume_30d_below_15m_usd,940587.81,41
CAMP,CAMP,CAMP4 Therapeutics Corporation - Common Stock,avg_dollar_volume_30d_below_15m_usd,1052887.07,41
CAMX,CAMX,Cambiar Aggressive Value ETF,avg_dollar_volume_30d_below_15m_usd,7700.57,41
CANC,CANC,Tema Oncology ETF,avg_dollar_volume_30d_below_15m_usd,1797556.06,41
CANE,CANE,Teucrium Sugar Fund ETV,avg_dollar_volume_30d_below_15m_usd,2848871.24,41
CANG,CANG,Cango Inc. Class A Ordinary Shares,avg_dollar_volume_30d_below_15m_usd,437654.65,41
CANQ,CANQ,Calamos Nasdaq Equity & Income ETF,avg_dollar_volume_30d_below_15m_usd,176443.11,40
CAOS,CAOS,Alpha Architect Tail Risk ETF,avg_dollar_volume_30d_below_15m_usd,4698310.34,41
CAPE,CAPE,DoubleLine Shiller CAPE U.S. Equities ETF,avg_dollar_volume_30d_below_15m_usd,1066278.13,41
CAPS,CAPS,Capstone Holding Corp. - Common Stock,avg_dollar_volume_30d_below_15m_usd,86847.67,41
CARE,CARE,"Carter Bankshares, Inc. - Common Stock",avg_dollar_volume_30d_below_15m_usd,12525568.64,41
CARK,CARK,CastleArk Large Growth ETF,avg_dollar_volume_30d_below_15m_usd,34716.9,41
CARL,CARL,"Carlsmed, Inc. - Common Stock",avg_dollar_volume_30d_below_15m_usd,1548061.76,41
CARS,CARS,Cars.com Inc. Common Stock ,avg_dollar_volume_30d_below_15m_usd,7754381.19,41
CARX,CARX,Corgi CART 2x Daily ETF,avg_dollar_volume_30d_below_15m_usd,24451.51,11
CARY,CARY,Angel Oak Income ETF,avg_dollar_volume_30d_below_15m_usd,7210303.64,41
CARZ,CARZ,First Trust S-Network Future Vehicles & Technology ETF,avg_dollar_volume_30d_below_15m_usd,445285.2,40
CAS,CAS,Simplify China A Shares PLUS Income ETF,avg_dollar_volume_30d_below_15m_usd,94052.21,41
CASS,CASS,"Cass Information Systems, Inc - Common Stock",avg_dollar_volume_30d_below_15m_usd,4545408.37,41
CATF,CATF,American Century California Municipal Bond ETF,avg_dollar_volume_30d_below_15m_usd,278928.25,41
CATG,CATG,Leverage Shares 2X Long CAT Daily ETF,avg_dollar_volume_30d_below_15m_usd,783392.71,40
CATH,CATH,Global X S&P 500 Catholic Values ETF,avg_dollar_volume_30d_below_15m_usd,4463691.22,41
CATO,CATO,Cato Corporation (The) Class A Common Stock,avg_dollar_volume_30d_below_15m_usd,198781.19,41
CATX,CATX,"Perspective Therapeutics, Inc. Common Stock",avg_dollar_volume_30d_below_15m_usd,6394517.87,41
CBAN,CBAN,"Colony Bankcorp, Inc. Common Stock",avg_dollar_volume_30d_below_15m_usd,7081216.72,41
CBAT,CBAT,CBAK Energy Technology Limited - Ordinary Shares,avg_dollar_volume_30d_below_15m_usd,109597.73,41
CBFV,CBFV,"CB Financial Services, Inc. - Common Stock",avg_dollar_volume_30d_below_15m_usd,298761.03,40
CBIL,CBIL,Corgi 3-12 Month T-Bill ETF,avg_dollar_volume_30d_below_15m_usd,1113907.05,24
CBIO,CBIO,"Crescent Biopharma, Inc. - Common Stock",avg_dollar_volume_30d_below_15m_usd,6128594.32,41
CBK,CBK,"Commercial Bancgroup, Inc. - Common Stock",avg_dollar_volume_30d_below_15m_usd,2880882.54,41
CBLL,CBLL,"CeriBell, Inc. - Common Stock",avg_dollar_volume_30d_below_15m_usd,6504666.86,41
CBLS,CBLS,Clough Hedged Equity ETF,avg_dollar_volume_30d_below_15m_usd,168127.84,41
CBNA,CBNA,"Chain Bridge Bancorp, Inc. Class A Common Stock",avg_dollar_volume_30d_below_15m_usd,523546.24,41
CBNK,CBNK,"Capital Bancorp, Inc. - Common Stock",avg_dollar_volume_30d_below_15m_usd,2476174.32,41
CBOA,CBOA,Calamos Bitcoin Structured Alt Protection ETF - April,avg_dollar_volume_30d_below_15m_usd,18889.49,41
CBOJ,CBOJ,Calamos Bitcoin Structured Alt Protection ETF - January,avg_dollar_volume_30d_below_15m_usd,96309.82,41
CBOL,CBOL,Calamos Laddered Bitcoin Structured Alt Protection ETF,avg_dollar_volume_30d_below_15m_usd,11402.67,41
CBON,CBON,VanEck China Bond ETF,avg_dollar_volume_30d_below_15m_usd,115315.22,41
CBOO,CBOO,Calamos Bitcoin Structured Alt Protection ETF - October,avg_dollar_volume_30d_below_15m_usd,13460.83,41
CBOT,CBOT,Corgi Robots & Humanoids ETF,avg_dollar_volume_30d_below_15m_usd,125021.34,41
CBOX,CBOX,Calamos Tax-Aware Collateral ETF,avg_dollar_volume_30d_below_15m_usd,7498371.44,41
CBOY,CBOY,Calamos Bitcoin Structured Alt Protection ETF - July,avg_dollar_volume_30d_below_15m_usd,30486.26,41
CBRX,CBRX,Tradr 2X Long CBRS Daily ETF,avg_dollar_volume_30d_below_15m_usd,2818535.79,28
CBRZ,CBRZ,Tradr 2X Short CBRS Daily ETF,avg_dollar_volume_30d_below_15m_usd,3693472.77,28
CBSE,CBSE,Clough Select Equity ETF,avg_dollar_volume_30d_below_15m_usd,532217.51,41
CBTA,CBTA,Calamos Bitcoin 80 Series Structured Alt Protection ETF - April,avg_dollar_volume_30d_below_15m_usd,19999.72,41
CBTJ,CBTJ,Calamos Bitcoin 80 Series Structured Alt Protection ETF - January,avg_dollar_volume_30d_below_15m_usd,478748.97,41
CBTL,CBTL,Calamos Laddered Bitcoin 80 Series Structured Alt Protection ETF,avg_dollar_volume_30d_below_15m_usd,39822.79,41
CBTO,CBTO,Calamos Bitcoin 80 Series Structured Alt Protection ETF - October,avg_dollar_volume_30d_below_15m_usd,245121.2,41
CBTY,CBTY,Calamos Bitcoin 80 Series Structured Alt Protection ETF - July,avg_dollar_volume_30d_below_15m_usd,279996.31,41
CBUS,CBUS,"Cibus, Inc. - Class A Common Stock",avg_dollar_volume_30d_below_15m_usd,471931.55,41
CBXA,CBXA,Calamos Bitcoin 90 Series Structured Alt Protection ETF - April,avg_dollar_volume_30d_below_15m_usd,76373.85,41
CBXJ,CBXJ,Calamos Bitcoin 90 Series Structured Alt Protection ETF - January,avg_dollar_volume_30d_below_15m_usd,138253.59,41
CBXL,CBXL,Calamos Laddered Bitcoin 90 Series Structured Alt Protection ETF,avg_dollar_volume_30d_below_15m_usd,11199.79,41
CBXO,CBXO,Calamos Bitcoin 90 Series Structured Alt Protection ETF - October,avg_dollar_volume_30d_below_15m_usd,71292.35,40
CBXY,CBXY,Calamos Bitcoin 90 Series Structured Alt Protection ETF - July,avg_dollar_volume_30d_below_15m_usd,53627.32,41
CCAP,CCAP,"Crescent Capital BDC, Inc. - Common Stock",avg_dollar_volume_30d_below_15m_usd,2620175.58,41
CCB,CCB,Coastal Financial Corporation - Common Stock,avg_dollar_volume_30d_below_15m_usd,7944936.21,41
CCBG,CCBG,Capital City Bank Group - Common Stock,avg_dollar_volume_30d_below_15m_usd,5067615.58,41
CCCC,CCCC,"C4 Therapeutics, Inc. - Common Stock",avg_dollar_volume_30d_below_15m_usd,14697267.89,41
CCEC,CCEC,Capital Clean Energy Carriers Corp. - Common Share,avg_dollar_volume_30d_below_15m_usd,372508.2,40
CCEF,CCEF,Calamos CEF Income & Arbitrage ETF,avg_dollar_volume_30d_below_15m_usd,98104.51,41
CCEL,CCEL,"Cryo-Cell International, Inc. Common Stock",avg_dollar_volume_30d_below_15m_usd,31609.81,41
CCFE,CCFE,Concourse Capital Focused Equity ETF,avg_dollar_volume_30d_below_15m_usd,4690.35,40
CCG,CCG,Cheche Group Inc. - Class A Ordinary Shares,avg_dollar_volume_30d_below_15m_usd,94874.04,41
CCHH,CCHH,CCH Holdings Ltd - Class A Ordinary Shares,avg_dollar_volume_30d_below_15m_usd,5044076.15,41
CCIX,CCIX,Churchill Capital Corp IX - Ordinary Shares,avg_dollar_volume_30d_below_15m_usd,1807643.89,41
CCLD,CCLD,"CareCloud, Inc. - Common Stock",avg_dollar_volume_30d_below_15m_usd,599355.82,41
CCNE,CCNE,CNB Financial Corporation - Common Stock,avg_dollar_volume_30d_below_15m_usd,6140117.73,41
CCNR,CCNR,ALPS/CoreCommodity Natural Resources ETF,avg_dollar_volume_30d_below_15m_usd,721125.84,40
CCOM,CCOM,Simplify Chinese Commodities Strategy No K-1 ETF,avg_dollar_volume_30d_below_15m_usd,6515.7,40
CCOR,CCOR,Core Alternative ETF,avg_dollar_volume_30d_below_15m_usd,86273.1,41
CCPX,CCPX,Corgi China 2x Daily ETF,avg_dollar_volume_30d_below_15m_usd,53534.11,25
CCRN,CCRN,"Cross Country Healthcare, Inc. - Common Stock",avg_dollar_volume_30d_below_15m_usd,6698467.88,41
CCRP,CCRP,Columbia Corporate Bond ETF,avg_dollar_volume_30d_below_15m_usd,1118.51,40
CCSB,CCSB,Carbon Collective Short Duration Green Bond ETF,avg_dollar_volume_30d_below_15m_usd,100221.63,41
CCSI,CCSI,"Consensus Cloud Solutions, Inc. - Common Stock",avg_dollar_volume_30d_below_15m_usd,5736303.34,41
CCSO,CCSO,Carbon Collective Climate Solutions U.S. Equity ETF,avg_dollar_volume_30d_below_15m_usd,98775.81,40
CCU,CCU,"Compania Cervecerias Unidas, S.A. Common Stock",avg_dollar_volume_30d_below_15m_usd,2040979.16,41
CCUP,CCUP,T-REX 2X Long CRCL Daily Target ETF,avg_dollar_volume_30d_below_15m_usd,12324442.53,41
CD,CD,Chaince Digital Holdings Inc. - American Ordinary Shares,avg_dollar_volume_30d_below_15m_usd,1852024.39,41
CDC,CDC,VictoryShares US EQ Income Enhanced Volatility Wtd ETF,avg_dollar_volume_30d_below_15m_usd,1602359.27,41
CDEI,CDEI,"Calvert US Large-Cap Diversity, Equity and Inclusion Index ETF",avg_dollar_volume_30d_below_15m_usd,56125.5,41
CDIG,CDIG,City Different Investments Global Equity ETF,avg_dollar_volume_30d_below_15m_usd,189950.32,41
CDIO,CDIO,Cardio Diagnostics Holdings Inc. - Common stock,avg_dollar_volume_30d_below_15m_usd,106541.36,41
CDL,CDL,VictoryShares US Large Cap High Div Volatility Wtd ETF,avg_dollar_volume_30d_below_15m_usd,473982.81,41
CDLX,CDLX,"Cardlytics, Inc. - Common Stock",avg_dollar_volume_30d_below_15m_usd,436361.88,41
CDNG,CDNG,Leverage Shares 2X Long CDNS Daily ETF,avg_dollar_volume_30d_below_15m_usd,14180.84,12
CDRE,CDRE,"Cadre Holdings, Inc. Common Stock",avg_dollar_volume_30d_below_15m_usd,11732623.06,41
CDRO,CDRO,"Codere Online Luxembourg, S.A. - Ordinary Shares",avg_dollar_volume_30d_below_15m_usd,359780.19,41
CDTG,CDTG,CDT Environmental Technology Investment Holdings Limited - ordinary shares,avg_dollar_volume_30d_below_15m_usd,1219153.62,41
CDX,CDX,Simplify High Yield ETF,avg_dollar_volume_30d_below_15m_usd,3263854.03,41
CDXS,CDXS,"Codexis, Inc. - Common Stock",avg_dollar_volume_30d_below_15m_usd,2185797.83,41
CDZI,CDZI,"Cadiz, Inc. - Common Stock",avg_dollar_volume_30d_below_15m_usd,3381412.72,41
CEFA,CEFA,Global X S&P Catholic Values Developed ex-U.S. ETF,avg_dollar_volume_30d_below_15m_usd,223551.31,40
CEFS,CEFS,Saba Closed-End Funds ETF,avg_dollar_volume_30d_below_15m_usd,2046407.68,41
CEFZ,CEFZ,RiverNorth Active Income ETF,avg_dollar_volume_30d_below_15m_usd,137251.27,41
CEGX,CEGX,Tradr 2X Long CEG Daily ETF,avg_dollar_volume_30d_below_15m_usd,3518578.15,41
CELU,CELU,Celularity Inc. - Class A Common Stock,avg_dollar_volume_30d_below_15m_usd,131439.55,41
CELZ,CELZ,"Creative Medical Technology Holdings, Inc. - Common Stock",avg_dollar_volume_30d_below_15m_usd,9674717.18,41
CEMB,CEMB,iShares J.P. Morgan EM Corporate Bond ETF,avg_dollar_volume_30d_below_15m_usd,3251061.58,41
CENN,CENN,Cenntro Inc. - Common Stock,avg_dollar_volume_30d_below_15m_usd,51067.6,41
CENT,CENT,Central Garden & Pet Company - Common Stock,avg_dollar_volume_30d_below_15m_usd,3528258.74,41
CENTA,CENTA,Central Garden & Pet Company - Class A Common Stock Nonvoting,avg_dollar_volume_30d_below_15m_usd,14701683.46,41
CEPF,CEPF,"Cantor Equity Partners IV, Inc. - Class A Ordinary Shares",avg_dollar_volume_30d_below_15m_usd,562759.25,40
CEPI,CEPI,REX Crypto Equity Premium Income ETF,avg_dollar_volume_30d_below_15m_usd,1804957.21,41
CEPL,CEPL,"Capstone Energy Plus, Inc. - Common Stock",avg_dollar_volume_30d_below_15m_usd,2603001.71,2
CEPO,CEPO,"Cantor Equity Partners I, Inc. - Class A Ordinary Shares",avg_dollar_volume_30d_below_15m_usd,1474043.28,41
CEPS,CEPS,"Cantor Equity Partners VI, Inc. - Class A Ordinary Shares",avg_dollar_volume_30d_below_15m_usd,147599.63,40
CEPV,CEPV,"Cantor Equity Partners V, Inc. - Class A Ordinary Shares",avg_dollar_volume_30d_below_15m_usd,796221.64,40
CERS,CERS,Cerus Corporation - Common Stock,avg_dollar_volume_30d_below_15m_usd,7967267.38,41
CERY,CERY,State Street SPDR Bloomberg Enhanced Roll Yield Commodity Strategy No K-1 ETF,avg_dollar_volume_30d_below_15m_usd,6178282.13,41
CET,CET,Central Securities Corporation Common Stock,avg_dollar_volume_30d_below_15m_usd,2003075.6,41
CETX,CETX,Cemtrex Inc. - Common Stock,avg_dollar_volume_30d_below_15m_usd,3127013.17,41
CETY,CETY,"Clean Energy Technologies, Inc. - Common Stock",avg_dollar_volume_30d_below_15m_usd,49321.84,41
CEW,CEW,WisdomTree Emerging Currency Strategy Fund,avg_dollar_volume_30d_below_15m_usd,42421.14,41
CFA,CFA,VictoryShares US 500 Volatility Wtd ETF,avg_dollar_volume_30d_below_15m_usd,448829.96,40
CFBK,CFBK,CF Bankshares Inc. - Common Stock,avg_dollar_volume_30d_below_15m_usd,2708231.03,41
CFFI,CFFI,C&F Financial Corporation - Common Stock,avg_dollar_volume_30d_below_15m_usd,613344.33,40
CFFN,CFFN,"Capitol Federal Financial, Inc. - Common Stock",avg_dollar_volume_30d_below_15m_usd,6271690.86,41
CFIT,CFIT,Cambria Fixed Income Trend ETF,avg_dollar_volume_30d_below_15m_usd,864361.19,41
CFO,CFO,VictoryShares US 500 Enhanced Volatility Wtd ETF,avg_dollar_volume_30d_below_15m_usd,364755.17,41
CGC,CGC,Canopy Growth Corporation - Common Shares,avg_dollar_volume_30d_below_15m_usd,6232710.7,41
CGCV,CGCV,Capital Group Conservative Equity ETF,avg_dollar_volume_30d_below_15m_usd,12072207.81,41
CGEN,CGEN,Compugen Ltd. - Ordinary Shares,avg_dollar_volume_30d_below_15m_usd,848870.97,41
CGGG,CGGG,Capital Group U.S. Large Growth ETF,avg_dollar_volume_30d_below_15m_usd,1711902.22,41
CGHM,CGHM,Capital Group Municipal High-Income ETF,avg_dollar_volume_30d_below_15m_usd,10749389.8,41
CGHY,CGHY,Capital Group High Yield Bond ETF,avg_dollar_volume_30d_below_15m_usd,2388095.45,41
CGIB,CGIB,Capital Group International Bond ETF (USD-Hedged),avg_dollar_volume_30d_below_15m_usd,1877818.23,41
CGNT,CGNT,Cognyte Software Ltd. - Ordinary Shares,avg_dollar_volume_30d_below_15m_usd,8060374.56,41
CGOV,CGOV,Corgi 0-3 Month T-Bill ETF,avg_dollar_volume_30d_below_15m_usd,991649.18,23
CGRO,CGRO,CoreValues Alpha Greater China Growth ETF,avg_dollar_volume_30d_below_15m_usd,40814.75,41
CGSD,CGSD,Capital Group Short Duration Income ETF,avg_dollar_volume_30d_below_15m_usd,10636763.09,41
CGTL,CGTL,Creative Global Technology Holdings Limited - Class A Ordinary Shares,avg_dollar_volume_30d_below_15m_usd,6713490.12,39
CGTX,CGTX,"Cognition Therapeutics, Inc. - Common Stock",avg_dollar_volume_30d_below_15m_usd,2446723.59,41
CGUI,CGUI,Capital Group Ultra Short Income ETF,avg_dollar_volume_30d_below_15m_usd,3318471.3,41
CGV,CGV,Conductor Global Equity Value ETF,avg_dollar_volume_30d_below_15m_usd,163880.26,41
CGVV,CGVV,Capital Group U.S. Large Value ETF,avg_dollar_volume_30d_below_15m_usd,1796813.42,41
CGW,CGW,Invesco S&P Global Water Index ETF,avg_dollar_volume_30d_below_15m_usd,2091723.45,41
CHAI,CHAI,"Core AI Holdings, Inc. - Common Shares",avg_dollar_volume_30d_below_15m_usd,13610685.09,41
CHAU,CHAU,Direxion Daily CSI 300 China A Share Bull 2X ETF,avg_dollar_volume_30d_below_15m_usd,2332262.37,41
CHCI,CHCI,"Comstock Holding Companies, Inc. - Class A Common Stock",avg_dollar_volume_30d_below_15m_usd,511609.28,41
CHGG,CHGG,"Chegg, Inc. Common Stock",avg_dollar_volume_30d_below_15m_usd,1627518.94,41
CHGX,CHGX,Stance Sustainable Beta ETF,avg_dollar_volume_30d_below_15m_usd,955757.34,41
CHIQ,CHIQ,Global X MSCI China Consumer Discretionary ETF,avg_dollar_volume_30d_below_15m_usd,735544.35,41
CHMG,CHMG,Chemung Financial Corp  - Common Stock,avg_dollar_volume_30d_below_15m_usd,3434822.06,41
CHMI,CHMI,Cherry Hill Mortgage Investment Corporation Common Stock,avg_dollar_volume_30d_below_15m_usd,535479.81,41
CHNL,CHNL,Chainlink ETF,avg_dollar_volume_30d_below_15m_usd,2770.69,41
CHNR,CHNR,"China Natural Resources, Inc. - Common Shares",avg_dollar_volume_30d_below_15m_usd,614119.73,40
CHNU,CHNU,2x Chainlink ETF,avg_dollar_volume_30d_below_15m_usd,83639.87,41
CHOW,CHOW,ChowChow Cloud International Holdings Limited Ordinary Shares,avg_dollar_volume_30d_below_15m_usd,7266454.97,41
CHPS,CHPS,Xtrackers Semiconductor Select Equity ETF,avg_dollar_volume_30d_below_15m_usd,5274108.41,41
CHPT,CHPT,"ChargePoint Holdings, Inc. Common Stock",avg_dollar_volume_30d_below_15m_usd,5684284.46,41
CHPX,CHPX,Global X AI Semiconductor & Quantum ETF,avg_dollar_volume_30d_below_15m_usd,14233690.93,41
CHR,CHR,"Cheer Holding, Inc.  - Class A Ordinary Share",avg_dollar_volume_30d_below_15m_usd,600983.66,41
CHRI,CHRI,Global X S&P 500 Christian Values ETF,avg_dollar_volume_30d_below_15m_usd,116850.76,40
CHRN,CHRN,ChronoScale Holdings Corporation - Common Stock,avg_dollar_volume_30d_below_15m_usd,8327007.77,41
CHRS,CHRS,"Coherus Oncology, Inc. - Common Stock",avg_dollar_volume_30d_below_15m_usd,1509210.56,41
CHSN,CHSN,Chanson International Holding - Class A Ordinary Shares,avg_dollar_volume_30d_below_15m_usd,1033266.45,41
CHYG,CHYG,Corgi 0-5 Year High Yield Corporate Bond ETF,avg_dollar_volume_30d_below_15m_usd,394741.14,24
CIA,CIA,"Citizens, Inc. Class A Common Stock ($1.00 Par)",avg_dollar_volume_30d_below_15m_usd,742064.19,41
CIEG,CIEG,Leverage Shares 2X Long CIEN Daily ETF,avg_dollar_volume_30d_below_15m_usd,8733038.68,40
CIEI,CIEI,Corgi 3-7 Year Treasury Bond ETF,avg_dollar_volume_30d_below_15m_usd,241531.71,24
CIEX,CIEX,Tradr 2X Long CIEN Daily ETF,avg_dollar_volume_30d_below_15m_usd,62309.1,6
CIFC,CIFC,Corgi CIFR 2x Daily ETF,avg_dollar_volume_30d_below_15m_usd,60453.93,7
CIFG,CIFG,Leverage Shares 2X Long CIFR Daily ETF,avg_dollar_volume_30d_below_15m_usd,2676389.26,41
CIFU,CIFU,T-REX 2X Long CIFR Daily Target ETF,avg_dollar_volume_30d_below_15m_usd,4706546.96,41
CIIT,CIIT,"Tianci International, Inc. - Common Stock",avg_dollar_volume_30d_below_15m_usd,14902337.73,41
CIM,CIM,Chimera Investment Corporation Common Stock,avg_dollar_volume_30d_below_15m_usd,9931431.34,41
CING,CING,Cingulate Inc. - Common Stock,avg_dollar_volume_30d_below_15m_usd,2963882.71,41
CINT,CINT,CI&T Inc Class A Common Shares,avg_dollar_volume_30d_below_15m_usd,898383.53,41
CION,CION,CION Investment Corporation Common Stock,avg_dollar_volume_30d_below_15m_usd,3654555.53,41
CIR,CIR,Corgi CRCL 2x Daily ETF,avg_dollar_volume_30d_below_15m_usd,134.99,1
CISO,CISO,"CISO Global, Inc. - Common Stock",avg_dollar_volume_30d_below_15m_usd,348475.25,41
CISS,CISS,C3is Inc. - Common Stock,avg_dollar_volume_30d_below_15m_usd,841907.45,41
CITR,CITR,CitroTech Inc. Common Stock,avg_dollar_volume_30d_below_15m_usd,311028.86,41
CIVB,CIVB,"Civista Bancshares, Inc.  - Common Stock",avg_dollar_volume_30d_below_15m_usd,3725271.11,41
CIVG,CIVG,Corgi 1-5 Year Investment Grade Corporate Bond ETF,avg_dollar_volume_30d_below_15m_usd,163323.91,24
CIX,CIX,CompX International Inc. Common Stock,avg_dollar_volume_30d_below_15m_usd,169981.17,41
CJMB,CJMB,Callan JMB Inc. - Common Stock,avg_dollar_volume_30d_below_15m_usd,196708.08,41
CJUL,CJUL,Corgi U.S. Equities 15% Structured Buffer ETF - July Series,avg_dollar_volume_30d_below_15m_usd,198663.92,5
CJUN,CJUN,Corgi U.S. Equities 15% Structured Buffer ETF - June Series,avg_dollar_volume_30d_below_15m_usd,52362.99,26
CKX,CKX,"CKX Lands, Inc. Common Stock",avg_dollar_volume_30d_below_15m_usd,92846.08,41
CLAR,CLAR,Clarus Corporation - Common Stock,avg_dollar_volume_30d_below_15m_usd,1023371.32,41
CLB,CLB,Core Laboratories Inc. Common Stock,avg_dollar_volume_30d_below_15m_usd,12083752.92,41
CLBK,CLBK,"Columbia Financial, Inc. - Common Stock",avg_dollar_volume_30d_below_15m_usd,8605944.12,41
CLCG,CLCG,Crossmark Large Cap Growth ETF,avg_dollar_volume_30d_below_15m_usd,79754.02,41
CLCV,CLCV,Crossmark Large Cap Value ETF,avg_dollar_volume_30d_below_15m_usd,68397.04,41
CLDI,CLDI,"Calidi Biotherapeutics, Inc. Common Stock",avg_dollar_volume_30d_below_15m_usd,749085.91,41
CLFD,CLFD,"Clearfield, Inc. - Common Stock",avg_dollar_volume_30d_below_15m_usd,12084077.62,41
CLGN,CLGN,CollPlant Biotechnologies Ltd. - Ordinary Shares,avg_dollar_volume_30d_below_15m_usd,26652.5,41
CLIK,CLIK,Click Holdings Limited - Ordinary Share,avg_dollar_volume_30d_below_15m_usd,3519845.6,40
CLIM,CLIM,Climate Global - Climate Resilient REIT Index ETF,avg_dollar_volume_30d_below_15m_usd,7841.96,41
CLIR,CLIR,ClearSign Technologies Corporation - Common Stock,avg_dollar_volume_30d_below_15m_usd,68999.08,41
CLIX,CLIX,ProShares Long Online/Short Stores ETF,avg_dollar_volume_30d_below_15m_usd,39674.44,41
CLMB,CLMB,"Climb Global Solutions, Inc. - Common Stock",avg_dollar_volume_30d_below_15m_usd,3884715.71,41
CLNE,CLNE,Clean Energy Fuels Corp. - Common Stock,avg_dollar_volume_30d_below_15m_usd,3129411.76,41
CLNK,CLNK,Common Shares of Beneficial Interest of Bitwise Chainlink ETF,avg_dollar_volume_30d_below_15m_usd,291350.6,41
CLNN,CLNN,Clene Inc. - Common Stock,avg_dollar_volume_30d_below_15m_usd,535574.35,41
CLOB,CLOB,VanEck AA-BB CLO ETF,avg_dollar_volume_30d_below_15m_usd,446302.71,41
CLOC,CLOC,AAM Crescent CLO ETF,avg_dollar_volume_30d_below_15m_usd,84116.97,40
CLOD,CLOD,Themes Cloud Computing ETF,avg_dollar_volume_30d_below_15m_usd,49185.05,40
CLOI,CLOI,VanEck CLO ETF,avg_dollar_volume_30d_below_15m_usd,10044556.13,41
CLOO,CLOO,NYLI Investment Grade CLO ETF,avg_dollar_volume_30d_below_15m_usd,687257.87,40
CLOU,CLOU,Global X Cloud Computing ETF,avg_dollar_volume_30d_below_15m_usd,7071695.28,41
CLOX,CLOX,Eldridge AAA CLO ETF,avg_dollar_volume_30d_below_15m_usd,4583299.6,41
CLOZ,CLOZ,Eldridge BBB-B CLO ETF,avg_dollar_volume_30d_below_15m_usd,9072583.27,41
CLPR,CLPR,Clipper Realty Inc. Common Stock,avg_dollar_volume_30d_below_15m_usd,426542.04,41
CLPS,CLPS,CLPS Incorporation - Common Stock,avg_dollar_volume_30d_below_15m_usd,36035.6,41
CLPT,CLPT,ClearPoint Neuro Inc. - Common Stock,avg_dollar_volume_30d_below_15m_usd,14570240.85,41
CLRB,CLRB,"Cellectar Biosciences, Inc. - Common Stock",avg_dollar_volume_30d_below_15m_usd,365396.81,41
CLSE,CLSE,Convergence Long/Short Equity ETF,avg_dollar_volume_30d_below_15m_usd,9271136.06,41
CLSM,CLSM,ETC Cabana Target Leading Sector Moderate ETF,avg_dollar_volume_30d_below_15m_usd,405648.22,41
CLST,CLST,"Catalyst Bancorp, Inc. - common stock",avg_dollar_volume_30d_below_15m_usd,44468.54,41
CLSX,CLSX,Tradr 2X Long CLSK Daily ETF,avg_dollar_volume_30d_below_15m_usd,5647304.02,41
CLUB,CLUB,Billionaires Club ETF,avg_dollar_volume_30d_below_15m_usd,154170.66,40
CLW,CLW,Clearwater Paper Corporation Common Stock,avg_dollar_volume_30d_below_15m_usd,3343994.81,41
CLWT,CLWT,Euro Tech Holdings Company Limited - Ordinary Shares,avg_dollar_volume_30d_below_15m_usd,5426935.42,41
CMAG,CMAG,Corgi Mag 7 ETF,avg_dollar_volume_30d_below_15m_usd,326938.59,41
CMAY,CMAY,Corgi U.S. Equities 15% Structured Buffer ETF - May Series,avg_dollar_volume_30d_below_15m_usd,61611.34,41
CMBO,CMBO,Wayfinder Dynamic U.S. Interest Rate ETF,avg_dollar_volume_30d_below_15m_usd,33511.02,40
CMBS,CMBS,iShares CMBS Bond ETF,avg_dollar_volume_30d_below_15m_usd,1678371.45,41
CMCI,CMCI,VanEck CMCI Commodity Strategy ETF,avg_dollar_volume_30d_below_15m_usd,17147.6,41
CMCL,CMCL,Caledonia Mining Corporation Plc Common Shares,avg_dollar_volume_30d_below_15m_usd,5170884.24,41
CMCO,CMCO,Columbus McKinnon Corporation - Common Stock,avg_dollar_volume_30d_below_15m_usd,9641063.31,41
CMCT,CMCT,Creative Media  - Common Stock,avg_dollar_volume_30d_below_15m_usd,153870.67,40
CMDB,CMDB,Costamare Bulkers Holdings Limited Common Stock,avg_dollar_volume_30d_below_15m_usd,1042635.71,41
CMDT,CMDT,PIMCO Commodity Strategy Active Exchange-Traded Fund,avg_dollar_volume_30d_below_15m_usd,2583811.7,41
CMDY,CMDY,iShares Bloomberg Roll Select Commodity Strategy ETF,avg_dollar_volume_30d_below_15m_usd,4324212.2,41
CMGG,CMGG,Leverage Shares 2X Long CMG Daily ETF,avg_dollar_volume_30d_below_15m_usd,199593.98,40
CMII,CMII,Columbus Circle Capital Corp II - Class A Ordinary Shares,avg_dollar_volume_30d_below_15m_usd,2358642.38,41
CMND,CMND,Clearmind Medicine Inc. - Common Shares,avg_dollar_volume_30d_below_15m_usd,12749529.2,41
CMPX,CMPX,"Compass Therapeutics, Inc. - Common Stock",avg_dollar_volume_30d_below_15m_usd,8057337.27,41
CMRC,CMRC,"Commerce.com, Inc. - Series 1 Common Stock",avg_dollar_volume_30d_below_15m_usd,1929515.15,41
CMRE,CMRE,Costamare Inc. Common Stock $0.0001 par value,avg_dollar_volume_30d_below_15m_usd,7059435.43,41
CMT,CMT,Core Molding Technologies Inc Common Stock,avg_dollar_volume_30d_below_15m_usd,675184.23,41
CMTL,CMTL,Comtech Telecommunications Corp. - Common Stock,avg_dollar_volume_30d_below_15m_usd,2735705.14,41
CMTV,CMTV,Community Bancorp.  - Common stock,avg_dollar_volume_30d_below_15m_usd,1845385.98,41
CNAV,CNAV,Mohr Company Nav ETF,avg_dollar_volume_30d_below_15m_usd,403436.9,41
CNBS,CNBS,Amplify Seymour Cannabis ETF,avg_dollar_volume_30d_below_15m_usd,191485.73,41
CNCG,CNCG,Leverage Shares 2X Long CNC Daily ETF,avg_dollar_volume_30d_below_15m_usd,47669.1,40
CNCK,CNCK,Coincheck Group N.V. - Ordinary Shares,avg_dollar_volume_30d_below_15m_usd,177051.14,41
CNDT,CNDT,Conduent Incorporated - Common Stock,avg_dollar_volume_30d_below_15m_usd,1911421.55,41
CNEQ,CNEQ,Alger Concentrated Equity ETF,avg_dollar_volume_30d_below_15m_usd,8673159.24,41
CNET,CNET,ZW Data Action Technologies Inc. - Common Stock,avg_dollar_volume_30d_below_15m_usd,497251.01,40
CNEY,CNEY,CN Energy Group Inc. - Class A Ordinary Shares,avg_dollar_volume_30d_below_15m_usd,603111.69,41
CNL,CNL,Collective Mining Ltd. Common Shares,avg_dollar_volume_30d_below_15m_usd,899702.23,41
CNNE,CNNE,"Cannae Holdings, Inc. Common Stock",avg_dollar_volume_30d_below_15m_usd,6742384.06,41
CNQQ,CNQQ,Rayliant-ChinaAMC Transformative China Tech ETF,avg_dollar_volume_30d_below_15m_usd,419056.54,41
CNRG,CNRG,State Street SPDR S&P Kensho Clean Power ETF,avg_dollar_volume_30d_below_15m_usd,1597060.15,41
CNSP,CNSP,"CNS Pharmaceuticals, Inc. - Common Stock",avg_dollar_volume_30d_below_15m_usd,93515.73,41
CNTB,CNTB,Connect Biopharma Holdings Limited - Ordinary Shares,avg_dollar_volume_30d_below_15m_usd,935425.11,41
CNTN,CNTN,"Canton Strategic Holdings, Inc. - Common Stock",avg_dollar_volume_30d_below_15m_usd,3584758.8,41
CNTX,CNTX,Context Therapeutics Inc. - Common Stock,avg_dollar_volume_30d_below_15m_usd,2439110.49,41
CNTY,CNTY,"Century Casinos, Inc. - Common Stock",avg_dollar_volume_30d_below_15m_usd,108439.11,41
CNVS,CNVS,Cineverse Corp. - Class A Common Stock,avg_dollar_volume_30d_below_15m_usd,1440970.12,41
CNXN,CNXN,"PC Connection, Inc. - Common Stock",avg_dollar_volume_30d_below_15m_usd,11419090.58,41
CNXT,CNXT,VanEck ChiNext Innovators ETF,avg_dollar_volume_30d_below_15m_usd,8343259.32,41
CNXU,CNXU,Conexeu Sciences Inc. - Common Stock,avg_dollar_volume_30d_below_15m_usd,1127382.12,33
CNYA,CNYA,iShares MSCI China A ETF,avg_dollar_volume_30d_below_15m_usd,5544885.11,41
COAG,COAG,"Hemab Therapeutics Holdings, Inc. - Common Stock",avg_dollar_volume_30d_below_15m_usd,8138322.21,41
COAL,COAL,Range Global Coal Index ETF,avg_dollar_volume_30d_below_15m_usd,1286094.85,41
COCH,COCH,"Envoy Medical, Inc. - Class A Common Stock",avg_dollar_volume_30d_below_15m_usd,362536.84,41
COCP,COCP,"Cocrystal Pharma, Inc. - Common Stock",avg_dollar_volume_30d_below_15m_usd,87763.67,41
CODA,CODA,"Coda Octopus Group, Inc. - Common stock",avg_dollar_volume_30d_below_15m_usd,1948215.09,41
CODX,CODX,"Co-Diagnostics, Inc. - Common Stock",avg_dollar_volume_30d_below_15m_usd,13720027.36,41
COFS,COFS,"ChoiceOne Financial Services, Inc. - Common Stock",avg_dollar_volume_30d_below_15m_usd,3356542.85,41
COHC,COHC,Corgi COHR 2x Daily ETF,avg_dollar_volume_30d_below_15m_usd,15653.47,2
COHH,COHH,Leverage Shares 2X Long COHR Daily ETF,avg_dollar_volume_30d_below_15m_usd,3818804.99,40
COIA,COIA,ProShares Ultra COIN,avg_dollar_volume_30d_below_15m_usd,277767.53,41
COIG,COIG,Leverage Shares 2X Long COIN Daily ETF,avg_dollar_volume_30d_below_15m_usd,716005.1,41
COIW,COIW,Roundhill COIN WeeklyPay ETF,avg_dollar_volume_30d_below_15m_usd,1496945.23,41
COIX,COIX,Corgi COIN 2x Daily ETF,avg_dollar_volume_30d_below_15m_usd,61044.37,9
COLO,COLO,Global X MSCI Colombia ETF,avg_dollar_volume_30d_below_15m_usd,12076105.97,41
COM,COM,Direxion Auspice Broad Commodity Strategy ETF,avg_dollar_volume_30d_below_15m_usd,5709433.8,41
COMB,COMB,GraniteShares Bloomberg Commodity Broad Strategy No K-1 ETF,avg_dollar_volume_30d_below_15m_usd,1735950.01,41
COMD,COMD,Global X Commodity Strategy ETF,avg_dollar_volume_30d_below_15m_usd,47460.72,41
COMT,COMT,iShares GSCI Commodity Dynamic Roll Strategy ETF,avg_dollar_volume_30d_below_15m_usd,12512194.95,41
CONI,CONI,GraniteShares 2x Short COIN Daily ETF,avg_dollar_volume_30d_below_15m_usd,7921600.94,41
CONX,CONX,Direxion Daily COIN Bull 2X ETF,avg_dollar_volume_30d_below_15m_usd,659449.3,41
CONY,CONY,YieldMax COIN Option Income Strategy ETF,avg_dollar_volume_30d_below_15m_usd,9697950.66,41
COOK,COOK,"Traeger, Inc. Common Stock",avg_dollar_volume_30d_below_15m_usd,3950484.0,41
COOT,COOT,Australian Oilseeds Holdings Limited - Ordinary Shares,avg_dollar_volume_30d_below_15m_usd,60292.7,41
COPA,COPA,Themes Copper Miners ETF,avg_dollar_volume_30d_below_15m_usd,136440.2,41
COPJ,COPJ,Sprott Junior Copper Miners ETF,avg_dollar_volume_30d_below_15m_usd,3316199.14,41
COPP,COPP,Sprott Copper Miners ETF,avg_dollar_volume_30d_below_15m_usd,5833241.16,41
COPR,COPR,Idaho Copper Corporation Common Stock,avg_dollar_volume_30d_below_15m_usd,711836.18,5
COPY,COPY,"Tweedy, Browne Insider + Value ETF",avg_dollar_volume_30d_below_15m_usd,1509426.22,41
COPZ,COPZ,Defiance Daily Target 2X Long Copper Miners ETF,avg_dollar_volume_30d_below_15m_usd,607613.19,41
CORB,CORB,AB Core Bond ETF,avg_dollar_volume_30d_below_15m_usd,3163004.57,41
CORN,CORN,Teucrium Corn Fund ETV,avg_dollar_volume_30d_below_15m_usd,7363380.2,41
CORP,CORP,PIMCO Investment Grade Corporate Bond Index Exchange-Traded Fund,avg_dollar_volume_30d_below_15m_usd,6722681.65,41
COSM,COSM,Cosmos Health Inc. - Common Stock,avg_dollar_volume_30d_below_15m_usd,3591466.26,41
COSO,COSO,"CoastalSouth Bancshares, Inc. Common Stock",avg_dollar_volume_30d_below_15m_usd,3943940.1,41
COSW,COSW,Roundhill COST WeeklyPay ETF,avg_dollar_volume_30d_below_15m_usd,211387.61,41
COTG,COTG,Leverage Shares 2X Long COST Daily ETF,avg_dollar_volume_30d_below_15m_usd,2111965.31,41
COWG,COWG,Pacer US Large Cap Cash Cows Growth Leaders ETF,avg_dollar_volume_30d_below_15m_usd,11132890.15,41
COWS,COWS,Amplify Cash Flow Dividend Leaders ETF,avg_dollar_volume_30d_below_15m_usd,209655.04,41
COYA,COYA,"Coya Therapeutics, Inc. - Common Stock",avg_dollar_volume_30d_below_15m_usd,1014961.89,41
COYY,COYY,GraniteShares YieldBOOST COIN ETF,avg_dollar_volume_30d_below_15m_usd,628135.15,41
COZX,COZX,Tradr 2X Long CORZ Daily ETF,avg_dollar_volume_30d_below_15m_usd,2019468.62,41
CPAG,CPAG,F/m Compoundr U.S. Aggregate Bond ETF,avg_dollar_volume_30d_below_15m_usd,448588.28,40
CPAI,CPAI,Counterpoint Quantitative Equity ETF,avg_dollar_volume_30d_below_15m_usd,3439810.49,41
CPBI,CPBI,"Central Plains Bancshares, Inc. - Common Stock",avg_dollar_volume_30d_below_15m_usd,63013.4,41
CPHC,CPHC,Canterbury Park Holding Corporation - Common Stock,avg_dollar_volume_30d_below_15m_usd,38035.63,40
CPHI,CPHI,"China Pharma Holdings, Inc. Common Stock",avg_dollar_volume_30d_below_15m_usd,40111.82,41
CPHY,CPHY,F/m Compoundr High Yield Bond ETF,avg_dollar_volume_30d_below_15m_usd,46212.6,40
CPII,CPII,American Beacon Ionic Inflation Protection ETF,avg_dollar_volume_30d_below_15m_usd,12725.15,41
CPIX,CPIX,Cumberland Pharmaceuticals Inc. - Common Stock,avg_dollar_volume_30d_below_15m_usd,394583.98,41
CPLB,CPLB,NYLI MacKay Core Plus Bond ETF,avg_dollar_volume_30d_below_15m_usd,882607.83,41
CPLS,CPLS,AB Core Plus Bond ETF,avg_dollar_volume_30d_below_15m_usd,530417.1,41
CPNJ,CPNJ,Calamos Nasdaq - 100 Structured Alt Protection ETF -June,avg_dollar_volume_30d_below_15m_usd,663000.3,41
CPNM,CPNM,Calamos Nasdaq-100 Structured Alt Protection ETF - March,avg_dollar_volume_30d_below_15m_usd,20087.64,41
CPNQ,CPNQ,Calamos Nasdaq-100 Structured Alt Protection ETF December,avg_dollar_volume_30d_below_15m_usd,305992.17,41
CPNS,CPNS,Calamos Nasdaq-100 Structured Alt Protection ETF  September,avg_dollar_volume_30d_below_15m_usd,70015.32,41
CPNX,CPNX,Tradr 2X Long CPNG Daily ETF,avg_dollar_volume_30d_below_15m_usd,248008.75,41
CPRA,CPRA,Calamos Russell 2000 Structured Alt Protection ETF - April,avg_dollar_volume_30d_below_15m_usd,23911.26,41
CPRJ,CPRJ,Calamos Russell 2000 Structured Alt Protection ETF  July,avg_dollar_volume_30d_below_15m_usd,441645.07,41
CPRO,CPRO,Calamos Russell 2000 Structured Alt Protection ETF - October,avg_dollar_volume_30d_below_15m_usd,111297.46,41
CPRY,CPRY,Calamos Russell 2000 Structured Alt Protection ETF January,avg_dollar_volume_30d_below_15m_usd,487395.57,41
CPS,CPS,Cooper-Standard Holdings Inc. Common Stock,avg_dollar_volume_30d_below_15m_usd,4392736.11,41
CPSA,CPSA,Calamos S&P 500 Structured Alt Protection ETF  August,avg_dollar_volume_30d_below_15m_usd,100778.45,40
CPSD,CPSD,Calamos S&P 500 Structured Alt Protection ETF December,avg_dollar_volume_30d_below_15m_usd,35919.88,41
CPSF,CPSF,Calamos S&P 500 Structured Alt Protection ETF February,avg_dollar_volume_30d_below_15m_usd,34660.9,41
CPSJ,CPSJ,Calamos S&P 500 Structured Alt Protection ETF  July,avg_dollar_volume_30d_below_15m_usd,275228.48,41
CPSL,CPSL,Calamos Laddered S&P 500 Structured Alt Protection ETF,avg_dollar_volume_30d_below_15m_usd,825259.94,41
CPSM,CPSM,Calamos S&P 500 Structured Alt Protection ETF  May,avg_dollar_volume_30d_below_15m_usd,140687.89,41
CPSN,CPSN,Calamos S&P 500 Structured Alt Protection ETF November,avg_dollar_volume_30d_below_15m_usd,60562.09,41
CPSO,CPSO,Calamos S&P 500 Structured Alt Protection ETF - October,avg_dollar_volume_30d_below_15m_usd,17877.16,41
CPSP,CPSP,Calamos S&P 500 Structured Alt Protection ETF - April,avg_dollar_volume_30d_below_15m_usd,58304.39,41
CPSR,CPSR,Calamos S&P 500 Structured Alt Protection ETF - March,avg_dollar_volume_30d_below_15m_usd,24957.09,41
CPSS,CPSS,"Consumer Portfolio Services, Inc. - Common Stock",avg_dollar_volume_30d_below_15m_usd,231863.8,40
CPST,CPST,Calamos S&P 500 Structured Alt Protection ETF  September,avg_dollar_volume_30d_below_15m_usd,31701.64,40
CPSU,CPSU,Calamos S&P 500 Structured Alt Protection ETF June,avg_dollar_volume_30d_below_15m_usd,542052.12,41
CPSY,CPSY,Calamos S&P 500 Structured Alt Protection ETF January,avg_dollar_volume_30d_below_15m_usd,16592.11,41
CPXR,CPXR,USCF Daily Target 2X Copper Index ETF,avg_dollar_volume_30d_below_15m_usd,466789.14,41
CQTM,CQTM,Corgi Quantum Computing ETF,avg_dollar_volume_30d_below_15m_usd,1821712.37,41
CRAK,CRAK,VanEck Oil Refiners ETF,avg_dollar_volume_30d_below_15m_usd,4699748.05,41
CRBN,CRBN,iShares Low Carbon Optimized MSCI ACWI ETF,avg_dollar_volume_30d_below_15m_usd,2466483.8,41
CRBP,CRBP,"Corbus Pharmaceuticals Holdings, Inc. - Common Stock",avg_dollar_volume_30d_below_15m_usd,4727386.37,41
CRBU,CRBU,"Caribou Biosciences, Inc. - Common Stock",avg_dollar_volume_30d_below_15m_usd,4294096.34,41
CRCD,CRCD,T-REX 2X Inverse CRCL Daily Target ETF,avg_dollar_volume_30d_below_15m_usd,13841514.76,41
CRCO,CRCO,YieldMax CRCL Option Income Strategy ETF,avg_dollar_volume_30d_below_15m_usd,1770664.13,41
CRCT,CRCT,"Cricut, Inc. - Class A common stock",avg_dollar_volume_30d_below_15m_usd,2343322.7,41
CRD.A,CRD-A,Crawford & Company Common Stock,avg_dollar_volume_30d_below_15m_usd,910776.7,41
CRD.B,CRD-B,Crawford & Company Common Stock,avg_dollar_volume_30d_below_15m_usd,45098.42,41
CRDD,CRDD,Cardano ETF,avg_dollar_volume_30d_below_15m_usd,24406.73,41
CRDF,CRDF,"Cardiff Oncology, Inc. - Common Stock",avg_dollar_volume_30d_below_15m_usd,2176763.0,41
CRDL,CRDL,Cardiol Therapeutics Inc. - Class A Common Shares,avg_dollar_volume_30d_below_15m_usd,394416.41,41
CRDT,CRDT,Simplify Opportunistic Income ETF,avg_dollar_volume_30d_below_15m_usd,75143.41,41
CRDX,CRDX,2x Cardano ETF,avg_dollar_volume_30d_below_15m_usd,148495.33,41
CRE,CRE,Cre8 Enterprise Limited - Class A Ordinary Shares,avg_dollar_volume_30d_below_15m_usd,5630170.32,41
CRED,CRED,Columbia Research Enhanced Real Estate ETF,avg_dollar_volume_30d_below_15m_usd,8413.49,41
CREG,CREG,Smart Powerr Corp. - Common Stock,avg_dollar_volume_30d_below_15m_usd,2200514.56,41
CREX,CREX,"Creative Realities, Inc. - Common Stock",avg_dollar_volume_30d_below_15m_usd,168896.97,40
CRGO,CRGO,Freightos Limited - Ordinary shares,avg_dollar_volume_30d_below_15m_usd,127044.12,41
CRIB,CRIB,Russell Investments Global Real Estate ETF,avg_dollar_volume_30d_below_15m_usd,202645.18,11
CRIS,CRIS,"Curis, Inc. - Common Stock",avg_dollar_volume_30d_below_15m_usd,2317037.3,41
CRMD,CRMD,CorMedix Inc. - Common Stock,avg_dollar_volume_30d_below_15m_usd,11647286.61,41
CRMT,CRMT,"America's Car-Mart, Inc. - Common Stock",avg_dollar_volume_30d_below_15m_usd,9642206.39,41
CRMU,CRMU,Leverage Shares 2x Long CRML Daily ETF,avg_dollar_volume_30d_below_15m_usd,696478.19,41
CRMX,CRMX,Tradr 2X Long CRML Daily ETF,avg_dollar_volume_30d_below_15m_usd,2128947.34,41
CRNC,CRNC,Cerence Inc. - Common Stock,avg_dollar_volume_30d_below_15m_usd,10800519.97,41
CRNT,CRNT,Ceragon Networks Ltd. - Ordinary Shares,avg_dollar_volume_30d_below_15m_usd,2080701.96,41
CRON,CRON,Cronos Group Inc. - Common Share,avg_dollar_volume_30d_below_15m_usd,2953088.44,41
CRPT,CRPT,First Trust SkyBridge Crypto Industry and Digital Economy ETF,avg_dollar_volume_30d_below_15m_usd,1000136.96,41
CRSH,CRSH,YieldMax Short TSLA Option Income Strategy ETF,avg_dollar_volume_30d_below_15m_usd,331929.84,41
CRTC,CRTC,Xtrackers US National Critical Technologies ETF,avg_dollar_volume_30d_below_15m_usd,451715.97,41
CRUC,CRUC,Corgi CRUS 2x Daily ETF,avg_dollar_volume_30d_below_15m_usd,27478.49,11
CRUX,CRUX,Columbia Core Bond ETF,avg_dollar_volume_30d_below_15m_usd,5244190.98,41
CRVL,CRVL,CorVel Corp. - Common Stock,avg_dollar_volume_30d_below_15m_usd,14465465.01,41
CRWL,CRWL,GraniteShares 2x Long CRWD Daily ETF,avg_dollar_volume_30d_below_15m_usd,11839972.24,41
CRWS,CRWS,"Crown Crafts, Inc. - Common Stock",avg_dollar_volume_30d_below_15m_usd,138649.26,41
CRWX,CRWX,Corgi CRWV 2x Daily ETF,avg_dollar_volume_30d_below_15m_usd,28565.0,2
CRXP,CRXP,Columbia Core Plus Bond ETF,avg_dollar_volume_30d_below_15m_usd,2249.85,40
CRY,CRY,GraniteShares YieldBOOST CRCL ETF,avg_dollar_volume_30d_below_15m_usd,110786.49,41
CSAI,CSAI,"Cloudastructure, Inc. - Class A Common Stock",avg_dollar_volume_30d_below_15m_usd,284276.29,41
CSB,CSB,VictoryShares US Small Cap High Div Volatility Wtd ETF,avg_dollar_volume_30d_below_15m_usd,709396.67,41
CSBR,CSBR,"Champions Oncology, Inc. - Common Stock",avg_dollar_volume_30d_below_15m_usd,45566.13,40
CSCL,CSCL,Direxion Daily CSCO Bull 2X ETF,avg_dollar_volume_30d_below_15m_usd,1879807.34,41
CSCS,CSCS,Direxion Daily CSCO Bear 1X ETF,avg_dollar_volume_30d_below_15m_usd,72956.94,41
CSD,CSD,Invesco S&P Spin-Off ETF,avg_dollar_volume_30d_below_15m_usd,2078037.06,41
CSEN,CSEN,Cohen & Steers Future of Energy Active ETF,avg_dollar_volume_30d_below_15m_usd,901314.27,17
CSEX,CSEX,Tradr 2X Long CLS Daily ETF,avg_dollar_volume_30d_below_15m_usd,3033992.57,41
CSHP,CSHP,iShares Dynamic Short-Term Active ETF,avg_dollar_volume_30d_below_15m_usd,194879.78,41
CSHR,CSHR,CoinShares PLC - Ordinary Shares,avg_dollar_volume_30d_below_15m_usd,982147.33,41
CSIO,CSIO,Cohen & Steers Infrastructure Opportunities Active ETF,avg_dollar_volume_30d_below_15m_usd,331296.01,41
CSM,CSM,ProShares Large Cap Core Plus,avg_dollar_volume_30d_below_15m_usd,635170.2,41
CSMD,CSMD,Congress SMid Growth ETF,avg_dollar_volume_30d_below_15m_usd,1335596.22,41
CSNR,CSNR,Cohen & Steers Natural Resources Active ETF,avg_dollar_volume_30d_below_15m_usd,849197.12,41
CSPF,CSPF,Cohen & Steers Preferred and Income Opportunities Active ETF,avg_dollar_volume_30d_below_15m_usd,1401196.97,41
CSPI,CSPI,CSP Inc. - Common Stock,avg_dollar_volume_30d_below_15m_usd,484952.32,41
CSR,CSR,D/B/A Centerspace Common Stock,avg_dollar_volume_30d_below_15m_usd,11176406.82,41
CSRE,CSRE,Cohen & Steers Real Estate Active ETF,avg_dollar_volume_30d_below_15m_usd,3633963.96,41
CSSD,CSSD,Cohen & Steers Short Duration Preferred and Income Active ETF,avg_dollar_volume_30d_below_15m_usd,471090.93,40
CSTE,CSTE,Caesarstone Ltd. - Ordinary Shares,avg_dollar_volume_30d_below_15m_usd,309956.91,41
CSTK,CSTK,Invesco Comstock Contrarian Equity ETF,avg_dollar_volume_30d_below_15m_usd,316771.96,41
CSTL,CSTL,"Castle Biosciences, Inc. - Common stock",avg_dollar_volume_30d_below_15m_usd,7740677.65,41
CSV,CSV,"Carriage Services, Inc. Common Stock",avg_dollar_volume_30d_below_15m_usd,5649474.84,41
CTA,CTA,Simplify Managed Futures Strategy ETF,avg_dollar_volume_30d_below_15m_usd,14091681.13,41
CTAP,CTAP,Simplify US Equity PLUS Managed Futures Strategy ETF,avg_dollar_volume_30d_below_15m_usd,1590635.56,41
CTEC,CTEC,Global X ClimateTech ETF,avg_dollar_volume_30d_below_15m_usd,299315.66,41
CTEF,CTEF,Castellan Targeted Equity ETF,avg_dollar_volume_30d_below_15m_usd,254394.01,41
CTEV,CTEV,Claritev Corporation Class A Common Stock,avg_dollar_volume_30d_below_15m_usd,3531470.92,41
CTEX,CTEX,ProShares S&P Kensho Cleantech ETF,avg_dollar_volume_30d_below_15m_usd,76837.43,41
CTGO,CTGO,Contango Silver & Gold Inc. Common Stock,avg_dollar_volume_30d_below_15m_usd,11067119.07,41
CTIF,CTIF,Castellan Targeted Income ETF,avg_dollar_volume_30d_below_15m_usd,407730.64,41
CTJL,CTJL,Corgi U.S. Equities 30% Structured Buffer ETF - July Series,avg_dollar_volume_30d_below_15m_usd,198403.98,5
CTJN,CTJN,Corgi U.S. Equities 30% Structured Buffer ETF - June Series,avg_dollar_volume_30d_below_15m_usd,39264.85,26
CTKB,CTKB,"Cytek Biosciences, Inc. - Common Stock",avg_dollar_volume_30d_below_15m_usd,7600681.82,41
CTM,CTM,"Castellum, Inc. Common Stock",avg_dollar_volume_30d_below_15m_usd,5454488.97,41
CTMA,CTMA,Corgi U.S. Equities 30% Structured Buffer ETF - May Series,avg_dollar_volume_30d_below_15m_usd,52584.49,41
CTNM,CTNM,"Contineum Therapeutics, Inc. - Common stock",avg_dollar_volume_30d_below_15m_usd,5625636.39,41
CTNT,CTNT,Cheetah Net Supply Chain Service Inc. - Class A Common Stock,avg_dollar_volume_30d_below_15m_usd,4605025.8,41
CTO,CTO,"CTO Realty Growth, Inc. Common Stock",avg_dollar_volume_30d_below_15m_usd,8415653.96,41
CTOR,CTOR,"Citius Oncology, Inc.  - Common Stock",avg_dollar_volume_30d_below_15m_usd,44736.49,41
CTOS,CTOS,"Custom Truck One Source, Inc. Common Stock",avg_dollar_volume_30d_below_15m_usd,11057696.12,41
CTRM,CTRM,Castor Maritime Inc. - Common Shares,avg_dollar_volume_30d_below_15m_usd,141568.54,41
CTRN,CTRN,"Citi Trends, Inc. - Common Stock",avg_dollar_volume_30d_below_15m_usd,11673705.19,41
CTSO,CTSO,Cytosorbents Corporation - Common Stock,avg_dollar_volume_30d_below_15m_usd,109307.79,41
CTW,CTW,CTW - Class A Ordinary Shares,avg_dollar_volume_30d_below_15m_usd,37970.38,40
CTWO,CTWO,Common units,avg_dollar_volume_30d_below_15m_usd,2661.86,41
CTXR,CTXR,"Citius Pharmaceuticals, Inc. - Common Stock",avg_dollar_volume_30d_below_15m_usd,175814.14,41
CUB,CUB,Lionheart Holdings - Class A Ordinary Shares,avg_dollar_volume_30d_below_15m_usd,7294113.8,40
CUE,CUE,"Cue Biopharma, Inc. - Common Stock",avg_dollar_volume_30d_below_15m_usd,2516641.72,41
CULP,CULP,"Culp, Inc. - Common Shares",avg_dollar_volume_30d_below_15m_usd,100905.02,41
CURE,CURE,Direxion Daily Healthcare Bull 3X ETF,avg_dollar_volume_30d_below_15m_usd,10325110.99,41
CURI,CURI,CuriosityStream Inc.  - Class A Common Stock,avg_dollar_volume_30d_below_15m_usd,1225172.66,41
CURR,CURR,Currenc Group Inc. - Ordinary Shares,avg_dollar_volume_30d_below_15m_usd,408316.89,41
CURV,CURV,Torrid Holdings Inc. Common Stock,avg_dollar_volume_30d_below_15m_usd,1087954.51,41
CURX,CURX,Curanex Pharmaceuticals Inc - Common Stock,avg_dollar_volume_30d_below_15m_usd,25129.27,41
CUSD,CUSD,CrossingBridge Ultra-Short Duration ETF,avg_dollar_volume_30d_below_15m_usd,410136.35,40
CUST,CUST,Corgi 1-3 Year Treasury Bond ETF,avg_dollar_volume_30d_below_15m_usd,314348.92,24
CUT,CUT,Invesco MSCI Global Timber ETF,avg_dollar_volume_30d_below_15m_usd,66666.54,41
CV,CV,"CapsoVision, Inc. - Common Stock",avg_dollar_volume_30d_below_15m_usd,1386979.38,41
CVAR,CVAR,Cultivar ETF,avg_dollar_volume_30d_below_15m_usd,65065.5,41
CVEO,CVEO,Civeo Corporation (Canada) Common Shares,avg_dollar_volume_30d_below_15m_usd,4989707.77,41
CVGD,CVGD,CresAlta Global Dividend ETF,avg_dollar_volume_30d_below_15m_usd,17876.17,36
CVGI,CVGI,"Commercial Vehicle Group, Inc. - Common Stock",avg_dollar_volume_30d_below_15m_usd,2872740.13,41
CVIE,CVIE,Calvert International Responsible Index ETF,avg_dollar_volume_30d_below_15m_usd,1725793.22,41
CVKD,CVKD,"Cadrenal Therapeutics, Inc. - Common Stock",avg_dollar_volume_30d_below_15m_usd,300169.67,41
CVLC,CVLC,Calvert US Large-Cap Core Responsible Index ETF,avg_dollar_volume_30d_below_15m_usd,2006731.57,41
CVLG,CVLG,"Covenant Logistics Group, Inc. Class A Common Stock",avg_dollar_volume_30d_below_15m_usd,8345588.58,41
CVM,CVM,Cel-Sci Corporation Common Stock,avg_dollar_volume_30d_below_15m_usd,436178.07,41
CVMC,CVMC,Calvert US Mid-Cap Core Responsible Index ETF,avg_dollar_volume_30d_below_15m_usd,238528.94,41
CVNY,CVNY,YieldMax CVNA Option Income Strategy ETF,avg_dollar_volume_30d_below_15m_usd,753340.49,41
CVR,CVR,Chicago Rivet & Machine Co. Common Stock,avg_dollar_volume_30d_below_15m_usd,29229.17,41
CVRD,CVRD,Madison Covered Call ETF,avg_dollar_volume_30d_below_15m_usd,20495.24,41
CVRT,CVRT,Calamos Convertible Equity Alternative ETF,avg_dollar_volume_30d_below_15m_usd,448725.06,41
CVRX,CVRX,"CVRx, Inc. - Common Stock",avg_dollar_volume_30d_below_15m_usd,1552179.53,41
CVSB,CVSB,Calvert Ultra-Short Investment Grade ETF,avg_dollar_volume_30d_below_15m_usd,2513877.12,41
CVSM,CVSM,CresAlta Small and Mid-Cap ETF,avg_dollar_volume_30d_below_15m_usd,42228.8,36
CVU,CVU,"CPI Aerostructures, Inc. Common Stock",avg_dollar_volume_30d_below_15m_usd,435709.67,41
CVV,CVV,CVD Equipment Corporation - Common Stock,avg_dollar_volume_30d_below_15m_usd,661661.83,41
CVY,CVY,Invesco Zacks Multi-Asset Income ETF,avg_dollar_volume_30d_below_15m_usd,137622.89,41
CWBC,CWBC,Community West Bancshares - Common Stock,avg_dollar_volume_30d_below_15m_usd,12393433.39,41
CWCO,CWCO,Consolidated Water Co. Ltd. - Ordinary Shares,avg_dollar_volume_30d_below_15m_usd,3192682.4,41
CWD,CWD,CaliberCos Inc. - Class A Common Stock,avg_dollar_volume_30d_below_15m_usd,14280205.87,41
CWEB,CWEB,Direxion Daily CSI China Internet Index Bull 2X ETF,avg_dollar_volume_30d_below_15m_usd,13573266.4,41
CWI,CWI,State Street SPDR MSCI ACWI ex-US ETF,avg_dollar_volume_30d_below_15m_usd,9067414.24,41
CWS,CWS,AdvisorShares Focused Equity ETF,avg_dollar_volume_30d_below_15m_usd,438057.22,41
CWY,CWY,GraniteShares YieldBOOST CRWV ETF,avg_dollar_volume_30d_below_15m_usd,36011.74,41
CXAI,CXAI,CXApp Inc. - Class A Common Stock,avg_dollar_volume_30d_below_15m_usd,8151105.16,41
CXDO,CXDO,"Crexendo, Inc. - Common Stock",avg_dollar_volume_30d_below_15m_usd,6366066.78,41
CXII,CXII,Churchill Capital Corp XII - Class A Ordinary Shares,avg_dollar_volume_30d_below_15m_usd,1384324.7,15
CXRN,CXRN,Teucrium 2x Daily Corn ETF,avg_dollar_volume_30d_below_15m_usd,204623.64,41
CXSE,CXSE,WisdomTree China ex-State-Owned Enterprises Fund,avg_dollar_volume_30d_below_15m_usd,883210.71,41
CYAB,CYAB,"Cyabra, Inc. - Common Stock",avg_dollar_volume_30d_below_15m_usd,117622.98,41
CYCN,CYCN,"Cyclerion Therapeutics, Inc. - Common Stock",avg_dollar_volume_30d_below_15m_usd,81062.23,41
CYCU,CYCU,"Cycurion, Inc. - Common Stock",avg_dollar_volume_30d_below_15m_usd,753764.37,41
CYD,CYD,China Yuchai International Limited Common Stock,avg_dollar_volume_30d_below_15m_usd,11603718.82,41
CYH,CYH,"Community Health Systems, Inc. Common Stock",avg_dollar_volume_30d_below_15m_usd,4956131.21,41
CYN,CYN,Cyngn Inc. - Common stock,avg_dollar_volume_30d_below_15m_usd,328702.89,41
CYPH,CYPH,Cypherpunk Technologies Inc. - Common Stock,avg_dollar_volume_30d_below_15m_usd,4245249.97,41
CYRX,CYRX,"CryoPort, Inc. - Common Stock",avg_dollar_volume_30d_below_15m_usd,14367684.03,41
CZA,CZA,Invesco Zacks Mid-Cap ETF,avg_dollar_volume_30d_below_15m_usd,351178.76,41
CZAR,CZAR,Themes Natural Monopoly ETF,avg_dollar_volume_30d_below_15m_usd,5753.26,40
CZFS,CZFS,"Citizens Financial Services, Inc. - Common Stock",avg_dollar_volume_30d_below_15m_usd,798906.0,40
CZNC,CZNC,Citizens & Northern Corp - Common Stock,avg_dollar_volume_30d_below_15m_usd,1509244.06,41
CZWI,CZWI,"Citizens Community Bancorp, Inc. - Common Stock",avg_dollar_volume_30d_below_15m_usd,2512188.69,41
DABS,DABS,DoubleLine Asset-Backed Securities ETF,avg_dollar_volume_30d_below_15m_usd,708974.74,41
DAC,DAC,Danaos Corporation Common Stock,avg_dollar_volume_30d_below_15m_usd,10491303.16,41
DADS,DADS,Digital Asset Debt Strategy ETF,avg_dollar_volume_30d_below_15m_usd,120982.68,40
DAIC,DAIC,"CID HoldCo, Inc. - Common Stock",avg_dollar_volume_30d_below_15m_usd,3665629.43,41
DAIO,DAIO,Data I/O Corporation - Common Stock,avg_dollar_volume_30d_below_15m_usd,448680.27,41
DAK,DAK,Dakota Active Equity ETF,avg_dollar_volume_30d_below_15m_usd,6099.67,40
DAKT,DAKT,"Daktronics, Inc. - Common Stock",avg_dollar_volume_30d_below_15m_usd,10229557.41,41
DALI,DALI,First Trust Dorsey Wright DALI Equity ETF,avg_dollar_volume_30d_below_15m_usd,314543.5,40
DANA,DANA,Dana Limited Volatility ETF,avg_dollar_volume_30d_below_15m_usd,102642.53,41
DAPR,DAPR,FT Vest U.S. Equity Deep Buffer ETF - April,avg_dollar_volume_30d_below_15m_usd,418707.69,41
DARE,DARE,"Dare Bioscience, Inc. - Common Stock",avg_dollar_volume_30d_below_15m_usd,347371.49,41
DARP,DARP,Grizzle Growth ETF,avg_dollar_volume_30d_below_15m_usd,438390.95,41
DAT,DAT,ProShares Big Data Refiners ETF,avg_dollar_volume_30d_below_15m_usd,126895.76,41
DAUG,DAUG,FT Vest U.S. Equity Deep Buffer ETF - August,avg_dollar_volume_30d_below_15m_usd,296399.79,41
DAX,DAX,Global X DAX Germany ETF,avg_dollar_volume_30d_below_15m_usd,1536508.93,41
DBAW,DBAW,Xtrackers MSCI All World ex US Hedged Equity ETF,avg_dollar_volume_30d_below_15m_usd,962218.43,41
DBB,DBB,Invesco DB Base Metals Fund,avg_dollar_volume_30d_below_15m_usd,9406937.3,41
DBE,DBE,Invesco DB Energy Fund,avg_dollar_volume_30d_below_15m_usd,1713308.8,41
DBEM,DBEM,Xtrackers MSCI Emerging Markets Hedged Equity ETF,avg_dollar_volume_30d_below_15m_usd,396650.86,41
DBEU,DBEU,Xtrackers MSCI Europe Hedged Equity ETF,avg_dollar_volume_30d_below_15m_usd,2574669.05,41
DBEZ,DBEZ,Xtrackers MSCI Eurozone Hedged Equity ETF,avg_dollar_volume_30d_below_15m_usd,147105.27,41
DBGI,DBGI,"Digital Brands Group, Inc. - Common Stock",avg_dollar_volume_30d_below_15m_usd,6819453.61,41
DBI,DBI,Designer Brands Inc. Class A Common Stock,avg_dollar_volume_30d_below_15m_usd,5666568.59,41
DBJP,DBJP,Xtrackers MSCI Japan Hedged Equity ETF,avg_dollar_volume_30d_below_15m_usd,6754484.88,41
DBND,DBND,DoubleLine Opportunistic Core Bond ETF,avg_dollar_volume_30d_below_15m_usd,3397895.44,41
DBO,DBO,Invesco DB Oil Fund,avg_dollar_volume_30d_below_15m_usd,11486809.3,41
DBP,DBP,Invesco DB Precious Metals Fund,avg_dollar_volume_30d_below_15m_usd,1314232.93,41
DC,DC,Dakota Gold Corp. Common Stock,avg_dollar_volume_30d_below_15m_usd,8329121.45,41
DCBO,DCBO,Docebo Inc. - Common Shares,avg_dollar_volume_30d_below_15m_usd,1620151.91,41
DCGO,DCGO,DocGo Inc. - Common Stock,avg_dollar_volume_30d_below_15m_usd,562977.22,41
DCMT,DCMT,DoubleLine Commodity Strategy ETF,avg_dollar_volume_30d_below_15m_usd,140324.9,41
DCOM,DCOM,"Dime Commercial Bancshares, Inc. Common Stock",avg_dollar_volume_30d_below_15m_usd,12739767.98,41
DCOR,DCOR,Dimensional US Core Equity 1 ETF,avg_dollar_volume_30d_below_15m_usd,9804444.37,41
DCOY,DCOY,Decoy Therapeutics Inc. - Common Stock,avg_dollar_volume_30d_below_15m_usd,4323590.72,41
DCRE,DCRE,DoubleLine Commercial Real Estate Debt ETF,avg_dollar_volume_30d_below_15m_usd,2732653.08,41
DCTH,DCTH,"Delcath Systems, Inc. - Common Stock",avg_dollar_volume_30d_below_15m_usd,6426459.03,41
DCX,DCX,Digital Currency X Technology Inc. - Class A Ordinary Shares,avg_dollar_volume_30d_below_15m_usd,1148182.17,41
DDC,DDC,DDC Enterprise Limited Class A Ordinary Shares,avg_dollar_volume_30d_below_15m_usd,89127.29,41
DDDD,DDDD,YieldMax U.S. Stocks Target Double Distribution ETF,avg_dollar_volume_30d_below_15m_usd,170899.14,41
DDEC,DDEC,FT Vest U.S. Equity Deep Buffer ETF - December,avg_dollar_volume_30d_below_15m_usd,343105.44,41
DDFA,DDFA,Innovator Equity Dual Directional 15 Buffer ETF - April,avg_dollar_volume_30d_below_15m_usd,173272.51,41
DDFD,DDFD,Innovator Equity Dual Directional 15 Buffer ETF - December,avg_dollar_volume_30d_below_15m_usd,508931.75,41
DDFF,DDFF,Innovator Equity Dual Directional 15 Buffer ETF - February,avg_dollar_volume_30d_below_15m_usd,516606.74,41
DDFJ,DDFJ,Innovator Equity Dual Directional 15 Buffer ETF - January,avg_dollar_volume_30d_below_15m_usd,167148.7,41
DDFL,DDFL,Innovator Equity Dual Directional 15 Buffer ETF - July,avg_dollar_volume_30d_below_15m_usd,2633236.85,41
DDFM,DDFM,Innovator Equity Dual Directional 15 Buffer ETF - March,avg_dollar_volume_30d_below_15m_usd,92592.7,41
DDFN,DDFN,Innovator Equity Dual Directional 15 Buffer ETF - November,avg_dollar_volume_30d_below_15m_usd,1592945.74,41
DDFO,DDFO,Innovator Equity Dual Directional 15 Buffer ETF - October,avg_dollar_volume_30d_below_15m_usd,292261.86,41
DDFS,DDFS,Innovator Equity Dual Directional 15 Buffer ETF - September,avg_dollar_volume_30d_below_15m_usd,198889.24,41
DDFY,DDFY,Innovator Equity Dual Directional 15 Buffer ETF - May,avg_dollar_volume_30d_below_15m_usd,680740.34,41
DDFZ,DDFZ,Innovator Equity Dual Directional 15 Buffer ETF - June,avg_dollar_volume_30d_below_15m_usd,6190399.48,27
DDIV,DDIV,First Trust Dorsey Wright Momentum & Dividend ETF,avg_dollar_volume_30d_below_15m_usd,155751.63,40
DDLS,DDLS,WisdomTree Dynamic International SmallCap Equity Fund,avg_dollar_volume_30d_below_15m_usd,991505.15,41
DDM,DDM,ProShares Ultra Dow30,avg_dollar_volume_30d_below_15m_usd,10651485.6,41
DDNQ,DDNQ,Innovator Growth-100 Dual Directional 5 Buffer ETF - Quarterly,avg_dollar_volume_30d_below_15m_usd,547675.95,41
DDSQ,DDSQ,Innovator Equity Dual Directional 5 Buffer ETF - Quarterly,avg_dollar_volume_30d_below_15m_usd,831542.26,41
DDTA,DDTA,Innovator Equity Dual Directional 10 Buffer ETF - April,avg_dollar_volume_30d_below_15m_usd,46730.89,41
DDTD,DDTD,Innovator Equity Dual Directional 10 Buffer ETF - December,avg_dollar_volume_30d_below_15m_usd,99309.67,41
DDTF,DDTF,Innovator Equity Dual Directional 10 Buffer ETF - February,avg_dollar_volume_30d_below_15m_usd,183680.87,41
DDTJ,DDTJ,Innovator Equity Dual Directional 10 Buffer ETF - January,avg_dollar_volume_30d_below_15m_usd,225441.92,41
DDTL,DDTL,Innovator Equity Dual Directional 10 Buffer ETF - July,avg_dollar_volume_30d_below_15m_usd,2479623.48,41
DDTM,DDTM,Innovator Equity Dual Directional 10 Buffer ETF - March,avg_dollar_volume_30d_below_15m_usd,21390.11,41
DDTN,DDTN,Innovator Equity Dual Directional 10 Buffer ETF - November,avg_dollar_volume_30d_below_15m_usd,273487.23,41
DDTO,DDTO,Innovator Equity Dual Directional 10 Buffer ETF - October,avg_dollar_volume_30d_below_15m_usd,113337.12,41
DDTS,DDTS,Innovator Equity Dual Directional 10 Buffer ETF - September,avg_dollar_volume_30d_below_15m_usd,194579.44,41
DDTY,DDTY,Innovator Equity Dual Directional 10 Buffer ETF - May,avg_dollar_volume_30d_below_15m_usd,318148.25,41
DDTZ,DDTZ,Innovator Equity Dual Directional 10 Buffer ETF - June,avg_dollar_volume_30d_below_15m_usd,3179976.02,27
DDV,DDV,Defined Duration 5 ETF,avg_dollar_volume_30d_below_15m_usd,127944.68,41
DDWM,DDWM,WisdomTree Dynamic International Equity Fund,avg_dollar_volume_30d_below_15m_usd,4139090.17,41
DDX,DDX,Defined Duration 10 ETF,avg_dollar_volume_30d_below_15m_usd,254988.32,41
DDXX,DDXX,Defined Duration 20 ETF,avg_dollar_volume_30d_below_15m_usd,81453.49,41
DEA,DEA,"Easterly Government Properties, Inc. Common Stock",avg_dollar_volume_30d_below_15m_usd,10195324.38,41
DECM,DECM,FT Vest U.S. Equity Max Buffer ETF - December,avg_dollar_volume_30d_below_15m_usd,188277.75,41
DECO,DECO,State Street Galaxy Digital Asset Ecosystem ETF,avg_dollar_volume_30d_below_15m_usd,162306.93,40
DECP,DECP,PGIM S&P 500 Buffer 12 ETF - December,avg_dollar_volume_30d_below_15m_usd,354391.67,41
DECT,DECT,AllianzIM U.S. Large Cap Buffer10 Dec ETF,avg_dollar_volume_30d_below_15m_usd,352210.21,41
DECU,DECU,AllianzIM U.S. Equity Buffer15 Uncapped Dec ETF,avg_dollar_volume_30d_below_15m_usd,283542.99,41
DECW,DECW,AllianzIM U.S. Large Cap Buffer20 Dec ETF,avg_dollar_volume_30d_below_15m_usd,608049.01,41
DECZ,DECZ,TrueShares Structured Outcome (December) ETF,avg_dollar_volume_30d_below_15m_usd,76891.55,41
DEED,DEED,First Trust Securitized Plus ETF,avg_dollar_volume_30d_below_15m_usd,1003808.75,41
DEEF,DEEF,Xtrackers FTSE Developed ex US Multifactor ETF,avg_dollar_volume_30d_below_15m_usd,25724.32,41
DEEP,DEEP,Acquirers Small and Micro Deep Value ETF,avg_dollar_volume_30d_below_15m_usd,42490.36,41
DEFI,DEFI,Hashdex Bitcoin ETF,avg_dollar_volume_30d_below_15m_usd,302503.76,41
DEFR,DEFR,Aptus Deferred Income ETF,avg_dollar_volume_30d_below_15m_usd,757630.11,41
DEFT,DEFT,"Defi Technologies, Inc. - Common Stock",avg_dollar_volume_30d_below_15m_usd,2110374.02,41
DEHP,DEHP,Dimensional Emerging Markets High Profitability ETF,avg_dollar_volume_30d_below_15m_usd,2046539.53,41
DEM,DEM,WisdomTree Emerging Markets High Dividend Fund,avg_dollar_volume_30d_below_15m_usd,11445941.98,41
DEMZ,DEMZ,Democratic Large Cap Core ETF,avg_dollar_volume_30d_below_15m_usd,167526.53,40
DERM,DERM,Journey Medical Corporation - Common Stock,avg_dollar_volume_30d_below_15m_usd,1945794.71,41
DES,DES,WisdomTree U.S. SmallCap Dividend Fund,avg_dollar_volume_30d_below_15m_usd,6520100.82,41
DESK,DESK,VanEck Office and Commercial REIT ETF,avg_dollar_volume_30d_below_15m_usd,67190.04,41
DETX,DETX,"Liberty Defense Holdings, Ltd. - Common Shares",avg_dollar_volume_30d_below_15m_usd,130778.1,40
DEUS,DEUS,Xtrackers Russell US Multifactor ETF,avg_dollar_volume_30d_below_15m_usd,1277502.3,41
DEW,DEW,WisdomTree Global High Dividend Fund,avg_dollar_volume_30d_below_15m_usd,243469.24,41
DEXC,DEXC,Dimensional Emerging Markets ex China Core Equity ETF,avg_dollar_volume_30d_below_15m_usd,2038752.2,41
DFAL,DFAL,Dimensional US Large Cap Core Equity Market ETF,avg_dollar_volume_30d_below_15m_usd,581575.21,12
DFAW,DFAW,Dimensional World Equity ETF,avg_dollar_volume_30d_below_15m_usd,9122001.66,41
DFCA,DFCA,Dimensional California Municipal Bond ETF,avg_dollar_volume_30d_below_15m_usd,2692836.63,41
DFDV,DFDV,DeFi Development Corp. - Common Stock,avg_dollar_volume_30d_below_15m_usd,3163295.24,41
DFE,DFE,WisdomTree Europe SmallCap Dividend Fund,avg_dollar_volume_30d_below_15m_usd,519973.22,41
DFEB,DFEB,FT Vest U.S. Equity Deep Buffer ETF - February,avg_dollar_volume_30d_below_15m_usd,558886.76,41
DFEV,DFEV,Dimensional Emerging Markets Value ETF,avg_dollar_volume_30d_below_15m_usd,9788441.97,41
DFGR,DFGR,Dimensional Global Real Estate ETF,avg_dollar_volume_30d_below_15m_usd,13812095.88,41
DFGX,DFGX,Dimensional International Core Fixed Income ETF,avg_dollar_volume_30d_below_15m_usd,8921233.11,41
DFH,DFH,"Dream Finders Homes, Inc. Class A Common Stock",avg_dollar_volume_30d_below_15m_usd,10356898.66,41
DFII,DFII,FT Vest Bitcoin Strategy & Target Income ETF,avg_dollar_volume_30d_below_15m_usd,169176.78,41
DFIN,DFIN,"Donnelley Financial Solutions, Inc. Common Stock ",avg_dollar_volume_30d_below_15m_usd,14441894.17,41
DFIP,DFIP,Dimensional Inflation-Protected Securities ETF,avg_dollar_volume_30d_below_15m_usd,3798287.9,41
DFJ,DFJ,WisdomTree Japan SmallCap Fund,avg_dollar_volume_30d_below_15m_usd,4391661.63,41
DFLI,DFLI,Dragonfly Energy Holdings Corp - Common Stock,avg_dollar_volume_30d_below_15m_usd,794649.16,41
DFMC,DFMC,U.S. Micro Cap Portfolio: ETF Class Shares,avg_dollar_volume_30d_below_15m_usd,1523023.4,41
DFNL,DFNL,Davis Select Financial ETF,avg_dollar_volume_30d_below_15m_usd,3150987.23,41
DFNM,DFNM,Dimensional National Municipal Bond ETF,avg_dollar_volume_30d_below_15m_usd,8673335.5,41
DFNS,DFNS,T3 Defense Inc. - Common Stock,avg_dollar_volume_30d_below_15m_usd,4550480.28,41
DFSB,DFSB,Dimensional Global Sustainability Fixed Income ETF,avg_dollar_volume_30d_below_15m_usd,2360702.96,41
DFSC,DFSC,"DEFSEC Technologies Inc. - common stock, no R/S concurrent with offering",avg_dollar_volume_30d_below_15m_usd,233420.06,41
DFSE,DFSE,Dimensional Emerging Markets Sustainability Core 1 ETF,avg_dollar_volume_30d_below_15m_usd,1370083.82,41
DFSI,DFSI,Dimensional International Sustainability Core 1 ETF,avg_dollar_volume_30d_below_15m_usd,2850863.16,41
DFSU,DFSU,Dimensional US Sustainability Core 1 ETF,avg_dollar_volume_30d_below_15m_usd,4420462.81,41
DFTT,DFTT,DF Tactical 30 ETF,avg_dollar_volume_30d_below_15m_usd,51651.4,40
DFVE,DFVE,DoubleLine Fortune 500 Equal Weight ETF,avg_dollar_volume_30d_below_15m_usd,198645.61,41
DFVX,DFVX,Dimensional US Large Cap Vector ETF,avg_dollar_volume_30d_below_15m_usd,724441.46,41
DGAP,DGAP,FT Vest U.S. Equity Buffer & Digital Return ETF - April,avg_dollar_volume_30d_below_15m_usd,46250.27,41
DGCB,DGCB,Dimensional Global Credit ETF,avg_dollar_volume_30d_below_15m_usd,8008646.98,41
DGICA,DGICA,"Donegal Group, Inc. - Class A Common Stock",avg_dollar_volume_30d_below_15m_usd,2713918.84,41
DGICB,DGICB,"Donegal Group, Inc. - Class B Common Stock",avg_dollar_volume_30d_below_15m_usd,57608.27,40
DGIN,DGIN,VanEck Digital India ETF,avg_dollar_volume_30d_below_15m_usd,140017.86,41
DGJA,DGJA,FT Vest U.S. Equity Buffer & Digital Return ETF - January,avg_dollar_volume_30d_below_15m_usd,8705.97,41
DGLO,DGLO,First Trust RBA Deglobalization ETF,avg_dollar_volume_30d_below_15m_usd,6465.74,40
DGNX,DGNX,Diginex Limited - Ordinary Shares,avg_dollar_volume_30d_below_15m_usd,4729326.71,41
DGOC,DGOC,FT Vest U.S. Equity Buffer & Digital Return ETF - October,avg_dollar_volume_30d_below_15m_usd,4958.08,41
DGRE,DGRE,WisdomTree Emerging Markets Quality Dividend Growth Fund,avg_dollar_volume_30d_below_15m_usd,589327.04,41
DGRS,DGRS,WisdomTree U.S. SmallCap Quality Dividend Growth Fund,avg_dollar_volume_30d_below_15m_usd,1503926.61,41
DGS,DGS,WisdomTree Emerging Market SmallCap Fund,avg_dollar_volume_30d_below_15m_usd,3002361.53,41
DGT,DGT,State Street SPDR Global Dow ETF,avg_dollar_volume_30d_below_15m_usd,2865397.37,41
DH,DH,Definitive Healthcare Corp. - Class A Common Stock,avg_dollar_volume_30d_below_15m_usd,385241.8,41
DHDG,DHDG,FT Vest U.S. Equity Quarterly 2.5 to 15 Buffer ETF,avg_dollar_volume_30d_below_15m_usd,239487.47,41
DHLX,DHLX,Diamond Hill Large Cap Concentrated ETF,avg_dollar_volume_30d_below_15m_usd,179176.66,41
DHS,DHS,WisdomTree U.S. High Dividend Fund,avg_dollar_volume_30d_below_15m_usd,2182534.44,41
DHSB,DHSB,Day Hagan Smart Buffer ETF,avg_dollar_volume_30d_below_15m_usd,213718.51,41
DHX,DHX,"DHI Group, Inc. Common Stock",avg_dollar_volume_30d_below_15m_usd,560613.33,41
DIAL,DIAL,Columbia Diversified Fixed Income Allocation ETF,avg_dollar_volume_30d_below_15m_usd,1573755.06,41
DIBS,DIBS,"1stdibs.com, Inc. - Common Stock",avg_dollar_volume_30d_below_15m_usd,1247018.89,41
DIEM,DIEM,Franklin Emerging Market Core Dividend Tilt Index ETF,avg_dollar_volume_30d_below_15m_usd,883440.2,41
DIG,DIG,ProShares Ultra Energy,avg_dollar_volume_30d_below_15m_usd,2125069.01,41
DIM,DIM,WisdomTree International MidCap Dividend Fund,avg_dollar_volume_30d_below_15m_usd,355306.23,41
DIME,DIME,CoinShares Altcoins ETF,avg_dollar_volume_30d_below_15m_usd,28259.07,40
DIN,DIN,"Dine Brands Global, Inc. Common Stock",avg_dollar_volume_30d_below_15m_usd,11730449.8,41
DINE,DINE,Simplify Tax Aware Diversified Income Strategy ETF,avg_dollar_volume_30d_below_15m_usd,4040.1,40
DINT,DINT,Davis Select International ETF,avg_dollar_volume_30d_below_15m_usd,449482.29,41
DIPR,DIPR,Corgi Space & Satellite Communications ETF,avg_dollar_volume_30d_below_15m_usd,141966.71,41
DIPS,DIPS,YieldMax Short NVDA Option Income Strategy ETF,avg_dollar_volume_30d_below_15m_usd,304080.56,41
DISK,DISK,Tema Memory ETF,avg_dollar_volume_30d_below_15m_usd,11091585.71,1
DISV,DISV,Dimensional International Small Cap Value ETF,avg_dollar_volume_30d_below_15m_usd,13490938.16,41
DIT,DIT,AMCON Distributing Company Common Stock,avg_dollar_volume_30d_below_15m_usd,23331.35,41
DIV,DIV,Global X Super Dividend ETF,avg_dollar_volume_30d_below_15m_usd,4461063.82,41
DIVB,DIVB,iShares Core Dividend ETF,avg_dollar_volume_30d_below_15m_usd,7326682.82,41
DIVD,DIVD,Altrius Global Dividend ETF,avg_dollar_volume_30d_below_15m_usd,138145.09,40
DIVE,DIVE,Dana Concentrated Dividend ETF,avg_dollar_volume_30d_below_15m_usd,55821.04,40
DIVG,DIVG,Invesco S&P 500 High Dividend Growers ETF,avg_dollar_volume_30d_below_15m_usd,77155.02,41
DIVI,DIVI,Franklin International Core Dividend Tilt Index ETF,avg_dollar_volume_30d_below_15m_usd,10213234.64,41
DIVL,DIVL,Madison Dividend Value ETF,avg_dollar_volume_30d_below_15m_usd,10821.14,41
DIVN,DIVN,Horizon Dividend Income ETF,avg_dollar_volume_30d_below_15m_usd,1413539.59,41
DIVP,DIVP,Cullen Enhanced Equity Income ETF,avg_dollar_volume_30d_below_15m_usd,175185.33,41
DIVS,DIVS,Guinness Atkinson Dividend Builder ETF,avg_dollar_volume_30d_below_15m_usd,58549.05,41
DIVY,DIVY,Sound Equity Dividend Income ETF,avg_dollar_volume_30d_below_15m_usd,69279.99,41
DIVZ,DIVZ,Polen Dividend Income ETF,avg_dollar_volume_30d_below_15m_usd,1361436.02,41
DJAN,DJAN,FT Vest U.S. Equity Deep Buffer ETF - January,avg_dollar_volume_30d_below_15m_usd,491537.68,41
DJD,DJD,Invesco Dow Jones Industrial Average Dividend ETF,avg_dollar_volume_30d_below_15m_usd,2395745.12,41
DJIA,DJIA,Global X Dow 30 Covered Call ETF,avg_dollar_volume_30d_below_15m_usd,1456104.89,41
DJTU,DJTU,T-REX 2X Long DJT Daily Target ETF,avg_dollar_volume_30d_below_15m_usd,1187501.22,41
DJUL,DJUL,FT Vest U.S. Equity Deep Buffer ETF - July,avg_dollar_volume_30d_below_15m_usd,378783.03,41
DJUN,DJUN,FT Vest U.S. Equity Deep Buffer ETF - June,avg_dollar_volume_30d_below_15m_usd,3477405.89,41
DKI,DKI,DarkIris Inc. - Class A Ordinary Shares,avg_dollar_volume_30d_below_15m_usd,575412.21,40
DKNX,DKNX,Defiance Daily Target 2X Long DKNG ETF,avg_dollar_volume_30d_below_15m_usd,605596.31,41
DLAG,DLAG,FT Vest U.S. Equity Dual Directional Buffer ETF - August,avg_dollar_volume_30d_below_15m_usd,225381.31,41
DLFE,DLFE,FT Vest U.S. Equity Dual Directional Buffer ETF - February,avg_dollar_volume_30d_below_15m_usd,163790.2,41
DLHC,DLHC,DLH Holdings Corp. - Common Stock,avg_dollar_volume_30d_below_15m_usd,496850.08,41
DLMY,DLMY,FT Vest U.S. Equity Dual Directional Buffer ETF - May,avg_dollar_volume_30d_below_15m_usd,1001795.52,36
DLN,DLN,WisdomTree U.S. LargeCap Dividend Fund,avg_dollar_volume_30d_below_15m_usd,13881704.5,41
DLNV,DLNV,FT Vest U.S. Equity Dual Directional Buffer ETF - November,avg_dollar_volume_30d_below_15m_usd,17408.96,41
DLPN,DLPN,"Dolphin Entertainment, Inc. - Common Stock",avg_dollar_volume_30d_below_15m_usd,28167.98,41
DLS,DLS,WisdomTree International SmallCap Fund,avg_dollar_volume_30d_below_15m_usd,1611275.34,41
DLTH,DLTH,Duluth Holdings Inc. - Class B Common Stock,avg_dollar_volume_30d_below_15m_usd,892941.06,41
DLUX,DLUX,DoubleLine Ultrashort Income ETF,avg_dollar_volume_30d_below_15m_usd,3391907.2,40
DLX,DLX,Deluxe Corporation Common Stock,avg_dollar_volume_30d_below_15m_usd,10387663.19,41
DLXY,DLXY,Delixy Holdings Limited - Class A Ordinary Shares,avg_dollar_volume_30d_below_15m_usd,463739.66,41
DMAC,DMAC,DiaMedica Therapeutics Inc. - Common Stock,avg_dollar_volume_30d_below_15m_usd,1502805.67,41
DMAR,DMAR,FT Vest U.S. Equity Deep Buffer ETF - March,avg_dollar_volume_30d_below_15m_usd,1277407.94,41
DMAX,DMAX,iShares Large Cap Max Buffer Dec ETF,avg_dollar_volume_30d_below_15m_usd,313718.24,41
DMAY,DMAY,FT Vest U.S. Equity Deep Buffer ETF - May,avg_dollar_volume_30d_below_15m_usd,1428381.94,41
DMBS,DMBS,DoubleLine Mortgage ETF,avg_dollar_volume_30d_below_15m_usd,2630715.1,41
DMRC,DMRC,Digimarc Corporation - Common Stock,avg_dollar_volume_30d_below_15m_usd,2735318.94,41
DMX,DMX,DoubleLine Multi-Sector Income ETF,avg_dollar_volume_30d_below_15m_usd,609727.76,41
DMXF,DMXF,iShares ESG Advanced MSCI EAFE ETF,avg_dollar_volume_30d_below_15m_usd,3316866.82,41
DNA,DNA,"Ginkgo Bioworks Holdings, Inc. Class A Common Stock",avg_dollar_volume_30d_below_15m_usd,11925414.12,41
DNL,DNL,WisdomTree Global ex-U.S. Quality Growth Fund,avg_dollar_volume_30d_below_15m_usd,912233.93,41
DNMX,DNMX,Dynamix Corporation III - Class A Ordinary Shares,avg_dollar_volume_30d_below_15m_usd,268468.75,41
DNNG,DNNG,Leverage Shares 2x Long DNN Daily ETF,avg_dollar_volume_30d_below_15m_usd,28544.27,40
DNOV,DNOV,FT Vest U.S. Equity Deep Buffer ETF - November,avg_dollar_volume_30d_below_15m_usd,357066.97,41
DNUT,DNUT,"Krispy Kreme, Inc. - Common Stock",avg_dollar_volume_30d_below_15m_usd,10390226.14,41
DOCK,DOCK,"Corgi Ports, Rail & Freight ETF",avg_dollar_volume_30d_below_15m_usd,24643.48,41
DOCT,DOCT,FT Vest U.S. Equity Deep Buffer ETF - October,avg_dollar_volume_30d_below_15m_usd,654658.61,41
DOGG,DOGG,FT Vest DJIA Dogs 10 Target Income ETF,avg_dollar_volume_30d_below_15m_usd,680367.36,41
DOGZ,DOGZ,Dogness (International) Corporation - Class A Common Stock,avg_dollar_volume_30d_below_15m_usd,834230.47,41
DOJE,DOJE,REX-Osprey DOGE ETF,avg_dollar_volume_30d_below_15m_usd,180573.28,41
DOL,DOL,WisdomTree True Developed International Fund,avg_dollar_volume_30d_below_15m_usd,1078777.63,41
DOMH,DOMH,Dominari Holdings Inc. - Common Stock,avg_dollar_volume_30d_below_15m_usd,619387.19,41
DOMO,DOMO,"Domo, Inc. - Class B Common Stock",avg_dollar_volume_30d_below_15m_usd,6507485.34,41
DON,DON,WisdomTree U.S. MidCap Dividend Fund,avg_dollar_volume_30d_below_15m_usd,5793521.1,41
DOUG,DOUG,Douglas Elliman Inc. Common Stock,avg_dollar_volume_30d_below_15m_usd,799689.45,41
DPRE,DPRE,Virtus Duff & Phelps Real Estate Income ETF,avg_dollar_volume_30d_below_15m_usd,109902.33,40
DPRO,DPRO,Draganfly Inc. - Common Shares,avg_dollar_volume_30d_below_15m_usd,12199921.53,41
DQJN,DQJN,FT Vest Nasdaq-100 Dual Directional Buffer ETF - June,avg_dollar_volume_30d_below_15m_usd,629303.03,13
DRAI,DRAI,Draco Evolution AI ETF,avg_dollar_volume_30d_below_15m_usd,89250.53,41
DRAL,DRAL,Defiance Daily Target 2X Long DRAM ETF,avg_dollar_volume_30d_below_15m_usd,5074920.95,10
DRAY,DRAY,YieldMax DKNG Option Income Strategy ETF,avg_dollar_volume_30d_below_15m_usd,271778.89,41
DRCT,DRCT,"Direct Digital Holdings, Inc. - Class A Common Stock",avg_dollar_volume_30d_below_15m_usd,186385.4,41
DRES,DRES,GMO Domestic Resilience ETF,avg_dollar_volume_30d_below_15m_usd,77905.62,40
DRGN,DRGN,Themes China Generative Artificial Intelligence ETF,avg_dollar_volume_30d_below_15m_usd,440154.98,41
DRIO,DRIO,DarioHealth Corp. - Common Stock,avg_dollar_volume_30d_below_15m_usd,87841.5,40
DRIV,DRIV,Global X Autonomous & Electric Vehicles ETF,avg_dollar_volume_30d_below_15m_usd,3047615.97,41
DRKY,DRKY,VistaShares Target 15 DRUKMacro Distribution ETF,avg_dollar_volume_30d_below_15m_usd,263436.52,41
DRLL,DRLL,Strive U.S. Energy ETF,avg_dollar_volume_30d_below_15m_usd,551913.96,41
DRMA,DRMA,"Dermata Therapeutics, Inc. - Common Stock",avg_dollar_volume_30d_below_15m_usd,107314.76,41
DRMP,DRMP,Tuttle Capital Memory Stack Income Blast ETF,avg_dollar_volume_30d_below_15m_usd,1153977.64,19
DRN,DRN,Direxion Daily Real Estate Bull 3X ETF,avg_dollar_volume_30d_below_15m_usd,11325278.8,41
DRNL,DRNL,Defiance 2X Daily Long Pure Drone and Aerial Automation ETF,avg_dollar_volume_30d_below_15m_usd,217989.8,41
DRNZ,DRNZ,REX Drone ETF,avg_dollar_volume_30d_below_15m_usd,6453420.5,41
DRSK,DRSK,Aptus Defined Risk ETF,avg_dollar_volume_30d_below_15m_usd,3185629.63,41
DRTS,DRTS,Alpha Tau Medical Ltd. - Ordinary Shares,avg_dollar_volume_30d_below_15m_usd,10610872.67,41
DRUP,DRUP,GraniteShares Nasdaq Select Disruptors ETF,avg_dollar_volume_30d_below_15m_usd,97324.41,41
DRV,DRV,Direxion Daily Real Estate Bear 3X ETF,avg_dollar_volume_30d_below_15m_usd,2106052.95,41
DRVN,DRVN,Driven Brands Holdings Inc. - Common Stock,avg_dollar_volume_30d_below_15m_usd,14454716.25,41
DSCO,DSCO,DoubleLine Securitized Credit ETF,avg_dollar_volume_30d_below_15m_usd,1459083.19,41
DSEP,DSEP,FT Vest U.S. Equity Deep Buffer ETF - September,avg_dollar_volume_30d_below_15m_usd,463240.95,41
DSGN,DSGN,"Design Therapeutics, Inc. - Common Stock",avg_dollar_volume_30d_below_15m_usd,11979014.07,41
DSGR,DSGR,"Distribution Solutions Group, Inc. - Common Stock",avg_dollar_volume_30d_below_15m_usd,1739041.99,41
DSMC,DSMC,Distillate Small/Mid Cash Flow ETF,avg_dollar_volume_30d_below_15m_usd,199156.84,41
DSP,DSP,Viant Technology Inc. - common stock,avg_dollar_volume_30d_below_15m_usd,3573760.02,41
DSPY,DSPY,Tema S&P 500 Historical Weight ETF Strategy,avg_dollar_volume_30d_below_15m_usd,3792374.22,41
DSS,DSS,"DSS, Inc. Common Stock",avg_dollar_volume_30d_below_15m_usd,1550720.61,41
DSTL,DSTL,Distillate U.S. Fundamental Stability & Value ETF,avg_dollar_volume_30d_below_15m_usd,4598200.1,41
DSTX,DSTX,Distillate International Fundamental Stability & Value ETF,avg_dollar_volume_30d_below_15m_usd,204095.35,41
DSWL,DSWL,"Deswell Industries, Inc. - Common Shares",avg_dollar_volume_30d_below_15m_usd,57164.99,41
DSX,DSX,Diana Shipping inc. common stock,avg_dollar_volume_30d_below_15m_usd,2321093.41,41
DTAN,DTAN,Sparkline International Intangible Value ETF,avg_dollar_volume_30d_below_15m_usd,56214.64,41
DTCX,DTCX,"Datacentrex, Inc. - Common Stock",avg_dollar_volume_30d_below_15m_usd,641232.92,41
DTD,DTD,WisdomTree U.S. Total Dividend Fund,avg_dollar_volume_30d_below_15m_usd,1909695.91,41
DTEC,DTEC,ALPS Disruptive Technologies ETF,avg_dollar_volume_30d_below_15m_usd,419269.95,41
DTH,DTH,WisdomTree International High Dividend Fund,avg_dollar_volume_30d_below_15m_usd,4100584.45,41
DTI,DTI,Drilling Tools International Corporation  - Common Stock,avg_dollar_volume_30d_below_15m_usd,721212.65,41
DTIL,DTIL,"Precision BioSciences, Inc. - Common Stock",avg_dollar_volume_30d_below_15m_usd,4037883.22,41
DTRE,DTRE,First Trust Alerian Disruptive Technology Real Estate ETF,avg_dollar_volume_30d_below_15m_usd,15853.17,41
DTSS,DTSS,Datasea Intelligent Technology Ltd. - Class A Ordinary Shares,avg_dollar_volume_30d_below_15m_usd,547346.65,41
DTST,DTST,Data Storage Corporation - Common Stock,avg_dollar_volume_30d_below_15m_usd,96744.55,41
DUBS,DUBS,Aptus Large Cap Enhanced Yield ETF,avg_dollar_volume_30d_below_15m_usd,764465.89,41
DUG,DUG,ProShares UltraShort Energy,avg_dollar_volume_30d_below_15m_usd,1855921.58,41
DUKH,DUKH,Ocean Park High Income ETF,avg_dollar_volume_30d_below_15m_usd,226729.85,41
DUKQ,DUKQ,Ocean Park Domestic ETF,avg_dollar_volume_30d_below_15m_usd,80780.46,41
DUKR,DUKR,DUKE Robotics Corp. - Common Stock,avg_dollar_volume_30d_below_15m_usd,327092.83,41
DUKX,DUKX,Ocean Park International ETF,avg_dollar_volume_30d_below_15m_usd,12572.28,40
DUKZ,DUKZ,Ocean Park Diversified Income ETF,avg_dollar_volume_30d_below_15m_usd,553573.57,41
DUNK,DUNK,Dana Unconstrained Equity ETF,avg_dollar_volume_30d_below_15m_usd,320870.2,40
DUO,DUO,Fangdd Network Group Ltd. - Class A Ordinary Shares,avg_dollar_volume_30d_below_15m_usd,263697.68,41
DUOG,DUOG,Leverage Shares 2X Long DUOL Daily ETF,avg_dollar_volume_30d_below_15m_usd,845842.84,40
DUOT,DUOT,"Duos Technologies Group, Inc. - Common Stock",avg_dollar_volume_30d_below_15m_usd,9413222.49,41
DURA,DURA,VanEck Durable High Dividend ETF,avg_dollar_volume_30d_below_15m_usd,53256.6,41
DUSA,DUSA,Davis Select U.S. Equity ETF,avg_dollar_volume_30d_below_15m_usd,2694016.58,41
DUSG,DUSG,U.S. Small Cap Growth Portfolio: ETF Class Shares,avg_dollar_volume_30d_below_15m_usd,23865.53,40
DUSL,DUSL,Direxion Daily Industrials Bull 3X ETF,avg_dollar_volume_30d_below_15m_usd,1911825.29,41
DUTY,DUTY,U.S. Defense ETF,avg_dollar_volume_30d_below_15m_usd,86264.15,41
DVAL,DVAL,BrandywineGLOBAL-Dynamic US Large Cap Value ETF,avg_dollar_volume_30d_below_15m_usd,192131.15,40
DVDN,DVDN,Kingsbarn Dividend Opportunity ETF,avg_dollar_volume_30d_below_15m_usd,32870.64,41
DVGR,DVGR,DAC 3D Dividend Growth ETF,avg_dollar_volume_30d_below_15m_usd,35151.75,40
DVIN,DVIN,WEBs Industrials XLI Defined Volatility ETF,avg_dollar_volume_30d_below_15m_usd,2509.28,40
DVLT,DVLT,Datavault AI Inc. - Common Stock,avg_dollar_volume_30d_below_15m_usd,12368287.42,41
DVLU,DVLU,First Trust Dorsey Wright Momentum & Value ETF,avg_dollar_volume_30d_below_15m_usd,268661.44,41
DVND,DVND,Touchstone Dividend Select ETF,avg_dollar_volume_30d_below_15m_usd,30070.28,41
DVOL,DVOL,First Trust Dorsey Wright Momentum & Low Volatility ETF,avg_dollar_volume_30d_below_15m_usd,263033.14,40
DVQQ,DVQQ,WEBs QQQ Defined Volatility ETF,avg_dollar_volume_30d_below_15m_usd,36030.69,40
DVRE,DVRE,WEBs Real Estate XLRE Defined Volatility ETF,avg_dollar_volume_30d_below_15m_usd,1883.11,40
DVSP,DVSP,WEBs SPY Defined Volatility ETF,avg_dollar_volume_30d_below_15m_usd,29035.09,40
DVUT,DVUT,WEBs Utilities XLU Defined Volatility ETF,avg_dollar_volume_30d_below_15m_usd,3935.57,40
DVVY,DVVY,Invesco Diversified Dividend Opportunities ETF,avg_dollar_volume_30d_below_15m_usd,3614.03,40
DVXB,DVXB,WEBs Materials XLB Defined Volatility ETF,avg_dollar_volume_30d_below_15m_usd,4916.48,40
DVXC,DVXC,WEBs Communication Services XLC Defined Volatility ETF,avg_dollar_volume_30d_below_15m_usd,2757.54,40
DVXE,DVXE,WEBs Energy XLE Defined Volatility ETF,avg_dollar_volume_30d_below_15m_usd,14955.53,40
DVXF,DVXF,WEBs Financial XLF Defined Volatility ETF,avg_dollar_volume_30d_below_15m_usd,14473.1,40
DVXK,DVXK,WEBs Technology XLK Defined Volatility ETF,avg_dollar_volume_30d_below_15m_usd,296296.63,40
DVXP,DVXP,WEBs Consumer Staples XLP Defined Volatility ETF,avg_dollar_volume_30d_below_15m_usd,54994.84,40
DVXV,DVXV,WEBs Health Care XLV Defined Volatility ETF,avg_dollar_volume_30d_below_15m_usd,5253.7,40
DVXY,DVXY,WEBs Consumer Discretionary XLY Defined Volatility ETF,avg_dollar_volume_30d_below_15m_usd,1607.05,40
DVYA,DVYA,iShares Asia / Pacific Dividend 30 Index Fund Exchange Traded Fund,avg_dollar_volume_30d_below_15m_usd,235102.25,41
DVYE,DVYE,iShares Emerging Markets Dividend Index Fund Exchange Traded Fund,avg_dollar_volume_30d_below_15m_usd,8253396.68,41
DWAS,DWAS,Invesco Dorsey Wright SmallCap Momentum ETF,avg_dollar_volume_30d_below_15m_usd,3298620.14,41
DWAW,DWAW,AdvisorShares Dorsey Wright FSM All Cap World ETF,avg_dollar_volume_30d_below_15m_usd,123587.86,40
DWLD,DWLD,Davis Select Worldwide ETF,avg_dollar_volume_30d_below_15m_usd,1014810.51,41
DWM,DWM,WisdomTree International Equity Fund,avg_dollar_volume_30d_below_15m_usd,863212.7,41
DWMF,DWMF,WisdomTree International Multifactor Fund,avg_dollar_volume_30d_below_15m_usd,81731.89,41
DWSH,DWSH,AdvisorShares Dorsey Wright Short ETF,avg_dollar_volume_30d_below_15m_usd,581063.1,40
DWSN,DWSN,Dawson Geophysical Company - Common Stock,avg_dollar_volume_30d_below_15m_usd,569739.24,41
DWTX,DWTX,"Dogwood Therapeutics, Inc.  - Common Stock",avg_dollar_volume_30d_below_15m_usd,145263.11,41
DWUS,DWUS,AdvisorShares Dorsey Wright FSM US Core ETF,avg_dollar_volume_30d_below_15m_usd,126780.78,40
DWWN,DWWN,Principal Long Duration ETF,avg_dollar_volume_30d_below_15m_usd,6375.6,33
DWX,DWX,State Street SPDR S&P International Dividend ETF,avg_dollar_volume_30d_below_15m_usd,1110314.19,41
DXIV,DXIV,Dimensional International Vector Equity ETF,avg_dollar_volume_30d_below_15m_usd,1784336.45,41
DXLG,DXLG,"Destination XL Group, Inc. - Common Stock",avg_dollar_volume_30d_below_15m_usd,101971.23,40
DXUV,DXUV,Dimensional US Vector Equity ETF,avg_dollar_volume_30d_below_15m_usd,4278424.44,41
DYAI,DYAI,"Dyadic International, Inc. - Common Stock",avg_dollar_volume_30d_below_15m_usd,393670.47,41
DYFI,DYFI,IDX Dynamic Fixed Income ETF,avg_dollar_volume_30d_below_15m_usd,125918.11,41
DYLD,DYLD,LeaderShares Dynamic Yield ETF,avg_dollar_volume_30d_below_15m_usd,63306.66,41
DYLG,DYLG,Global X Dow 30 Covered Call & Growth ETF,avg_dollar_volume_30d_below_15m_usd,86901.67,41
DYNB,DYNB,Hartford Dynamic Bond ETF,avg_dollar_volume_30d_below_15m_usd,275529.41,40
DYNC,DYNC,Dynamix Corporation - Class A Ordinary Share,avg_dollar_volume_30d_below_15m_usd,813398.19,41
DYOR,DYOR,Insight Digital Partners II - Class A Ordinary Shares,avg_dollar_volume_30d_below_15m_usd,202957.9,40
DYTA,DYTA,SGI Dynamic Tactical ETF,avg_dollar_volume_30d_below_15m_usd,292353.32,40
EAF,EAF,GrafTech International Ltd. Common Stock,avg_dollar_volume_30d_below_15m_usd,2809491.92,41
EAFG,EAFG,Pacer Developed Markets Cash Cows Growth Leaders ETF,avg_dollar_volume_30d_below_15m_usd,17572.05,41
EAGL,EAGL,Eagle Capital Select Equity ETF,avg_dollar_volume_30d_below_15m_usd,14284992.52,41
EALT,EALT,Innovator U.S. Equity 5 to 15 Buffer ETF - Quarterly,avg_dollar_volume_30d_below_15m_usd,756445.0,41
EAOA,EAOA,iShares ESG Aware 80/20 Aggressive Allocation ETF,avg_dollar_volume_30d_below_15m_usd,93557.62,41
EAOK,EAOK,iShares ESG Aware 30/70 Conservative Allocation ETF,avg_dollar_volume_30d_below_15m_usd,22961.18,41
EAOM,EAOM,iShares ESG Aware 40/60 Moderate Allocation ETF,avg_dollar_volume_30d_below_15m_usd,47525.48,41
EAOR,EAOR,iShares ESG Aware 60/40 Balanced Allocation ETF,avg_dollar_volume_30d_below_15m_usd,52596.7,41
EAPR,EAPR,Innovator Emerging Markets Power Buffer ETF April,avg_dollar_volume_30d_below_15m_usd,595914.52,41
EARN,EARN,Ellington Credit Company Common Shares of Beneficial Interest,avg_dollar_volume_30d_below_15m_usd,1807418.32,41
EART,EART,Global X Rare Earth & Critical Materials ETF,avg_dollar_volume_30d_below_15m_usd,534809.59,41
EASG,EASG,Xtrackers MSCI EAFE Selection Equity ETF,avg_dollar_volume_30d_below_15m_usd,117212.17,41
EASY,EASY,Liberty One Defensive Dividend Growth ETF,avg_dollar_volume_30d_below_15m_usd,166927.23,40
EBF,EBF,"Ennis, Inc. Common Stock",avg_dollar_volume_30d_below_15m_usd,3332378.83,41
EBI,EBI,Longview Advantage ETF,avg_dollar_volume_30d_below_15m_usd,292747.57,40
EBIT,EBIT,Harbor AlphaEdge Small Cap Earners ETF,avg_dollar_volume_30d_below_15m_usd,33286.7,41
EBIZ,EBIZ,Global X E-commerce ETF,avg_dollar_volume_30d_below_15m_usd,87867.12,41
EBMT,EBMT,"Eagle Bancorp Montana, Inc. - Common Stock",avg_dollar_volume_30d_below_15m_usd,2157557.27,41
EBND,EBND,State Street SPDR Bloomberg Emerging Markets Local Bond ETF,avg_dollar_volume_30d_below_15m_usd,6649861.52,41
EBON,EBON,Ebang International Holdings Inc. - Class A Ordinary Shares,avg_dollar_volume_30d_below_15m_usd,38104.54,41
EBS,EBS,Emergent BioSolutions Inc. Common Stock,avg_dollar_volume_30d_below_15m_usd,7550215.34,41
EBUF,EBUF,Innovator Emerging Markets 10 Buffer ETF - Quarterly,avg_dollar_volume_30d_below_15m_usd,605638.73,41
ECBK,ECBK,"ECB Bancorp, Inc. - Common Stock",avg_dollar_volume_30d_below_15m_usd,307248.83,40
ECC,ECC,Eagle Point Credit Company Common Share of Beneficial Interest,avg_dollar_volume_30d_below_15m_usd,4071765.67,41
ECHX,ECHX,Leverage Shares 2X Long ECHO Daily ETF,avg_dollar_volume_30d_below_15m_usd,11473356.51,41
ECML,ECML,Euclidean Fundamental Value ETF,avg_dollar_volume_30d_below_15m_usd,321402.44,41
ECNS,ECNS,iShares MSCI China Small-Cap ETF,avg_dollar_volume_30d_below_15m_usd,363230.92,41
ECON,ECON,Columbia Research Enhanced Emerging Economies ETF,avg_dollar_volume_30d_below_15m_usd,419241.28,41
ECOR,ECOR,"electroCore, Inc. - Common Stock",avg_dollar_volume_30d_below_15m_usd,1277935.4,41
ECOW,ECOW,Pacer Emerging Markets Cash Cows 100 ETF,avg_dollar_volume_30d_below_15m_usd,1794033.96,41
ECX,ECX,ECARX Holdings Inc. - Class A Ordinary shares,avg_dollar_volume_30d_below_15m_usd,2750007.66,41
EDBL,EDBL,Edible Garden AG Incorporated - Common Stock,avg_dollar_volume_30d_below_15m_usd,5275321.56,41
EDC,EDC,Direxion Emerging Markets Bull 3X ETF,avg_dollar_volume_30d_below_15m_usd,10064045.35,41
EDEN,EDEN,iShares MSCI Denmark ETF,avg_dollar_volume_30d_below_15m_usd,883898.96,41
EDGE,EDGE,MRBL Enhanced Equity ETF,avg_dollar_volume_30d_below_15m_usd,121158.08,41
EDGF,EDGF,3EDGE Dynamic Fixed Income ETF,avg_dollar_volume_30d_below_15m_usd,2189407.76,41
EDGH,EDGH,3EDGE Dynamic Hard Assets ETF,avg_dollar_volume_30d_below_15m_usd,1972065.97,41
EDGI,EDGI,3EDGE Dynamic International Equity ETF,avg_dollar_volume_30d_below_15m_usd,1527793.91,41
EDGQ,EDGQ,Global X Nasdaq-100 Income Edge ETF,avg_dollar_volume_30d_below_15m_usd,342282.53,41
EDGU,EDGU,3EDGE Dynamic US Equity ETF,avg_dollar_volume_30d_below_15m_usd,945019.52,41
EDGX,EDGX,Global X U.S. 500 Income Edge ETF,avg_dollar_volume_30d_below_15m_usd,185242.17,40
EDIT,EDIT,"Editas Medicine, Inc. - Common Stock",avg_dollar_volume_30d_below_15m_usd,10308991.49,41
EDIV,EDIV,State Street SPDR S&P Emerging Markets Dividend ETF,avg_dollar_volume_30d_below_15m_usd,6455949.5,41
EDOG,EDOG,ALPS Emerging Sector Dividend Dogs ETF,avg_dollar_volume_30d_below_15m_usd,67041.87,41
EDOW,EDOW,First Trust Dow 30 Equal Weight ETF,avg_dollar_volume_30d_below_15m_usd,787919.06,41
EDRY,EDRY,EuroDry Ltd. - Common Shares,avg_dollar_volume_30d_below_15m_usd,745815.36,40
EDSA,EDSA,"Edesa Biotech, Inc. - Common Shares",avg_dollar_volume_30d_below_15m_usd,1356153.7,41
EDTK,EDTK,Skillful Craftsman Education Technology Limited - Ordinary Share,avg_dollar_volume_30d_below_15m_usd,2373.89,40
EDUC,EDUC,Educational Development Corporation - Common Stock,avg_dollar_volume_30d_below_15m_usd,135093.26,41
EDZ,EDZ,Direxion Emerging Markets Bear 3X ETF,avg_dollar_volume_30d_below_15m_usd,4045639.3,41
EE,EE,"Excelerate Energy, Inc. Class A Common Stock",avg_dollar_volume_30d_below_15m_usd,13323911.45,41
EEE,EEE,CYBER HORNET S&P 500 and Ethereum 75/25 Strategy ETF,avg_dollar_volume_30d_below_15m_usd,5801.47,40
EEIQ,EEIQ,EpicQuest Education Group International Limited - Common Stock,avg_dollar_volume_30d_below_15m_usd,848273.8,41
EELV,EELV,Invesco S&P Emerging Markets Low Volatility ETF,avg_dollar_volume_30d_below_15m_usd,1334021.17,41
EEMO,EEMO,Invesco S&P Emerging Markets Momentum ETF,avg_dollar_volume_30d_below_15m_usd,745157.52,41
EEMS,EEMS,iShares MSCI Emerging Markets Small Cap ETF,avg_dollar_volume_30d_below_15m_usd,10348889.77,41
EEMX,EEMX,State Street SPDR MSCI Emerging Markets Fossil Fuel Reserves Free ETF,avg_dollar_volume_30d_below_15m_usd,310241.45,41
EES,EES,WisdomTree U.S. SmallCap Fund,avg_dollar_volume_30d_below_15m_usd,963415.5,41
EET,EET,ProShares Ultra MSCI Emerging Markets,avg_dollar_volume_30d_below_15m_usd,1697099.54,41
EETH,EETH,ProShares Ether ETF,avg_dollar_volume_30d_below_15m_usd,759228.04,41
EEV,EEV,ProShares UltraShort MSCI Emerging Markets,avg_dollar_volume_30d_below_15m_usd,360038.79,41
EEX,EEX,"Emerald Holding, Inc. Common Stock",avg_dollar_volume_30d_below_15m_usd,394105.41,41
EFAA,EFAA,Invesco MSCI EAFE Income Advantage ETF,avg_dollar_volume_30d_below_15m_usd,5530527.52,41
EFAD,EFAD,ProShares MSCI EAFE Dividend Growers ETF,avg_dollar_volume_30d_below_15m_usd,151184.12,41
EFAS,EFAS,Global X MSCI SuperDividend EAFE ETF,avg_dollar_volume_30d_below_15m_usd,336232.14,40
EFAX,EFAX,State Street SPDR MSCI EAFE Fossil Fuel Reserves Free ETF,avg_dollar_volume_30d_below_15m_usd,1543284.21,41
EFFE,EFFE,Harbor Osmosis Emerging Markets Resource Efficient ETF,avg_dollar_volume_30d_below_15m_usd,15121.34,41
EFFI,EFFI,Harbor Osmosis International Resource Efficient ETF,avg_dollar_volume_30d_below_15m_usd,5998.5,41
EFIV,EFIV,State Street SPDR S&P 500 ESG ETF,avg_dollar_volume_30d_below_15m_usd,2140591.39,41
EFNL,EFNL,iShares MSCI Finland ETF,avg_dollar_volume_30d_below_15m_usd,5689998.45,41
EFO,EFO,ProShares Ultra MSCI EAFE,avg_dollar_volume_30d_below_15m_usd,407056.2,41
EFOI,EFOI,"Energy Focus, Inc. - Common Stock",avg_dollar_volume_30d_below_15m_usd,130288.43,40
EFRA,EFRA,iShares Environmental Infrastructure and Industrials ETF,avg_dollar_volume_30d_below_15m_usd,25560.3,40
EFSI,EFSI,Eagle Financial Services Inc - Common Stock,avg_dollar_volume_30d_below_15m_usd,2703210.6,41
EFTY,EFTY,"Etoiles Capital Group Co., Ltd. - Class A Ordinary Shares",avg_dollar_volume_30d_below_15m_usd,0.0,40
EFU,EFU,ProShares UltraShort MSCI EAFE,avg_dollar_volume_30d_below_15m_usd,54006.78,41
EFXT,EFXT,Enerflex Ltd Common Shares,avg_dollar_volume_30d_below_15m_usd,11789495.84,41
EFZ,EFZ,ProShares Short MSCI EAFE,avg_dollar_volume_30d_below_15m_usd,281388.38,41
EGAN,EGAN,eGain Corporation - Common Stock,avg_dollar_volume_30d_below_15m_usd,1926369.67,41
EGBN,EGBN,"Eagle Bancorp, Inc. - Common Stock",avg_dollar_volume_30d_below_15m_usd,8552093.34,41
EGG,EGG,Enigmatig Limited Class A Ordinary Shares,avg_dollar_volume_30d_below_15m_usd,665414.07,41
EGGQ,EGGQ,NestYield Visionary ETF,avg_dollar_volume_30d_below_15m_usd,373915.35,41
EGGS,EGGS,NestYield Total Return Guard ETF,avg_dollar_volume_30d_below_15m_usd,479862.93,41
EGGY,EGGY,NestYield Dynamic Income ETF,avg_dollar_volume_30d_below_15m_usd,3458694.15,41
EGHT,EGHT,8x8 Inc - Common stock,avg_dollar_volume_30d_below_15m_usd,3478571.16,41
EGLE,EGLE,Global X S&P 500 U.S. Revenue Leaders ETF,avg_dollar_volume_30d_below_15m_usd,14676.53,41
EGUS,EGUS,iShares ESG Aware MSCI USA Growth ETF,avg_dollar_volume_30d_below_15m_usd,210697.82,41
EGY,EGY,"VAALCO Energy, Inc.  Common Stock",avg_dollar_volume_30d_below_15m_usd,7323084.69,41
EHCC,EHCC,Global X Ethereum Covered Call ETF,avg_dollar_volume_30d_below_15m_usd,14813.21,41
EHLD,EHLD,Euroholdings Ltd. - Common Stock,avg_dollar_volume_30d_below_15m_usd,43924.36,41
EHLS,EHLS,Even Herd Long Short ETF,avg_dollar_volume_30d_below_15m_usd,107852.81,41
EHTH,EHTH,"eHealth, Inc. - Common Stock",avg_dollar_volume_30d_below_15m_usd,803095.28,41
EHY,EHY,Amplify Ethereum Max Income Covered Call ETF,avg_dollar_volume_30d_below_15m_usd,75747.28,41
EIC,EIC,Eagle Point Income Company Inc. Common Stock,avg_dollar_volume_30d_below_15m_usd,889659.99,41
EIG,EIG,Employers Holdings Inc Common Stock,avg_dollar_volume_30d_below_15m_usd,13335860.34,41
EIKN,EIKN,"Eikon Therapeutics, Inc. - Common Stock",avg_dollar_volume_30d_below_15m_usd,4466816.17,41
EINC,EINC,VanEck Energy Income ETF,avg_dollar_volume_30d_below_15m_usd,2406521.02,41
EIPI,EIPI,FT Energy Income Partners Enhanced Income ETF,avg_dollar_volume_30d_below_15m_usd,1914384.36,41
EIPX,EIPX,FT Energy Income Partners Strategy ETF,avg_dollar_volume_30d_below_15m_usd,1408469.47,41
EIRL,EIRL,iShares MSCI Ireland ETF,avg_dollar_volume_30d_below_15m_usd,1998469.04,41
EIS,EIS,iShares MSCI Israel ETF,avg_dollar_volume_30d_below_15m_usd,12565196.22,41
EJAN,EJAN,Innovator Emerging Markets Power Buffer ETF January,avg_dollar_volume_30d_below_15m_usd,605908.98,41
EJH,EJH,E-Home Household Service Holdings Limited - Ordinary shares,avg_dollar_volume_30d_below_15m_usd,41095.16,40
EJUL,EJUL,Innovator Emerging Markets Power Buffer ETF July,avg_dollar_volume_30d_below_15m_usd,2757382.46,41
EKG,EKG,First Trust Nasdaq Lux Digital Health Solutions ETF,avg_dollar_volume_30d_below_15m_usd,18781.12,40
ELA,ELA,Envela Corporation Common Stock,avg_dollar_volume_30d_below_15m_usd,3198398.83,41
ELAB,ELAB,PMGC Holdings Inc. - Common Stock,avg_dollar_volume_30d_below_15m_usd,5367618.15,41
ELBM,ELBM,Electra Battery Materials Corporation - Common Stock,avg_dollar_volume_30d_below_15m_usd,480587.76,41
ELCV,ELCV,Strategy Shares Eventide High Dividend ETF,avg_dollar_volume_30d_below_15m_usd,1356139.22,41
ELD,ELD,WisdomTree Emerging Markets Local Debt Fund,avg_dollar_volume_30d_below_15m_usd,1449275.56,41
ELDN,ELDN,"Eledon Pharmaceuticals, Inc. - Common Stock",avg_dollar_volume_30d_below_15m_usd,5945502.15,41
ELE,ELE,Elemental Royalty Corporation - Common Stock,avg_dollar_volume_30d_below_15m_usd,7881877.93,41
ELFY,ELFY,ALPS Electrification Infrastructure ETF,avg_dollar_volume_30d_below_15m_usd,2512149.56,41
ELIL,ELIL,Direxion Daily LLY Bull 2X ETF,avg_dollar_volume_30d_below_15m_usd,2995259.58,41
ELLO,ELLO,Ellomay Capital Ltd Ordinary Shares (Israel),avg_dollar_volume_30d_below_15m_usd,287182.99,41
ELM,ELM,Elm Market Navigator ETF,avg_dollar_volume_30d_below_15m_usd,608609.36,41
ELMD,ELMD,"Electromed, Inc. Common Stock",avg_dollar_volume_30d_below_15m_usd,3156416.82,41
ELME,ELME,Elme Communities Common Stock,avg_dollar_volume_30d_below_15m_usd,3082302.12,41
ELOG,ELOG,Eastern International Ltd. - Ordinary Shares,avg_dollar_volume_30d_below_15m_usd,509076.33,41
ELOX,ELOX,"Eloxx Pharmaceuticals, Inc. - Common Stock",avg_dollar_volume_30d_below_15m_usd,715559.72,21
ELPW,ELPW,Elong Power Holding Limited - Class A Ordinary Shares,avg_dollar_volume_30d_below_15m_usd,6216824.86,41
ELSE,ELSE,"Electro-Sensors, Inc. - Common Stock",avg_dollar_volume_30d_below_15m_usd,46846.88,41
ELTK,ELTK,Eltek Ltd. - Ordinary Shares,avg_dollar_volume_30d_below_15m_usd,66863.01,41
ELTX,ELTX,"Elicio Therapeutics, Inc. - Common Stock",avg_dollar_volume_30d_below_15m_usd,14112138.43,41
ELUT,ELUT,"Elutia, Inc. - Class A Common Stock",avg_dollar_volume_30d_below_15m_usd,85701.18,40
ELVA,ELVA,Electrovaya Inc. - Common Shares,avg_dollar_volume_30d_below_15m_usd,3621580.47,41
ELWT,ELWT,"Elauwit Connection, Inc. - Common Stock",avg_dollar_volume_30d_below_15m_usd,281771.27,41
EMAT,EMAT,Evolution Metals & Technologies Corp. - Common Stock,avg_dollar_volume_30d_below_15m_usd,593738.23,41
EMBC,EMBC,Embecta Corp. - Common Stock,avg_dollar_volume_30d_below_15m_usd,7230798.92,41
EMBD,EMBD,Global X Emerging Markets Bond ETF,avg_dollar_volume_30d_below_15m_usd,321551.19,41
EMBX,EMBX,VanEck Emerging Markets Bond ETF,avg_dollar_volume_30d_below_15m_usd,1114814.2,41
EMC,EMC,Global X Emerging Markets Great Consumer ETF,avg_dollar_volume_30d_below_15m_usd,266234.07,41
EMCB,EMCB,WisdomTree Emerging Markets Corporate Bond Fund,avg_dollar_volume_30d_below_15m_usd,404874.68,41
EMCR,EMCR,Xtrackers Emerging Markets Carbon Reduction and Climate Improvers ETF,avg_dollar_volume_30d_below_15m_usd,153784.65,41
EMCS,EMCS,Xtrackers MSCI Emerging Markets Select ETF,avg_dollar_volume_30d_below_15m_usd,1863868.4,41
EMDM,EMDM,First Trust Bloomberg Emerging Market Democracies ETF,avg_dollar_volume_30d_below_15m_usd,449834.63,41
EMDV,EMDV,ProShares MSCI Emerging Markets Dividend Growers ETF,avg_dollar_volume_30d_below_15m_usd,16581.69,41
EMEM,EMEM,Sophus Capital Emerging Market ETF,avg_dollar_volume_30d_below_15m_usd,345574.61,34
EMEQ,EMEQ,Nomura Focused Emerging Markets Equity ETF,avg_dollar_volume_30d_below_15m_usd,12057473.29,41
EMES,EMES,Harbor Emerging Markets Select ETF,avg_dollar_volume_30d_below_15m_usd,27363.27,41
EMET,EMET,VanEck Copper and Electrification Metals ETF,avg_dollar_volume_30d_below_15m_usd,626019.48,41
EMFI,EMFI,Pictet Emerging Markets Debt ETF,avg_dollar_volume_30d_below_15m_usd,15012.28,41
EMGF,EMGF,iShares Emerging Markets Equity Factor ETF,avg_dollar_volume_30d_below_15m_usd,12435916.39,41
EMHC,EMHC,State Street SPDR Bloomberg Emerging Markets USD Bond ETF,avg_dollar_volume_30d_below_15m_usd,1134681.83,41
EMHY,EMHY,iShares J.P. Morgan EM High Yield Bond ETF,avg_dollar_volume_30d_below_15m_usd,3568847.5,41
EMIF,EMIF,iShares Emerging Markets Infrastructure ETF,avg_dollar_volume_30d_below_15m_usd,70718.01,41
EMJL,EMJL,Corgi Emerging Markets Equities 15% Structured Buffer ETF - July Series,avg_dollar_volume_30d_below_15m_usd,208350.86,5
EMJN,EMJN,Corgi Emerging Markets Equities 15% Structured Buffer ETF - June Series,avg_dollar_volume_30d_below_15m_usd,149261.79,26
EMKT,EMKT,Lazard Emerging Markets Opportunities ETF,avg_dollar_volume_30d_below_15m_usd,690011.43,41
EML,EML,Eastern Company (The) - Common Stock,avg_dollar_volume_30d_below_15m_usd,1236933.61,41
EMLP,EMLP,First Trust North American Energy Infrastructure Fund,avg_dollar_volume_30d_below_15m_usd,12810826.21,41
EMM,EMM,Global X Emerging Markets ex-China ETF,avg_dollar_volume_30d_below_15m_usd,386958.31,41
EMMF,EMMF,WisdomTree Emerging Markets Multifactor Fund,avg_dollar_volume_30d_below_15m_usd,666490.01,41
EMMY,EMMY,Corgi Emerging Markets Equities 15% Structured Buffer ETF - May Series,avg_dollar_volume_30d_below_15m_usd,103585.7,41
EMNT,EMNT,PIMCO Enhanced Short Maturity Active ESG Exchange-Traded Fund,avg_dollar_volume_30d_below_15m_usd,1452078.37,41
EMOP,EMOP,AB Emerging Markets Opportunities ETF,avg_dollar_volume_30d_below_15m_usd,5464379.46,41
EMOT,EMOT,First Trust S&P 500 Economic Moat ETF,avg_dollar_volume_30d_below_15m_usd,12475.57,41
EMPB,EMPB,Efficient Market Portfolio Plus ETF,avg_dollar_volume_30d_below_15m_usd,229952.79,41
EMPD,EMPD,Empery Digital Inc. - Common stock,avg_dollar_volume_30d_below_15m_usd,1439148.19,41
EMPG,EMPG,Empro Group Inc. - Ordinary shares,avg_dollar_volume_30d_below_15m_usd,0.0,40
EMQQ,EMQQ,EMQQ The Emerging Markets Internet ETF,avg_dollar_volume_30d_below_15m_usd,1922205.28,41
EMSC,EMSC,Sophus Capital Emerging Market Small Cap ETF,avg_dollar_volume_30d_below_15m_usd,1061492.67,33
EMSF,EMSF,Matthews Emerging Markets Sustainable Future Active ETF,avg_dollar_volume_30d_below_15m_usd,146362.24,41
EMTL,EMTL,State Street DoubleLine Emerging Markets Fixed Income ETF,avg_dollar_volume_30d_below_15m_usd,1308271.7,41
EMTY,EMTY,ProShares Decline of the Retail Store ETF,avg_dollar_volume_30d_below_15m_usd,38271.71,41
EMXF,EMXF,iShares ESG Advanced MSCI EM ETF,avg_dollar_volume_30d_below_15m_usd,360179.62,41
EMXX,EMXX,Corgi Emerging Markets 2x Daily ETF,avg_dollar_volume_30d_below_15m_usd,2157.49,24
ENDW,ENDW,Cambria Endowment Style ETF,avg_dollar_volume_30d_below_15m_usd,290311.69,41
ENFR,ENFR,Alerian Energy Infrastructure ETF,avg_dollar_volume_30d_below_15m_usd,2330420.74,41
ENGN,ENGN,enGene Therapeutics Inc. - Common Stock,avg_dollar_volume_30d_below_15m_usd,1825123.47,41
ENGS,ENGS,Energys Group Limited - Ordinary Shares,avg_dollar_volume_30d_below_15m_usd,1679023.18,41
ENHA,ENHA,Enhanced Group Inc. Class A Common Stock,avg_dollar_volume_30d_below_15m_usd,4647360.36,41
ENHI,ENHI,iShares Enhanced International Active ETF,avg_dollar_volume_30d_below_15m_usd,8774.6,40
ENHU,ENHU,iShares Enhanced Large Cap Core Active ETF,avg_dollar_volume_30d_below_15m_usd,14826.84,40
ENLV,ENLV,Enlivex Ltd. - Ordinary Shares,avg_dollar_volume_30d_below_15m_usd,316627.51,38
ENOR,ENOR,iShares MSCI Norway ETF,avg_dollar_volume_30d_below_15m_usd,2494270.88,41
ENSC,ENSC,"Ensysce Biosciences, Inc. - Common Stock",avg_dollar_volume_30d_below_15m_usd,273204.45,41
ENTA,ENTA,"Enanta Pharmaceuticals, Inc. - Common Stock",avg_dollar_volume_30d_below_15m_usd,3185164.73,41
ENTL,ENTL,Leverage Shares 2X Long ENTG Daily ETF,avg_dollar_volume_30d_below_15m_usd,65834.73,12
ENTX,ENTX,Entera Bio Ltd. - Ordinary Shares,avg_dollar_volume_30d_below_15m_usd,2928696.88,41
ENVB,ENVB,"Enveric Biosciences, Inc.  - Common Stock",avg_dollar_volume_30d_below_15m_usd,280988.35,41
ENZL,ENZL,iShares MSCI New Zealand ETF,avg_dollar_volume_30d_below_15m_usd,2634473.12,41
EO,EO,Corgi EOSE 2x Daily ETF,avg_dollar_volume_30d_below_15m_usd,149861.82,7
EOCT,EOCT,Innovator Emerging Markets Power Buffer ETF - October,avg_dollar_volume_30d_below_15m_usd,289815.06,41
EOLS,EOLS,"Evolus, Inc. - Common Stock",avg_dollar_volume_30d_below_15m_usd,5090120.76,41
EONR,EONR,EON Resources Inc. Class A Common Stock,avg_dollar_volume_30d_below_15m_usd,761023.25,41
EOSU,EOSU,T-REX 2X Long EOSE Daily Target ETF,avg_dollar_volume_30d_below_15m_usd,3361376.09,41
EP,EP,Empire Petroleum Corporation Common Stock,avg_dollar_volume_30d_below_15m_usd,399722.37,41
EPAI,EPAI,Harbor AI Inflection Strategy ETF,avg_dollar_volume_30d_below_15m_usd,24379.83,41
EPEM,EPEM,Harbor Emerging Markets Equity ETF,avg_dollar_volume_30d_below_15m_usd,2947.95,41
EPHE,EPHE,iShares MSCI Philippines ETF,avg_dollar_volume_30d_below_15m_usd,3459445.82,41
EPIN,EPIN,Harbor International Equity ETF,avg_dollar_volume_30d_below_15m_usd,19702.95,41
EPM,EPM,"Evolution Petroleum Corporation, Inc. Common Stock",avg_dollar_volume_30d_below_15m_usd,1477138.32,41
EPMB,EPMB,Harbor Mid Cap Core ETF,avg_dollar_volume_30d_below_15m_usd,1918.7,40
EPMV,EPMV,Harbor Mid Cap Value ETF,avg_dollar_volume_30d_below_15m_usd,1881.47,41
EPOW,EPOW,E-Power Inc. - Class A Ordinary Shares,avg_dollar_volume_30d_below_15m_usd,164297.0,41
EPRF,EPRF,Innovator S&P Investment Grade Preferred ETF,avg_dollar_volume_30d_below_15m_usd,170615.88,41
EPRX,EPRX,Eupraxia Pharmaceuticals Inc. - Common Stock,avg_dollar_volume_30d_below_15m_usd,2395557.48,41
EPS,EPS,WisdomTree U.S. LargeCap Fund,avg_dollar_volume_30d_below_15m_usd,4269404.95,41
EPSB,EPSB,Harbor SMID Cap Core ETF,avg_dollar_volume_30d_below_15m_usd,20124.15,41
EPSM,EPSM,Epsium Enterprise Limited - Class A Ordinary Shares,avg_dollar_volume_30d_below_15m_usd,5013873.14,40
EPSN,EPSN,Epsilon Energy Ltd. - Common Shares,avg_dollar_volume_30d_below_15m_usd,934975.02,41
EPSV,EPSV,Harbor SMID Cap Value ETF,avg_dollar_volume_30d_below_15m_usd,10867.26,41
EPU,EPU,iShares MSCI Peru and Global Exposure ETF,avg_dollar_volume_30d_below_15m_usd,7027491.05,41
EPV,EPV,ProShares UltraShort FTSE Europe ETF,avg_dollar_volume_30d_below_15m_usd,321417.59,41
EQ,EQ,"Equillium, Inc. - Common Stock",avg_dollar_volume_30d_below_15m_usd,3445527.47,41
EQAL,EQAL,Invesco Russell 1000 Equal Weight ETF,avg_dollar_volume_30d_below_15m_usd,2192142.83,41
EQBK,EQBK,"Equity Bancshares, Inc. Class A Common Stock",avg_dollar_volume_30d_below_15m_usd,6446499.77,41
EQIN,EQIN,Columbia U.S. Equity Income ETF,avg_dollar_volume_30d_below_15m_usd,844186.99,41
EQL,EQL,ALPS Equal Sector Weight ETF,avg_dollar_volume_30d_below_15m_usd,3074684.41,41
EQLT,EQLT,iShares MSCI Emerging Markets Quality Factor ETF,avg_dollar_volume_30d_below_15m_usd,128114.87,41
EQRR,EQRR,ProShares Equities for Rising Rates ETF,avg_dollar_volume_30d_below_15m_usd,4890766.63,41
EQS,EQS,"Equus Total Return, Inc. Common Stock",avg_dollar_volume_30d_below_15m_usd,27744.09,41
EQTY,EQTY,Kovitz Core Equity ETF,avg_dollar_volume_30d_below_15m_usd,1028381.16,41
EQWL,EQWL,Invesco S&P 100 Equal Weight ETF,avg_dollar_volume_30d_below_15m_usd,9921795.48,41
ERET,ERET,iShares Environmentally Aware Real Estate ETF,avg_dollar_volume_30d_below_15m_usd,90135.95,40
ERII,ERII,"Energy Recovery, Inc. - Common Stock",avg_dollar_volume_30d_below_15m_usd,8463505.64,41
ERNA,ERNA,Ernexa Therapeutics Inc. - Common Stock,avg_dollar_volume_30d_below_15m_usd,382205.12,41
EROK,EROK,"EagleRock Land, LLC Class A shares representing limited liability company interests",avg_dollar_volume_30d_below_15m_usd,6070157.57,38
ERTH,ERTH,Invesco MSCI Sustainable Future ETF,avg_dollar_volume_30d_below_15m_usd,177754.59,41
ESBG,ESBG,"First Trust Enhanced Stocks, Bonds & Gold ETF",avg_dollar_volume_30d_below_15m_usd,10288.54,40
ESCA,ESCA,"Escalade, Incorporated - Common Stock",avg_dollar_volume_30d_below_15m_usd,623416.98,41
ESEA,ESEA,Euroseas Ltd. - Common Stock,avg_dollar_volume_30d_below_15m_usd,4475443.39,41
ESG,ESG,FlexShares STOXX US ESG Select Index Fund,avg_dollar_volume_30d_below_15m_usd,187285.15,41
ESGG,ESGG,FlexShares STOXX Global ESG Select Index Fund,avg_dollar_volume_30d_below_15m_usd,81878.81,41
ESIM,ESIM,Eventide International ETF,avg_dollar_volume_30d_below_15m_usd,163832.01,41
ESLA,ESLA,"Estrella Immunopharma, Inc. - Common Stock",avg_dollar_volume_30d_below_15m_usd,43487.58,41
ESLG,ESLG,Eventide Large Cap Growth ETF,avg_dollar_volume_30d_below_15m_usd,125904.5,40
ESLV,ESLV,Eventide Large Cap Value ETF,avg_dollar_volume_30d_below_15m_usd,86650.22,41
ESMV,ESMV,iShares ESG Optimized MSCI USA Min Vol Factor ETF,avg_dollar_volume_30d_below_15m_usd,21848.7,40
ESN,ESN,Essential 40 Stock ETF,avg_dollar_volume_30d_below_15m_usd,1698749.2,41
ESOA,ESOA,Energy Services of America Corporation - Common Stock,avg_dollar_volume_30d_below_15m_usd,2433254.76,41
ESP,ESP,Espey Mfg. & Electronics Corp. Common Stock,avg_dollar_volume_30d_below_15m_usd,2569158.95,41
ESPO,ESPO,VanEck Video Gaming and eSports ETF,avg_dollar_volume_30d_below_15m_usd,1619694.98,41
ESQ,ESQ,"Esquire Financial Holdings, Inc. - Common Stock",avg_dollar_volume_30d_below_15m_usd,13849418.03,41
ESSC,ESSC,Eventide Small Cap ETF,avg_dollar_volume_30d_below_15m_usd,498178.55,40
ESUM,ESUM,Eventide US Market ETF,avg_dollar_volume_30d_below_15m_usd,1079190.65,41
ETCO,ETCO,Grayscale Ethereum Covered Call ETF,avg_dollar_volume_30d_below_15m_usd,60616.29,41
ETD,ETD,Ethan Allen Interiors Inc. Common Stock,avg_dollar_volume_30d_below_15m_usd,14665976.85,41
ETEC,ETEC,iShares Breakthrough Environmental Solutions ETF,avg_dollar_volume_30d_below_15m_usd,28040.63,41
ETFT,ETFT,Fundsmith Equity ETF,avg_dollar_volume_30d_below_15m_usd,13886.45,40
ETHB,ETHB,iShares Staked Ethereum Trust ETF,avg_dollar_volume_30d_below_15m_usd,11077461.97,41
ETHO,ETHO,Amplify Etho Climate Leadership U.S. ETF,avg_dollar_volume_30d_below_15m_usd,301048.36,41
ETHV,ETHV,VanEck Ethereum ETF,avg_dollar_volume_30d_below_15m_usd,1549349.33,41
ETHW,ETHW,Bitwise Ethereum ETF ,avg_dollar_volume_30d_below_15m_usd,9997781.57,41
ETO,ETO,Eaton Vance Tax-Advantage Global Dividend Opp Common Stock,avg_dollar_volume_30d_below_15m_usd,1092010.54,41
ETON,ETON,"Eton Pharmaceuticals, Inc. - Common Stock",avg_dollar_volume_30d_below_15m_usd,13423241.38,41
ETS,ETS,Elite Express Holding Inc. - Class A Common Stock,avg_dollar_volume_30d_below_15m_usd,105061.1,41
ETSS,ETSS,Energy Transition Special Opportunities Class A Ordinary Shares,avg_dollar_volume_30d_below_15m_usd,49706.89,24
ETTY,ETTY,Amplify Ethereum 3% Monthly Option Income ETF,avg_dollar_volume_30d_below_15m_usd,79342.09,41
ETU,ETU,T-Rex 2X Long Ether Daily Target ETF,avg_dollar_volume_30d_below_15m_usd,485402.22,41
EU,EU,enCore Energy Corp. - Common Stock,avg_dollar_volume_30d_below_15m_usd,5013001.16,41
EUAD,EUAD,Select STOXX Europe Aerospace & Defense ETF,avg_dollar_volume_30d_below_15m_usd,12897082.56,41
EUDA,EUDA,Euda Health Holdings Limited - Ordinary Shares,avg_dollar_volume_30d_below_15m_usd,75833.23,40
EUDG,EUDG,WisdomTree Europe Quality Dividend Growth Fund,avg_dollar_volume_30d_below_15m_usd,160130.14,41
EUDV,EUDV,ProShares MSCI Europe Dividend Growers ETF,avg_dollar_volume_30d_below_15m_usd,28689.65,41
EUHY,EUHY,iShares Euro High Yield Corporate Bond USD Hedged ETF,avg_dollar_volume_30d_below_15m_usd,1741435.45,41
EUIG,EUIG,iShares Euro Investment Grade Corporate Bond USD Hedged ETF,avg_dollar_volume_30d_below_15m_usd,24062.35,41
EUM,EUM,ProShares Short MSCI Emerging Markets,avg_dollar_volume_30d_below_15m_usd,1809249.96,41
EUO,EUO,ProShares UltraShort Euro,avg_dollar_volume_30d_below_15m_usd,647858.31,41
EURL,EURL,Direxion Daily FTSE Europe Bull 3X ETF,avg_dollar_volume_30d_below_15m_usd,982719.68,41
EUSA,EUSA,iShares MSCI USA Equal Weighted ETF,avg_dollar_volume_30d_below_15m_usd,6795474.59,41
EUSB,EUSB,iShares ESG Advanced Universal USD Bond ETF,avg_dollar_volume_30d_below_15m_usd,2472047.51,41
EUVX,EUVX,Corgi Lithography & Semiconductor Photonics 2x Daily ETF,avg_dollar_volume_30d_below_15m_usd,681490.82,25
EVCM,EVCM,EverCommerce Inc. - Common Stock,avg_dollar_volume_30d_below_15m_usd,1527722.0,41
EVEX,EVEX,"Eve Holding, Inc. Common Stock",avg_dollar_volume_30d_below_15m_usd,3126622.13,41
EVGN,EVGN,Evogene Ltd. - Ordinary Shares,avg_dollar_volume_30d_below_15m_usd,1514344.25,41
EVGO,EVGO,EVgo Inc. - Common Stock,avg_dollar_volume_30d_below_15m_usd,8530639.58,41
EVH,EVH,"Evolent Health, Inc Class A Common Stock",avg_dollar_volume_30d_below_15m_usd,11964590.94,41
EVHY,EVHY,Eaton Vance High Yield ETF,avg_dollar_volume_30d_below_15m_usd,106475.54,41
EVI,EVI,"EVI Industries, Inc.  Common Stock",avg_dollar_volume_30d_below_15m_usd,1136110.19,41
EVIM,EVIM,Eaton Vance Intermediate Municipal Income ETF,avg_dollar_volume_30d_below_15m_usd,1327913.27,41
EVLN,EVLN,Eaton Vance Floating-Rate ETF,avg_dollar_volume_30d_below_15m_usd,1832645.91,41
EVLU,EVLU,iShares MSCI Emerging Markets Value Factor ETF,avg_dollar_volume_30d_below_15m_usd,126320.67,41
EVMO,EVMO,Eaton Vance Mortgage Opportunities ETF,avg_dollar_volume_30d_below_15m_usd,3310394.52,41
EVMT,EVMT,Invesco Electric Vehicle Metals Commodity Strategy No K-1 ETF,avg_dollar_volume_30d_below_15m_usd,102574.15,40
EVMU,EVMU,Direxion Daily Ether Bull 2X ETF,avg_dollar_volume_30d_below_15m_usd,121895.45,30
EVNT,EVNT,AltShares Event-Driven ETF,avg_dollar_volume_30d_below_15m_usd,48096.38,41
EVPF,EVPF,Eaton Vance Preferred Securities and Income ETF,avg_dollar_volume_30d_below_15m_usd,305962.43,40
EVSB,EVSB,Eaton Vance Ultra-Short Income ETF,avg_dollar_volume_30d_below_15m_usd,2643736.76,41
EVSD,EVSD,Eaton Vance Short Duration Income ETF,avg_dollar_volume_30d_below_15m_usd,7230679.61,41
EVSM,EVSM,Eaton Vance Short Duration Municipal Income ETF,avg_dollar_volume_30d_below_15m_usd,5477686.12,41
EVTL,EVTL,Vertical Aerospace Ltd. Ordinary Shares,avg_dollar_volume_30d_below_15m_usd,5423306.13,41
EVTV,EVTV,"Envirotech Vehicles, Inc. - Common stock",avg_dollar_volume_30d_below_15m_usd,993767.53,41
EVUS,EVUS,iShares ESG Aware MSCI USA Value ETF,avg_dollar_volume_30d_below_15m_usd,1559051.99,41
EVX,EVX,VanEck Environmental Services ETF,avg_dollar_volume_30d_below_15m_usd,372049.49,41
EVYM,EVYM,Eaton Vance High Income Municipal ETF,avg_dollar_volume_30d_below_15m_usd,279854.12,40
EWD,EWD,iShares MSCI Sweden ETF,avg_dollar_volume_30d_below_15m_usd,7806855.94,41
EWJV,EWJV,iShares MSCI Japan Value ETF,avg_dollar_volume_30d_below_15m_usd,5033953.05,41
EWK,EWK,iShares MSCI Belgium ETF,avg_dollar_volume_30d_below_15m_usd,1456467.89,41
EWM,EWM,iShares MSCI Malaysia Index Fund,avg_dollar_volume_30d_below_15m_usd,8127976.2,41
EWO,EWO,iShares MSCI Austria ETF,avg_dollar_volume_30d_below_15m_usd,1376482.48,41
EWUS,EWUS,iShares MSCI United Kingdom Small Cap ETF,avg_dollar_volume_30d_below_15m_usd,235150.71,41
EWV,EWV,ProShares UltraShort MSCI Japan,avg_dollar_volume_30d_below_15m_usd,259788.79,41
EWX,EWX,State Street SPDR S&P Emerging Markets Small Cap ETF,avg_dollar_volume_30d_below_15m_usd,1681670.68,41
EWZS,EWZS,iShares MSCI Brazil Small-Cap ETF,avg_dollar_volume_30d_below_15m_usd,3729859.68,41
EXEQ,EXEQ,Wedbush ReturnOnLeadership U.S. Large-Cap ETF,avg_dollar_volume_30d_below_15m_usd,4998.45,41
EXFY,EXFY,"Expensify, Inc. - Class A Common Stock",avg_dollar_volume_30d_below_15m_usd,2976648.46,41
EXOD,EXOD,"Exodus Movement, Inc. Class A Common Stock",avg_dollar_volume_30d_below_15m_usd,427931.32,41
EXOZ,EXOZ,eXoZymes Inc. - Common Stock,avg_dollar_volume_30d_below_15m_usd,95738.7,41
EXUS,EXUS,Nomura Focused International Core ETF,avg_dollar_volume_30d_below_15m_usd,824157.43,40
EXYN,EXYN,"Exyn Technologies, Inc. - Common Stock",avg_dollar_volume_30d_below_15m_usd,886385.95,37
EYEG,EYEG,AB Corporate Bond ETF,avg_dollar_volume_30d_below_15m_usd,6698.14,40
EYES,EYES,Corgi Data & Surveillance ETF,avg_dollar_volume_30d_below_15m_usd,121735.6,41
EYLD,EYLD,Cambria Emerging Shareholder Yield ETF,avg_dollar_volume_30d_below_15m_usd,5933168.42,41
EZBC,EZBC,Franklin Templeton Digital Holdings Trust Shares of Franklin Bitcoin ETF,avg_dollar_volume_30d_below_15m_usd,7510844.23,41
EZET,EZET,Franklin Ethereum ETF,avg_dollar_volume_30d_below_15m_usd,706291.79,41
EZGO,EZGO,EZGO Technologies Ltd. - Ordinary Shares,avg_dollar_volume_30d_below_15m_usd,2148275.62,41
EZJ,EZJ,ProShares Ultra MSCI Japan,avg_dollar_volume_30d_below_15m_usd,251740.74,41
EZM,EZM,WisdomTree U.S. MidCap Fund,avg_dollar_volume_30d_below_15m_usd,1296489.51,41
EZMO,EZMO,AlphaDroid Broad Markets Momentum ETF,avg_dollar_volume_30d_below_15m_usd,174160.68,40
EZPZ,EZPZ,Franklin Crypto Index ETF,avg_dollar_volume_30d_below_15m_usd,265768.28,41
EZRA,EZRA,"Reliance Global Group, Inc. - Common Stock",avg_dollar_volume_30d_below_15m_usd,435629.94,41
EZRO,EZRO,AlphaDroid Defensive Sector Rotation ETF,avg_dollar_volume_30d_below_15m_usd,318021.09,41
FAAA,FAAA,Fidelity AAA CLO ETF,avg_dollar_volume_30d_below_15m_usd,1494529.03,41
FAAR,FAAR,First Trust Alternative Absolute Return Strategy ETF,avg_dollar_volume_30d_below_15m_usd,2277687.21,41
FAB,FAB,First Trust Multi Cap Value AlphaDEX Fund,avg_dollar_volume_30d_below_15m_usd,165776.63,40
FABC,FABC,"Fabric.AI, Inc. - Common Stock",avg_dollar_volume_30d_below_15m_usd,3226402.38,41
FAC,FAC,Factorial Energy Inc. - Class A Common Stock,avg_dollar_volume_30d_below_15m_usd,7387264.13,41
FAD,FAD,First Trust Multi Cap Growth AlphaDEX Fund,avg_dollar_volume_30d_below_15m_usd,2638087.0,41
FAI,FAI,First Trust Bloomberg Artificial Intelligence ETF,avg_dollar_volume_30d_below_15m_usd,4895547.01,41
FAMI,FAMI,"Farmmi, Inc. - Class A Ordinary Shares",avg_dollar_volume_30d_below_15m_usd,279125.15,41
FAN,FAN,First Trust Global Wind Energy ETF,avg_dollar_volume_30d_below_15m_usd,1852863.8,41
FAPR,FAPR,FT Vest U.S. Equity Buffer ETF - April,avg_dollar_volume_30d_below_15m_usd,4013159.68,41
FARX,FARX,Frontier Asset Absolute Return ETF,avg_dollar_volume_30d_below_15m_usd,59801.98,41
FATE,FATE,"Fate Therapeutics, Inc. - Common Stock",avg_dollar_volume_30d_below_15m_usd,10993522.39,41
FATN,FATN,"FatPipe, Inc. - common stock",avg_dollar_volume_30d_below_15m_usd,2683033.77,41
FAUG,FAUG,FT Vest U.S. Equity Buffer ETF - August,avg_dollar_volume_30d_below_15m_usd,1899540.96,41
FB,FB,ProShares S&P 500 Dynamic Buffer ETF,avg_dollar_volume_30d_below_15m_usd,117258.65,41
FBCV,FBCV,Fidelity Blue Chip Value ETF,avg_dollar_volume_30d_below_15m_usd,364541.64,41
FBDC,FBDC,FT Confluence BDC & Specialty Finance Income ETF,avg_dollar_volume_30d_below_15m_usd,156990.37,41
FBGL,FBGL,FBS Global Limited - Ordinary Shares,avg_dollar_volume_30d_below_15m_usd,407529.98,41
FBIO,FBIO,"Fortress Biotech, Inc. - Common Stock",avg_dollar_volume_30d_below_15m_usd,1402243.39,41
FBIZ,FBIZ,"First Business Financial Services, Inc. - Common Stock",avg_dollar_volume_30d_below_15m_usd,2939803.11,41
FBLA,FBLA,"FB Bancorp, Inc. - Common Stock",avg_dollar_volume_30d_below_15m_usd,1304745.7,41
FBLG,FBLG,"FibroBiologics, Inc. - Common Stock",avg_dollar_volume_30d_below_15m_usd,149454.38,41
FBOT,FBOT,Fidelity Disruptive Automation ETF,avg_dollar_volume_30d_below_15m_usd,864469.59,41
FBRX,FBRX,"Forte Biosciences, Inc.  - Common Stock",avg_dollar_volume_30d_below_15m_usd,8733368.41,41
FBT,FBT,First Trust Amex Biotech Index Fund,avg_dollar_volume_30d_below_15m_usd,13693495.94,41
FBUF,FBUF,Fidelity Dynamic Buffered Equity ETF,avg_dollar_volume_30d_below_15m_usd,261672.22,41
FBX,FBX,Corgi META 2x Daily ETF,avg_dollar_volume_30d_below_15m_usd,63819.07,9
FBY,FBY,YieldMax META Option Income Strategy ETF,avg_dollar_volume_30d_below_15m_usd,1557107.33,41
FBYD,FBYD,"Falcon's Beyond Global, Inc. - Class A Common Stock",avg_dollar_volume_30d_below_15m_usd,2422917.47,41
FBYY,FBYY,GraniteShares YieldBOOST META ETF,avg_dollar_volume_30d_below_15m_usd,18141.59,40
FC,FC,Franklin Covey Company Common Stock,avg_dollar_volume_30d_below_15m_usd,2709436.81,41
FCA,FCA,First Trust China AlphaDEX Fund,avg_dollar_volume_30d_below_15m_usd,3208695.82,41
FCAL,FCAL,First Trust California Municipal High income ETF,avg_dollar_volume_30d_below_15m_usd,765310.61,41
FCAP,FCAP,"First Capital, Inc. - Common Stock",avg_dollar_volume_30d_below_15m_usd,544074.93,41
FCBC,FCBC,"First Community Bankshares, Inc. - Common Stock",avg_dollar_volume_30d_below_15m_usd,4137404.2,41
FCBD,FCBD,Frontier Asset Core Bond ETF,avg_dollar_volume_30d_below_15m_usd,121720.92,41
FCBM,FCBM,"First Carolina Financial Services, Inc. Common Stock",avg_dollar_volume_30d_below_15m_usd,1820726.66,14
FCCO,FCCO,First Community Corporation - Common Stock,avg_dollar_volume_30d_below_15m_usd,3701576.16,41
FCEF,FCEF,First Trust Income Opportunities ETF,avg_dollar_volume_30d_below_15m_usd,416501.99,40
FCF,FCF,First Commonwealth Financial Corporation Common Stock,avg_dollar_volume_30d_below_15m_usd,14434059.08,41
FCFY,FCFY,First Trust S&P 500 Diversified Free Cash Flow ETF,avg_dollar_volume_30d_below_15m_usd,4171.51,41
FCHL,FCHL,Fitness Champs Holdings Limited - Ordinary Shares,avg_dollar_volume_30d_below_15m_usd,525739.3,41
FCLD,FCLD,Fidelity Cloud Computing ETF,avg_dollar_volume_30d_below_15m_usd,933156.7,41
FCLO,FCLO,Fidelity CLO ETF,avg_dollar_volume_30d_below_15m_usd,277897.11,41
FCOM,FCOM,Fidelity MSCI Communication Services Index ETF,avg_dollar_volume_30d_below_15m_usd,13513885.77,41
FCOR,FCOR,Fidelity Corporate Bond ETF,avg_dollar_volume_30d_below_15m_usd,2087602.58,41
FCPI,FCPI,Fidelity Stocks for Inflation ETF,avg_dollar_volume_30d_below_15m_usd,873586.46,41
FCSH,FCSH,Federated Hermes Short Duration Corporate ETF,avg_dollar_volume_30d_below_15m_usd,35049.67,41
FCTE,FCTE,SMI 3Fourteen Full-Cycle Trend ETF,avg_dollar_volume_30d_below_15m_usd,643720.51,41
FCTR,FCTR,First Trust Lunt U.S. Factor Rotation ETF,avg_dollar_volume_30d_below_15m_usd,93135.82,41
FCUS,FCUS,Pinnacle Focused Opportunities ETF,avg_dollar_volume_30d_below_15m_usd,1071034.89,41
FCVT,FCVT,First Trust SSI Strategic Convertible Securities ETF,avg_dollar_volume_30d_below_15m_usd,1022928.49,41
FCXG,FCXG,Leverage Shares 2x Long FCX Daily ETF,avg_dollar_volume_30d_below_15m_usd,673986.47,41
FDAT,FDAT,Tactical Advantage ETF,avg_dollar_volume_30d_below_15m_usd,21638.06,41
FDBC,FDBC,"Fidelity D & D Bancorp, Inc. - Common Stock",avg_dollar_volume_30d_below_15m_usd,672313.38,41
FDCF,FDCF,Fidelity Disruptive Communications ETF,avg_dollar_volume_30d_below_15m_usd,451497.99,41
FDD,FDD,First Trust STOXX European Select Dividend Index Fund,avg_dollar_volume_30d_below_15m_usd,2645029.48,41
FDEC,FDEC,FT Vest U.S. Equity Buffer ETF - December,avg_dollar_volume_30d_below_15m_usd,3275379.86,41
FDEM,FDEM,Fidelity Emerging Markets Multifactor ETF,avg_dollar_volume_30d_below_15m_usd,3241504.55,41
FDEV,FDEV,Fidelity International Multifactor ETF,avg_dollar_volume_30d_below_15m_usd,1392560.23,41
FDFF,FDFF,Fidelity Disruptive Finance ETF,avg_dollar_volume_30d_below_15m_usd,96868.22,41
FDG,FDG,American Century Focused Dynamic Growth ETF,avg_dollar_volume_30d_below_15m_usd,2259146.3,41
FDHY,FDHY,Fidelity Enhanced High Yield ETF,avg_dollar_volume_30d_below_15m_usd,4341677.11,41
FDIF,FDIF,Fidelity Disruptors ETF,avg_dollar_volume_30d_below_15m_usd,510049.87,40
FDIG,FDIG,Fidelity Crypto Industry and Digital Payments ETF,avg_dollar_volume_30d_below_15m_usd,2056048.24,41
FDIQ,FDIQ,Invesco Bloomberg Financial Data Providers ETF,avg_dollar_volume_30d_below_15m_usd,248166.3,40
FDIS,FDIS,Fidelity MSCI Consumer Discretionary Index ETF,avg_dollar_volume_30d_below_15m_usd,10265342.83,41
FDIV,FDIV,MarketDesk Focused U.S. Dividend ETF,avg_dollar_volume_30d_below_15m_usd,224501.11,41
FDLO,FDLO,Fidelity Low Volatility Factor ETF,avg_dollar_volume_30d_below_15m_usd,3198097.01,41
FDLS,FDLS,Inspire Fidelis Multi Factor ETF,avg_dollar_volume_30d_below_15m_usd,1793227.06,41
FDM,FDM,First Trust DJ Select MicroCap ETF,avg_dollar_volume_30d_below_15m_usd,708372.71,41
FDMO,FDMO,Fidelity Momentum Factor ETF,avg_dollar_volume_30d_below_15m_usd,5302203.09,41
FDMT,FDMT,"4D Molecular Therapeutics, Inc. - Common Stock",avg_dollar_volume_30d_below_15m_usd,11539088.55,41
FDND,FDND,FT Vest Dow Jones Internet & Target Income ETF,avg_dollar_volume_30d_below_15m_usd,88048.16,41
FDNI,FDNI,First Trust Dow Jones International Internet ETF,avg_dollar_volume_30d_below_15m_usd,1032553.31,40
FDRR,FDRR,Fidelity Dividend ETF for Rising Rates,avg_dollar_volume_30d_below_15m_usd,1141406.92,41
FDRS,FDRS,Founder-Led ETF,avg_dollar_volume_30d_below_15m_usd,1922049.95,41
FDRV,FDRV,Fidelity Electric Vehicles and Future Transportation ETF,avg_dollar_volume_30d_below_15m_usd,259799.02,41
FDRX,FDRX,Founder-Led 2X Daily ETF,avg_dollar_volume_30d_below_15m_usd,223257.53,40
FDSB,FDSB,"Fifth District Bancorp, Inc. - Common Stock",avg_dollar_volume_30d_below_15m_usd,207648.68,40
FDT,FDT,First Trust Developed Markets Ex-US AlphaDEX Fund,avg_dollar_volume_30d_below_15m_usd,11497122.45,41
FDTS,FDTS,First Trust Developed Markets ex-US Small Cap AlphaDEX Fund,avg_dollar_volume_30d_below_15m_usd,84599.2,40
FDTX,FDTX,Fidelity Disruptive Technology ETF,avg_dollar_volume_30d_below_15m_usd,4000745.57,41
FDV,FDV,Federated Hermes U.S. Strategic Dividend ETF,avg_dollar_volume_30d_below_15m_usd,3780413.04,41
FEAC,FEAC,Fidelity Enhanced U.S. All-Cap Equity ETF,avg_dollar_volume_30d_below_15m_usd,812906.31,41
FEAM,FEAM,"5E Advanced Materials, Inc. - Common Stock",avg_dollar_volume_30d_below_15m_usd,276166.27,41
FEBM,FEBM,FT Vest U.S. Equity Max Buffer ETF - February,avg_dollar_volume_30d_below_15m_usd,57080.5,41
FEBO,FEBO,Fenbo Holdings Limited - Class A Ordinary Shares,avg_dollar_volume_30d_below_15m_usd,154721.09,41
FEBP,FEBP,PGIM S&P 500 Buffer 12 ETF - February,avg_dollar_volume_30d_below_15m_usd,89302.57,41
FEBT,FEBT,AllianzIM U.S. Large Cap Buffer10 Feb ETF,avg_dollar_volume_30d_below_15m_usd,608614.33,41
FEBU,FEBU,AllianzIM U.S. Equity Buffer15 Uncapped Feb ETF,avg_dollar_volume_30d_below_15m_usd,74390.17,41
FEBW,FEBW,AllianzIM U.S. Large Cap Buffer20 Feb ETF,avg_dollar_volume_30d_below_15m_usd,306381.86,41
FEBZ,FEBZ,TrueShares Structured Outcome (February) ETF,avg_dollar_volume_30d_below_15m_usd,331333.71,41
FECM,FECM,First Eagle Core Municipal ETF,avg_dollar_volume_30d_below_15m_usd,12547.0,5
FEDM,FEDM,FlexShares ESG & Climate Developed Markets ex-US Core Index Fund,avg_dollar_volume_30d_below_15m_usd,79912.36,41
FEED,FEED,"ENvue Medical, Inc. - Common Stock",avg_dollar_volume_30d_below_15m_usd,969072.71,41
FEIG,FEIG,FlexShares ESG & Climate Investment Grade Corporate Core Index Fund,avg_dollar_volume_30d_below_15m_usd,299973.86,41
FEIM,FEIM,"Frequency Electronics, Inc. - Common Stock",avg_dollar_volume_30d_below_15m_usd,13789120.45,41
FELV,FELV,Fidelity Enhanced Large Cap Value ETF,avg_dollar_volume_30d_below_15m_usd,6404554.74,41
FEM,FEM,First Trust Emerging Markets AlphaDEX Fund,avg_dollar_volume_30d_below_15m_usd,3547808.03,41
FEMB,FEMB,First Trust Emerging Markets Local Currency Bond ETF,avg_dollar_volume_30d_below_15m_usd,2916354.27,41
FEMD,FEMD,First Eagle Mid Cap Equity ETF,avg_dollar_volume_30d_below_15m_usd,73007.41,41
FEMG,FEMG,Fidelity Enhanced Mid Cap Growth ETF,avg_dollar_volume_30d_below_15m_usd,62518.81,41
FEMR,FEMR,Fidelity Enhanced Emerging Markets ETF,avg_dollar_volume_30d_below_15m_usd,2251571.49,41
FEMS,FEMS,First Trust Emerging Markets Small Cap AlphaDEX Fund,avg_dollar_volume_30d_below_15m_usd,1522698.21,41
FEMV,FEMV,Fidelity Enhanced Mid Cap Value ETF,avg_dollar_volume_30d_below_15m_usd,42409.04,41
FEMY,FEMY,Femasys Inc. - Common Stock,avg_dollar_volume_30d_below_15m_usd,311566.91,41
FENC,FENC,Fennec Pharmaceuticals Inc. - Common Stock,avg_dollar_volume_30d_below_15m_usd,2904464.96,41
FEOE,FEOE,First Eagle Overseas Equity ETF,avg_dollar_volume_30d_below_15m_usd,12863925.48,41
FEP,FEP,First Trust Europe AlphaDEX Fund,avg_dollar_volume_30d_below_15m_usd,1709323.16,41
FEPI,FEPI,REX FANG & Innovation Equity Premium Income ETF,avg_dollar_volume_30d_below_15m_usd,9484248.47,41
FESC,FESC,First Eagle Small Cap Equity ETF,avg_dollar_volume_30d_below_15m_usd,140216.4,5
FET,FET,"Forum Energy Technologies, Inc. Common Stock",avg_dollar_volume_30d_below_15m_usd,9067640.32,41
FEUS,FEUS,FlexShares ESG & Climate US Large Cap Core Index Fund,avg_dollar_volume_30d_below_15m_usd,156208.13,41
FEUZ,FEUZ,First Trust Eurozone AlphaDEX ETF,avg_dollar_volume_30d_below_15m_usd,195220.89,40
FEX,FEX,First Trust Large Cap Core AlphaDEX Fund,avg_dollar_volume_30d_below_15m_usd,3509708.47,41
FF,FF,FutureFuel Corp.  Common shares,avg_dollar_volume_30d_below_15m_usd,1206263.78,41
FFAI,FFAI,Faraday Future Intelligent Electric Inc. - Class A Common Stock,avg_dollar_volume_30d_below_15m_usd,4788909.66,41
FFDI,FFDI,Fidelity Fundamental Developed International ETF,avg_dollar_volume_30d_below_15m_usd,88249.58,41
FFEB,FFEB,FT Vest U.S. Equity Buffer ETF - February,avg_dollar_volume_30d_below_15m_usd,2102827.92,41
FFEM,FFEM,Fidelity Fundamental Emerging Markets ETF,avg_dollar_volume_30d_below_15m_usd,718339.32,41
FFF,FFF,Founders 100 ETF,avg_dollar_volume_30d_below_15m_usd,114176.2,41
FFGX,FFGX,Fidelity Fundamental Global ex-U.S. ETF,avg_dollar_volume_30d_below_15m_usd,479981.66,41
FFIU,FFIU,UVA Unconstrained Medium-Term Fixed Income ETF,avg_dollar_volume_30d_below_15m_usd,30812.72,41
FFLC,FFLC,Fidelity Fundamental Large Cap Core ETF,avg_dollar_volume_30d_below_15m_usd,5375613.61,41
FFLG,FFLG,Fidelity Fundamental Large Cap Growth ETF,avg_dollar_volume_30d_below_15m_usd,2970268.26,41
FFLS,FFLS,The Future Fund Long/Short ETF,avg_dollar_volume_30d_below_15m_usd,140677.11,41
FFLV,FFLV,Fidelity Fundamental Large Cap Value ETF,avg_dollar_volume_30d_below_15m_usd,69570.41,41
FFND,FFND,One Global ETF,avg_dollar_volume_30d_below_15m_usd,293467.31,41
FFOG,FFOG,Franklin Focused Growth ETF,avg_dollar_volume_30d_below_15m_usd,3208077.25,41
FFOX,FFOX,FundX Future Fund Opportunities ETF,avg_dollar_volume_30d_below_15m_usd,522999.96,41
FFSM,FFSM,Fidelity Fundamental Small-Mid Cap ETF,avg_dollar_volume_30d_below_15m_usd,6479729.92,41
FFTY,FFTY,CapForce IBD 50 ETF,avg_dollar_volume_30d_below_15m_usd,1684962.31,41
FFUT,FFUT,Fidelity Managed Futures ETF,avg_dollar_volume_30d_below_15m_usd,1143072.69,41
FGBI,FGBI,"First Guaranty Bancshares, Inc. - Common Stock",avg_dollar_volume_30d_below_15m_usd,586742.73,41
FGD,FGD,First Trust DJ Global Select Dividend,avg_dollar_volume_30d_below_15m_usd,7093408.14,41
FGDL,FGDL,Franklin Responsibly Sourced Gold ETF,avg_dollar_volume_30d_below_15m_usd,1395658.64,41
FGI,FGI,FGI Industries Ltd. - Ordinary Shares,avg_dollar_volume_30d_below_15m_usd,152588.7,41
FGL,FGL,Founder Group Limited - Class A Ordinary Shares,avg_dollar_volume_30d_below_15m_usd,4294350.09,41
FGM,FGM,First Trust Germany AlphaDEX Fund,avg_dollar_volume_30d_below_15m_usd,216538.6,40
FGMC,FGMC,FG Merger II Corp. - Common stock,avg_dollar_volume_30d_below_15m_usd,3061838.02,41
FGNX,FGNX,FG Nexus Inc. - Common Stock,avg_dollar_volume_30d_below_15m_usd,643325.94,41
FGRU,FGRU,T-REX 2X Long FIGR Daily Target ETF,avg_dollar_volume_30d_below_15m_usd,767197.89,41
FGSI,FGSI,FT Vest Growth Strength & Target Income ETF,avg_dollar_volume_30d_below_15m_usd,10762.97,40
FGSM,FGSM,Frontier Asset Global Small Cap Equity ETF,avg_dollar_volume_30d_below_15m_usd,76474.68,41
FHDG,FHDG,FT Vest U.S. Equity Quarterly Dynamic Buffer ETF,avg_dollar_volume_30d_below_15m_usd,2367817.33,41
FHEQ,FHEQ,Fidelity Hedged Equity ETF,avg_dollar_volume_30d_below_15m_usd,3100494.92,41
FHIL,FHIL,Federated Hermes International Leaders ETF,avg_dollar_volume_30d_below_15m_usd,167505.6,15
FHTX,FHTX,Foghorn Therapeutics Inc. - Common Stock,avg_dollar_volume_30d_below_15m_usd,1398984.48,41
FHYS,FHYS,Federated Hermes Short Duration High Yield ETF,avg_dollar_volume_30d_below_15m_usd,369906.63,41
FIAT,FIAT,YieldMax Short COIN Option Income Strategy ETF,avg_dollar_volume_30d_below_15m_usd,1812057.64,41
FIAX,FIAX,Nicholas Fixed Income Alternative ETF,avg_dollar_volume_30d_below_15m_usd,218725.87,41
FICS,FICS,First Trust International Developed Capital Strength ETF,avg_dollar_volume_30d_below_15m_usd,746721.52,41
FID,FID,First Trust S&P International Dividend Aristocrats ETF,avg_dollar_volume_30d_below_15m_usd,407998.88,41
FIDI,FIDI,Fidelity International High Dividend ETF,avg_dollar_volume_30d_below_15m_usd,1727700.17,41
FIDU,FIDU,Fidelity MSCI Industrials Index ETF,avg_dollar_volume_30d_below_15m_usd,12666249.39,41
FIEE,FIEE,"FiEE, Inc - Common Stock",avg_dollar_volume_30d_below_15m_usd,35489.67,41
FIGB,FIGB,Fidelity Investment Grade Bond ETF,avg_dollar_volume_30d_below_15m_usd,2530626.28,41
FIGG,FIGG,Leverage Shares 2x Long FIG Daily ETF,avg_dollar_volume_30d_below_15m_usd,5215971.36,41
FIIG,FIIG,First Trust Intermediate Duration Investment Grade Corporate ETF,avg_dollar_volume_30d_below_15m_usd,3468724.91,41
FIMU,FIMU,Fidelity Intermediate Municipal Income ETF,avg_dollar_volume_30d_below_15m_usd,169273.54,13
FINT,FINT,Frontier Asset Total International Equity ETF,avg_dollar_volume_30d_below_15m_usd,123680.49,41
FINW,FINW,FinWise Bancorp - Common Stock,avg_dollar_volume_30d_below_15m_usd,511691.64,41
FINX,FINX,Global X FinTech ETF,avg_dollar_volume_30d_below_15m_usd,2497214.33,41
FINY,FINY,GraniteShares YieldBOOST Financials ETF,avg_dollar_volume_30d_below_15m_usd,15210.07,40
FIP,FIP,FTAI Infrastructure Inc. - Common Stock,avg_dollar_volume_30d_below_15m_usd,4405891.27,41
FIRY,FIRY,Firy Inc. Class A Common Stock,avg_dollar_volume_30d_below_15m_usd,1934127.04,41
FISI,FISI,"Financial Institutions, Inc. - Common Stock",avg_dollar_volume_30d_below_15m_usd,7345787.58,41
FISN,FISN,"Deep Fission, Inc. - Common Stock",avg_dollar_volume_30d_below_15m_usd,8332757.32,14
FISR,FISR,State Street Fixed Income Sector Rotation ETF,avg_dollar_volume_30d_below_15m_usd,4459385.12,41
FITE,FITE,State Street SPDR S&P Kensho Future Security ETF,avg_dollar_volume_30d_below_15m_usd,1024260.44,41
FITZ,FITZ,Fitz-Gerald Must Have Portfolio ETF,avg_dollar_volume_30d_below_15m_usd,5363564.57,29
FIVA,FIVA,Fidelity International Value Factor ETF,avg_dollar_volume_30d_below_15m_usd,3151023.58,41
FIW,FIW,First Trust Water ETF,avg_dollar_volume_30d_below_15m_usd,5855812.29,41
FIXP,FIXP,FolioBeyond Enhanced Fixed Income Premium ETF,avg_dollar_volume_30d_below_15m_usd,26422.97,41
FIXT,FIXT,TCW Core Plus Bond ETF,avg_dollar_volume_30d_below_15m_usd,850194.44,41
FIYY,FIYY,GraniteShares YieldBOOST 20Y Treasuries ETF,avg_dollar_volume_30d_below_15m_usd,3020.5,40
FJAN,FJAN,FT Vest U.S. Equity Buffer ETF - January,avg_dollar_volume_30d_below_15m_usd,2304593.95,41
FJP,FJP,First Trust Japan AlphaDEX Fund,avg_dollar_volume_30d_below_15m_usd,779826.1,41
FJUL,FJUL,FT Vest U.S. Equity Buffer ETF - July,avg_dollar_volume_30d_below_15m_usd,1570482.48,41
FJUN,FJUN,FT Vest U.S. Equity Buffer ETF - June,avg_dollar_volume_30d_below_15m_usd,7733192.65,41
FKU,FKU,First Trust United Kingdom AlphaDEX Fund,avg_dollar_volume_30d_below_15m_usd,130842.25,41
FKWL,FKWL,Franklin Wireless Corp. - common stock,avg_dollar_volume_30d_below_15m_usd,87551.23,40
FLAG,FLAG,Global X S&P 500 U.S. Market Leaders Top 50 ETF,avg_dollar_volume_30d_below_15m_usd,13605.35,41
FLAO,FLAO,AllianzIM U.S. Equity 6 Month Floor5 Apr/Oct ETF,avg_dollar_volume_30d_below_15m_usd,4863.46,41
FLAU,FLAU,Franklin FTSE Australia ETF,avg_dollar_volume_30d_below_15m_usd,2529423.46,41
FLAX,FLAX,Franklin FTSE Asia ex Japan ETF,avg_dollar_volume_30d_below_15m_usd,347467.9,41
FLBL,FLBL,Franklin Senior Loan ETF,avg_dollar_volume_30d_below_15m_usd,4421810.47,41
FLBR,FLBR,Franklin FTSE Brazil ETF,avg_dollar_volume_30d_below_15m_usd,3681620.53,41
FLCA,FLCA,Franklin FTSE Canada ETF,avg_dollar_volume_30d_below_15m_usd,3106435.01,41
FLCB,FLCB,Franklin U.S. Core Bond ETF,avg_dollar_volume_30d_below_15m_usd,11563660.96,41
FLCC,FLCC,Federated Hermes MDT Large Cap Core ETF,avg_dollar_volume_30d_below_15m_usd,886785.97,41
FLCE,FLCE,Frontier Asset U.S. Large Cap Equity ETF,avg_dollar_volume_30d_below_15m_usd,168784.71,41
FLCG,FLCG,Federated Hermes MDT Large Cap Growth ETF,avg_dollar_volume_30d_below_15m_usd,1936372.13,41
FLCH,FLCH,Franklin FTSE China ETF,avg_dollar_volume_30d_below_15m_usd,2461464.72,41
FLCO,FLCO,Franklin Investment Grade Corporate ETF,avg_dollar_volume_30d_below_15m_usd,1281267.76,41
FLCV,FLCV,Federated Hermes MDT Large Cap Value ETF,avg_dollar_volume_30d_below_15m_usd,684682.27,41
FLD,FLD,"Fold Holdings, Inc. - Class A Common Stock",avg_dollar_volume_30d_below_15m_usd,3189569.02,41
FLDB,FLDB,Fidelity Low Duration Bond ETF,avg_dollar_volume_30d_below_15m_usd,298511.32,40
FLDZ,FLDZ,TrueShares Patriot Defense ETF,avg_dollar_volume_30d_below_15m_usd,3598.31,41
FLEE,FLEE,Franklin FTSE Europe ETF,avg_dollar_volume_30d_below_15m_usd,853886.37,41
FLEU,FLEU,Franklin FTSE Eurozone ETF,avg_dollar_volume_30d_below_15m_usd,285127.4,41
FLGB,FLGB,Franklin FTSE United Kingdom ETF,avg_dollar_volume_30d_below_15m_usd,2464423.84,41
FLGR,FLGR,Franklin FTSE Germany ETF,avg_dollar_volume_30d_below_15m_usd,180096.51,41
FLGT,FLGT,"Fulgent Genetics, Inc. - Common Stock",avg_dollar_volume_30d_below_15m_usd,7105786.15,41
FLGV,FLGV,Franklin U.S. Treasury Bond ETF,avg_dollar_volume_30d_below_15m_usd,2869563.71,41
FLHY,FLHY,Franklin High Yield Corporate ETF,avg_dollar_volume_30d_below_15m_usd,5538767.67,41
FLIA,FLIA,Franklin International Aggregate Bond ETF,avg_dollar_volume_30d_below_15m_usd,1921557.64,41
FLJH,FLJH,Franklin FTSE Japan Hedged ETF,avg_dollar_volume_30d_below_15m_usd,1272717.81,41
FLJJ,FLJJ,AllianzIM U.S. Equity 6 Month Floor5 Jan/Jul ETF,avg_dollar_volume_30d_below_15m_usd,21638.04,41
FLL,FLL,"Full House Resorts, Inc. - Common Stock",avg_dollar_volume_30d_below_15m_usd,573093.55,41
FLLA,FLLA,Franklin FTSE Latin America ETF,avg_dollar_volume_30d_below_15m_usd,969963.48,41
FLMB,FLMB,Franklin Municipal Green Bond ETF,avg_dollar_volume_30d_below_15m_usd,275121.7,41
FLMX,FLMX,Franklin FTSE Mexico ETF,avg_dollar_volume_30d_below_15m_usd,427108.34,41
FLN,FLN,First Trust Latin America AlphaDEX Fund,avg_dollar_volume_30d_below_15m_usd,296394.07,40
FLNA,FLNA,"Filana Therapeutics, Inc. - Common Stock",avg_dollar_volume_30d_below_15m_usd,478097.62,41
FLNG,FLNG,FLEX LNG Ltd. Ordinary Shares,avg_dollar_volume_30d_below_15m_usd,13354557.69,41
FLNT,FLNT,"Fluent, Inc. - Common Stock",avg_dollar_volume_30d_below_15m_usd,450088.28,41
FLOW,FLOW,Global X U.S. Cash Flow Kings 100 ETF,avg_dollar_volume_30d_below_15m_usd,56653.85,41
FLQL,FLQL,Franklin U.S. Large Cap Multifactor Index ETF,avg_dollar_volume_30d_below_15m_usd,6861921.88,41
FLQM,FLQM,Franklin U.S. Mid Cap Multifactor Index ETF,avg_dollar_volume_30d_below_15m_usd,6293043.88,41
FLQS,FLQS,Franklin U.S. Small Cap Multifactor Index ETF,avg_dollar_volume_30d_below_15m_usd,138945.2,41
FLRG,FLRG,Fidelity U.S. Multifactor ETF,avg_dollar_volume_30d_below_15m_usd,860423.27,41
FLRT,FLRT,Pacer Aristotle Pacific Floating Rate High Income ETF,avg_dollar_volume_30d_below_15m_usd,4398664.56,41
FLSA,FLSA,Franklin FTSE Saudi Arabia ETF,avg_dollar_volume_30d_below_15m_usd,26936.05,41
FLSP,FLSP,Franklin Systematic Style Premia ETF,avg_dollar_volume_30d_below_15m_usd,3733658.82,41
FLSW,FLSW,Franklin FTSE Switzerland ETF,avg_dollar_volume_30d_below_15m_usd,308528.22,41
FLTB,FLTB,Fidelity Limited Term Bond ETF,avg_dollar_volume_30d_below_15m_usd,2655384.93,41
FLUD,FLUD,Franklin Ultra Short Bond ETF,avg_dollar_volume_30d_below_15m_usd,8253136.02,41
FLUX,FLUX,"Flux Power Holdings, Inc. - Common Stock",avg_dollar_volume_30d_below_15m_usd,92329.0,41
FLV,FLV,American Century Focused Large Cap Value ETF,avg_dollar_volume_30d_below_15m_usd,1460084.44,41
FLWS,FLWS,"1-800-FLOWERS.COM, Inc. - Class A Common Stock",avg_dollar_volume_30d_below_15m_usd,1727171.27,41
FLXI,FLXI,Invesco Flexible Income ETF,avg_dollar_volume_30d_below_15m_usd,5239.84,41
FLXN,FLXN,Horizon Flexible Income ETF,avg_dollar_volume_30d_below_15m_usd,384450.35,41
FLXS,FLXS,"Flexsteel Industries, Inc. - Common Stock",avg_dollar_volume_30d_below_15m_usd,3552053.22,41
FLYE,FLYE,"Fly-E Group, Inc. - Common Stock",avg_dollar_volume_30d_below_15m_usd,385465.08,41
FLYT,FLYT,Tradr 2X Long FLY Daily ETF,avg_dollar_volume_30d_below_15m_usd,8263852.18,41
FLYX,FLYX,"flyExclusive, Inc. Class A Common Stock",avg_dollar_volume_30d_below_15m_usd,727113.03,41
FLZH,FLZH,"Flash Sports & Media Holdings, Inc. - Common Stock",avg_dollar_volume_30d_below_15m_usd,1442035.86,41
FMAG,FMAG,Fidelity Magellan ETF,avg_dollar_volume_30d_below_15m_usd,775237.91,41
FMAO,FMAO,"Farmers & Merchants Bancorp, Inc. - Common Stock",avg_dollar_volume_30d_below_15m_usd,2959379.16,41
FMAR,FMAR,FT Vest U.S. Equity Buffer ETF - March,avg_dollar_volume_30d_below_15m_usd,2905128.73,41
FMAT,FMAT,Fidelity MSCI Materials Index ETF,avg_dollar_volume_30d_below_15m_usd,4188829.03,41
FMAY,FMAY,FT Vest U.S. Equity Buffer ETF - May,avg_dollar_volume_30d_below_15m_usd,6769399.65,41
FMB,FMB,First Trust Managed Municipal ETF,avg_dollar_volume_30d_below_15m_usd,7689195.62,41
FMBH,FMBH,"First Mid Bancshares, Inc. - Common Stock",avg_dollar_volume_30d_below_15m_usd,7826602.6,41
FMCE,FMCE,FM Compounders Equity ETF,avg_dollar_volume_30d_below_15m_usd,9566.44,41
FMCX,FMCX,FM Focus Equity ETF,avg_dollar_volume_30d_below_15m_usd,57121.73,41
FMED,FMED,Fidelity Disruptive Medicine ETF,avg_dollar_volume_30d_below_15m_usd,213876.57,40
FMET,FMET,Fidelity Metaverse ETF,avg_dollar_volume_30d_below_15m_usd,161066.43,41
FMF,FMF,First Trust Managed Futures Strategy Fund,avg_dollar_volume_30d_below_15m_usd,3986430.49,41
FMFC,FMFC,Kandal M Venture Limited - Class A ordinary Shares,avg_dollar_volume_30d_below_15m_usd,1538858.35,41
FMHI,FMHI,First Trust Municipal High Income ETF,avg_dollar_volume_30d_below_15m_usd,4424500.48,41
FMKT,FMKT,The Free Markets ETF,avg_dollar_volume_30d_below_15m_usd,113924.04,41
FMNB,FMNB,Farmers National Banc Corp. - Common Stock,avg_dollar_volume_30d_below_15m_usd,6954861.5,41
FMNY,FMNY,First Trust New York Municipal High Income ETF,avg_dollar_volume_30d_below_15m_usd,105038.26,41
FMQQ,FMQQ,FMQQ The Next Frontier Internet ETF,avg_dollar_volume_30d_below_15m_usd,63278.26,41
FMST,FMST,Foremost Clean Energy Ltd. - Common Shares,avg_dollar_volume_30d_below_15m_usd,147098.51,41
FMTL,FMTL,First Trust Indxx Critical Metals ETF,avg_dollar_volume_30d_below_15m_usd,298658.94,41
FMTM,FMTM,MarketDesk Focused U.S. Momentum ETF,avg_dollar_volume_30d_below_15m_usd,10185080.7,41
FMUB,FMUB,Fidelity Municipal Bond Opportunities ETF,avg_dollar_volume_30d_below_15m_usd,1338790.93,41
FMUN,FMUN,Fidelity Systematic Municipal Bond Index ETF,avg_dollar_volume_30d_below_15m_usd,470399.03,41
FNCL,FNCL,Fidelity MSCI Financials Index ETF,avg_dollar_volume_30d_below_15m_usd,8124621.32,41
FNDB,FNDB,Schwab Fundamental U.S. Broad Market ETF,avg_dollar_volume_30d_below_15m_usd,4552703.52,41
FNDC,FNDC,Schwab Fundamental International Small Equity ETF,avg_dollar_volume_30d_below_15m_usd,5021094.39,41
FNG,FNG,Leverage Shares 2X Long FN Daily ETF,avg_dollar_volume_30d_below_15m_usd,172239.49,16
FNGG,FNGG,Direxion Daily NYSE FANG+ Bull 2X ETF,avg_dollar_volume_30d_below_15m_usd,2118299.54,41
FNGR,FNGR,"FingerMotion, Inc. - common stock",avg_dollar_volume_30d_below_15m_usd,849713.15,41
FNK,FNK,First Trust Mid Cap Value AlphaDEX Fund,avg_dollar_volume_30d_below_15m_usd,312468.4,41
FNKO,FNKO,"Funko, Inc. - Class A Common Stock",avg_dollar_volume_30d_below_15m_usd,3591269.18,41
FNLC,FNLC,"First Bancorp, Inc (ME) - Common Stock",avg_dollar_volume_30d_below_15m_usd,1297815.81,41
FNOV,FNOV,FT Vest U.S. Equity Buffer ETF - November,avg_dollar_volume_30d_below_15m_usd,3199154.81,41
FNRN,FNRN,First Northern Community Bancorp - Common stock,avg_dollar_volume_30d_below_15m_usd,4990491.55,41
FNUC,FNUC,Frontier Nuclear and Minerals Inc. - Common Shares,avg_dollar_volume_30d_below_15m_usd,1035208.13,41
FNWB,FNWB,First Northwest Bancorp - Common Stock,avg_dollar_volume_30d_below_15m_usd,276784.47,41
FNWD,FNWD,Finward Bancorp - common stock,avg_dollar_volume_30d_below_15m_usd,880750.56,41
FNX,FNX,First Trust Mid Cap Core AlphaDEX Fund,avg_dollar_volume_30d_below_15m_usd,2722487.46,41
FNY,FNY,First Trust Mid Cap Growth AlphaDEX Fund,avg_dollar_volume_30d_below_15m_usd,3196165.59,41
FOA,FOA,Finance of America Companies Inc. Class A Common Stock,avg_dollar_volume_30d_below_15m_usd,1290383.15,41
FOCT,FOCT,FT Vest U.S. Equity Buffer ETF - October,avg_dollar_volume_30d_below_15m_usd,3213308.51,41
FOFO,FOFO,"Hang Feng Technology Innovation Co., Ltd. - Ordinary Shares",avg_dollar_volume_30d_below_15m_usd,1901671.37,41
FOMG,FOMG,Leverage Shares 2X Long FORM Daily ETF,avg_dollar_volume_30d_below_15m_usd,75334.94,12
FOPC,FOPC,Frontier Asset Opportunistic Credit ETF,avg_dollar_volume_30d_below_15m_usd,68910.69,41
FOR,FOR,Forestar Group Inc Common Stock ,avg_dollar_volume_30d_below_15m_usd,4518646.99,41
FORH,FORH,Formidable ETF,avg_dollar_volume_30d_below_15m_usd,15095.56,41
FORR,FORR,"Forrester Research, Inc. - Common Stock",avg_dollar_volume_30d_below_15m_usd,1206721.35,41
FOSL,FOSL,"Fossil Group, Inc. - Common Stock",avg_dollar_volume_30d_below_15m_usd,3664571.43,41
FOWF,FOWF,Pacer Solactive Whitney Future of Warfare ETF,avg_dollar_volume_30d_below_15m_usd,102285.15,41
FOXF,FOXF,Fox Factory Holding Corp. - Common Stock,avg_dollar_volume_30d_below_15m_usd,10804763.35,41
FOXY,FOXY,Simplify Currency Strategy ETF,avg_dollar_volume_30d_below_15m_usd,2605305.51,41
FPA,FPA,First Trust Asia Pacific Ex-Japan AlphaDEX Fund,avg_dollar_volume_30d_below_15m_usd,934283.25,40
FPAA,FPAA,FPA Global Allocation ETF,avg_dollar_volume_30d_below_15m_usd,879494.87,22
FPAG,FPAG,FPA Global Equity ETF,avg_dollar_volume_30d_below_15m_usd,2339392.07,41
FPAS,FPAS,FPA Short Duration Government ETF,avg_dollar_volume_30d_below_15m_usd,262235.62,41
FPEI,FPEI,First Trust Institutional Preferred Securities and Income ETF,avg_dollar_volume_30d_below_15m_usd,5791147.38,41
FPFD,FPFD,Fidelity Preferred Securities & Income ETF,avg_dollar_volume_30d_below_15m_usd,342914.17,41
FPH,FPH,"Five Point Holdings, LLC Class A Common Shares",avg_dollar_volume_30d_below_15m_usd,792138.97,41
FPI,FPI,Farmland Partners Inc. Common Stock,avg_dollar_volume_30d_below_15m_usd,4340490.55,41
FPRO,FPRO,Fidelity Real Estate Investment ETF,avg_dollar_volume_30d_below_15m_usd,119777.68,41
FPSX,FPSX,Leverage Shares 2X Long FPS Daily ETF,avg_dollar_volume_30d_below_15m_usd,128336.62,12
FPWR,FPWR,First Trust EIP Power Solutions ETF,avg_dollar_volume_30d_below_15m_usd,205133.59,40
FPX,FPX,First Trust US Equity Opportunities ETF,avg_dollar_volume_30d_below_15m_usd,10915799.96,41
FPXE,FPXE,First Trust IPOX Europe Equity Opportunities ETF,avg_dollar_volume_30d_below_15m_usd,37801.5,40
FPXI,FPXI,First Trust International Equity Opportunities ETF,avg_dollar_volume_30d_below_15m_usd,6919596.39,41
FQAL,FQAL,Fidelity Quality Factor ETF,avg_dollar_volume_30d_below_15m_usd,3556569.65,41
FRAF,FRAF,Franklin Financial Services Corporation - Common Stock,avg_dollar_volume_30d_below_15m_usd,1962182.09,41
FRBA,FRBA,First Bank  - Common Stock,avg_dollar_volume_30d_below_15m_usd,1663963.49,41
FRBT,FRBT,"Forbright, Inc. - Class A Common Stock",avg_dollar_volume_30d_below_15m_usd,4691977.97,19
FRD,FRD,Friedman Industries Inc. - Common Stock,avg_dollar_volume_30d_below_15m_usd,2763827.73,41
FREI,FREI,Fidelity Real Estate Income ETF,avg_dollar_volume_30d_below_15m_usd,141596.42,14
FREL,FREL,Fidelity MSCI Real Estate Index ETF,avg_dollar_volume_30d_below_15m_usd,7715502.31,41
FRGN,FRGN,Horizon International Equity ETF,avg_dollar_volume_30d_below_15m_usd,508933.62,41
FRGT,FRGT,"Freight Technologies, Inc. - Ordinary Shares",avg_dollar_volume_30d_below_15m_usd,1023791.33,41
FRI,FRI,First Trust S&P REIT Index Fund,avg_dollar_volume_30d_below_15m_usd,637238.95,41
FRIZ,FRIZ,Franklin Dividend Growth ETF,avg_dollar_volume_30d_below_15m_usd,23916.06,40
FRMM,FRMM,"Forum Markets, Incorporated - Common Stock",avg_dollar_volume_30d_below_15m_usd,1687366.5,41
FRNW,FRNW,Fidelity Clean Energy ETF,avg_dollar_volume_30d_below_15m_usd,3667701.57,41
FRPH,FRPH,"FRP Holdings, Inc. - Common Stock",avg_dollar_volume_30d_below_15m_usd,1495729.11,41
FRST,FRST,Primis Financial Corp. - Common Stock,avg_dollar_volume_30d_below_15m_usd,4359477.76,41
FRTT,FRTT,Fort Technology Inc. - Common Shares,avg_dollar_volume_30d_below_15m_usd,5742011.96,22
FRTY,FRTY,Alger Mid Cap 40 ETF,avg_dollar_volume_30d_below_15m_usd,398346.88,41
FRWD,FRWD,Nomura Transformational Technologies ETF,avg_dollar_volume_30d_below_15m_usd,4998203.75,41
FSBC,FSBC,Five Star Bancorp - Common Stock,avg_dollar_volume_30d_below_15m_usd,6597689.52,41
FSBW,FSBW,"FS Bancorp, Inc. - Common Stock",avg_dollar_volume_30d_below_15m_usd,828313.17,40
FSCC,FSCC,Federated Hermes MDT Small Cap Core ETF,avg_dollar_volume_30d_below_15m_usd,1596352.2,41
FSCO,FSCO,FS Credit Opportunities Corp. Common Stock,avg_dollar_volume_30d_below_15m_usd,5452763.68,41
FSCS,FSCS,First Trust SMID Capital Strength ETF,avg_dollar_volume_30d_below_15m_usd,278043.43,41
FSEA,FSEA,"First Seacoast Bancorp, Inc. - Common Stock",avg_dollar_volume_30d_below_15m_usd,356136.51,40
FSEG,FSEG,Fidelity Enhanced Small Cap Growth ETF,avg_dollar_volume_30d_below_15m_usd,65798.97,40
FSEP,FSEP,FT Vest U.S. Equity Buffer ETF - September,avg_dollar_volume_30d_below_15m_usd,4520994.62,41
FSEV,FSEV,Fidelity Enhanced Small Cap Value ETF,avg_dollar_volume_30d_below_15m_usd,34158.1,40
FSGS,FSGS,First Trust SMID Growth Strength ETF,avg_dollar_volume_30d_below_15m_usd,125650.58,40
FSI,FSI,Flexible Solutions International Inc. Common Stock (CDA),avg_dollar_volume_30d_below_15m_usd,94010.92,41
FSIG,FSIG,First Trust Limited Duration Investment Grade Corporate ETF,avg_dollar_volume_30d_below_15m_usd,8796366.18,41
FSMB,FSMB,First Trust Short Duration Managed Municipal ETF,avg_dollar_volume_30d_below_15m_usd,2778770.69,41
FSMD,FSMD,Fidelity Small-Mid Multifactor ETF,avg_dollar_volume_30d_below_15m_usd,6085734.11,41
FSML,FSML,Franklin Small Cap Enhanced ETF,avg_dollar_volume_30d_below_15m_usd,2431812.38,40
FSOL,FSOL,Fidelity Solana Fund,avg_dollar_volume_30d_below_15m_usd,2561534.99,41
FSP,FSP,Franklin Street Properties Corp. Common Stock,avg_dollar_volume_30d_below_15m_usd,513845.52,41
FSTA,FSTA,Fidelity MSCI Consumer Staples Index ETF,avg_dollar_volume_30d_below_15m_usd,6098533.7,41
FSTB,FSTB,Fidelity Short-Term Bond ETF,avg_dollar_volume_30d_below_15m_usd,13201576.69,13
FSTR,FSTR,L.B. Foster Company - Common Stock,avg_dollar_volume_30d_below_15m_usd,4453117.55,41
FSUN,FSUN,FirstSun Capital Bancorp - Common Stock,avg_dollar_volume_30d_below_15m_usd,10568430.84,41
FSYD,FSYD,Fidelity Sustainable High Yield ETF,avg_dollar_volume_30d_below_15m_usd,1356763.82,41
FSZ,FSZ,First Trust Switzerland AlphaDEX Fund,avg_dollar_volume_30d_below_15m_usd,109892.49,41
FTA,FTA,First Trust Large Cap Value AlphaDEX Fund,avg_dollar_volume_30d_below_15m_usd,2818284.46,41
FTAG,FTAG,First Trust Indxx Global Agriculture ETF,avg_dollar_volume_30d_below_15m_usd,265513.7,40
FTBD,FTBD,Fidelity Tactical Bond ETF,avg_dollar_volume_30d_below_15m_usd,192939.28,41
FTBI,FTBI,First Trust Balanced Income ETF,avg_dollar_volume_30d_below_15m_usd,150333.68,41
FTC,FTC,First Trust Large Cap Growth AlphaDEX Fund,avg_dollar_volume_30d_below_15m_usd,2970138.25,41
FTCA,FTCA,Franklin California Municipal Income ETF,avg_dollar_volume_30d_below_15m_usd,1269520.08,41
FTCE,FTCE,First Trust New Constructs Core Earnings Leaders ETF,avg_dollar_volume_30d_below_15m_usd,360307.71,41
FTCI,FTCI,"FTC Solar, Inc. - Common Stock",avg_dollar_volume_30d_below_15m_usd,487900.81,41
FTDS,FTDS,First Trust Dividend Strength ETF,avg_dollar_volume_30d_below_15m_usd,228032.34,40
FTEK,FTEK,"Fuel Tech, Inc. - Common Stock",avg_dollar_volume_30d_below_15m_usd,996981.54,41
FTFT,FTFT,Future FinTech Group Inc. - Common Stock,avg_dollar_volume_30d_below_15m_usd,170022.21,41
FTGS,FTGS,First Trust Growth Strength ETF,avg_dollar_volume_30d_below_15m_usd,4293599.63,41
FTH,FTH,"Faeth Therapeutics, Inc.  - Common Stock",avg_dollar_volume_30d_below_15m_usd,1824869.37,41
FTHB,FTHB,FIS Faith Income ETF,avg_dollar_volume_30d_below_15m_usd,73204.97,41
FTHF,FTHF,First Trust Emerging Markets Human Flourishing ETF,avg_dollar_volume_30d_below_15m_usd,542925.36,41
FTHM,FTHM,Fathom Holdings Inc. - Common Stock,avg_dollar_volume_30d_below_15m_usd,3665365.82,41
FTIF,FTIF,First Trust Bloomberg Inflation Sensitive Equity ETF,avg_dollar_volume_30d_below_15m_usd,33446.53,41
FTK,FTK,"Flotek Industries, Inc. Common Stock",avg_dollar_volume_30d_below_15m_usd,7184950.1,41
FTKI,FTKI,First Trust Small Cap BuyWrite Income ETF,avg_dollar_volume_30d_below_15m_usd,135118.44,41
FTLF,FTLF,"FitLife Brands, Inc. - Common Stock",avg_dollar_volume_30d_below_15m_usd,434078.47,41
FTLS,FTLS,First Trust Long/Short Equity,avg_dollar_volume_30d_below_15m_usd,10267751.58,41
FTMA,FTMA,Franklin Massachusetts Municipal Income ETF,avg_dollar_volume_30d_below_15m_usd,832789.94,41
FTMH,FTMH,Franklin Municipal High Yield ETF,avg_dollar_volume_30d_below_15m_usd,1995959.1,41
FTMN,FTMN,Franklin Minnesota Municipal Income ETF,avg_dollar_volume_30d_below_15m_usd,582467.7,41
FTMS,FTMS,Franklin Short-Term Municipal Income ETF,avg_dollar_volume_30d_below_15m_usd,680078.67,41
FTMU,FTMU,Franklin Municipal Income ETF,avg_dollar_volume_30d_below_15m_usd,1445361.41,41
FTNJ,FTNJ,Franklin New Jersey Municipal Income ETF,avg_dollar_volume_30d_below_15m_usd,753132.01,41
FTNY,FTNY,Franklin New York Municipal Income ETF,avg_dollar_volume_30d_below_15m_usd,1401490.88,41
FTOH,FTOH,Franklin Ohio Municipal Income ETF,avg_dollar_volume_30d_below_15m_usd,279668.92,41
FTPA,FTPA,Franklin Pennsylvania Municipal Income ETF,avg_dollar_volume_30d_below_15m_usd,248257.7,41
FTQI,FTQI,First Trust Nasdaq BuyWrite Income ETF,avg_dollar_volume_30d_below_15m_usd,5009599.26,41
FTRB,FTRB,Federated Hermes Total Return Bond ETF,avg_dollar_volume_30d_below_15m_usd,2930398.62,41
FTRI,FTRI,First Trust Indxx Global Natural Resources Income ETF,avg_dollar_volume_30d_below_15m_usd,777250.87,41
FTRK,FTRK,FAST TRACK GROUP - Ordinary shares,avg_dollar_volume_30d_below_15m_usd,29042.61,41
FTSD,FTSD,Franklin Short Duration U.S. Government ETF,avg_dollar_volume_30d_below_15m_usd,2235417.35,41
FTSL,FTSL,First Trust Senior Loan Fund,avg_dollar_volume_30d_below_15m_usd,9694875.67,41
FTW,FTW,Presidio Production Company Class A Common Stock,avg_dollar_volume_30d_below_15m_usd,1404395.71,41
FTWO,FTWO,Strive Natural Resources and Security ETF,avg_dollar_volume_30d_below_15m_usd,333703.57,41
FTXG,FTXG,First Trust Nasdaq Food & Beverage ETF,avg_dollar_volume_30d_below_15m_usd,258189.73,41
FTXH,FTXH,First Trust Nasdaq Pharmaceuticals ETF,avg_dollar_volume_30d_below_15m_usd,364345.57,40
FTXO,FTXO,First Trust Nasdaq Bank ETF,avg_dollar_volume_30d_below_15m_usd,4172769.71,41
FTXR,FTXR,First Trust Nasdaq Transportation ETF,avg_dollar_volume_30d_below_15m_usd,4455855.96,41
FUBO,FUBO,FuboTV Inc. Class A Common Stock,avg_dollar_volume_30d_below_15m_usd,13930440.34,41
FUFU,FUFU,BitFuFu Inc. - Class A Ordinary Shares,avg_dollar_volume_30d_below_15m_usd,455413.48,41
FULC,FULC,"Fulcrum Therapeutics, Inc. - Common Stock",avg_dollar_volume_30d_below_15m_usd,14561329.32,41
FUMB,FUMB,First Trust Ultra Short Duration Municipal ETF,avg_dollar_volume_30d_below_15m_usd,1744777.14,41
FURY,FURY,Fury Gold Mines Limited Common Shares,avg_dollar_volume_30d_below_15m_usd,115482.6,41
FUSB,FUSB,"First US Bancshares, Inc. - Common Stock",avg_dollar_volume_30d_below_15m_usd,72525.07,40
FUSD,FUSD,Federated Hermes Ultrashort Bond ETF,avg_dollar_volume_30d_below_15m_usd,2287982.93,11
FUSE,FUSE,Fusemachines Inc. - Common stock,avg_dollar_volume_30d_below_15m_usd,73107.88,41
FUSI,FUSI,American Century Multisector Floating Income ETF,avg_dollar_volume_30d_below_15m_usd,196471.92,41
FUTG,FUTG,Leverage Shares 2x Long FUTU Daily ETF,avg_dollar_volume_30d_below_15m_usd,11779483.68,41
FV,FV,First Trust Dorsey Wright Focus 5 ETF,avg_dollar_volume_30d_below_15m_usd,5044404.57,41
FVAL,FVAL,Fidelity Value Factor ETF,avg_dollar_volume_30d_below_15m_usd,2387565.96,41
FVC,FVC,First Trust Dorsey Wright Dynamic Focus 5 ETF,avg_dollar_volume_30d_below_15m_usd,107200.23,40
FVCB,FVCB,"FVCBankcorp, Inc. - Common Stock",avg_dollar_volume_30d_below_15m_usd,4030099.25,41
FVR,FVR,"FrontView REIT, Inc. Common Stock",avg_dollar_volume_30d_below_15m_usd,3809083.16,41
FVRR,FVRR,"Fiverr International Ltd. Ordinary Shares, no par value",avg_dollar_volume_30d_below_15m_usd,8973779.76,41
FWDI,FWDI,"Forward Industries, Inc. - Common Stock",avg_dollar_volume_30d_below_15m_usd,6514925.99,41
FWONA,FWONA,Liberty Media Corporation - Series A Liberty Formula One Common Stock,avg_dollar_volume_30d_below_15m_usd,13291584.94,41
FWRG,FWRG,"First Watch Restaurant Group, Inc. - Common Stock",avg_dollar_volume_30d_below_15m_usd,14725729.74,41
FXA,FXA,Invesco CurrencyShares Australian Dollar Trust,avg_dollar_volume_30d_below_15m_usd,804516.74,41
FXB,FXB,Invesco CurrencyShares British Pound Sterling Trust,avg_dollar_volume_30d_below_15m_usd,3283514.1,41
FXC,FXC,Invesco CurrencyShares Canadian Dollar Trust,avg_dollar_volume_30d_below_15m_usd,1353017.92,41
FXD,FXD,First Trust Cons. Discret. AlphaDEX,avg_dollar_volume_30d_below_15m_usd,572642.48,41
FXED,FXED,Sound Enhanced Fixed Income ETF,avg_dollar_volume_30d_below_15m_usd,80829.04,41
FXF,FXF,Invesco CurrencyShares Swiss Franc Trust,avg_dollar_volume_30d_below_15m_usd,5695470.78,41
FXG,FXG,First Trust Cons. Staples AlphaDEX,avg_dollar_volume_30d_below_15m_usd,843773.02,41
FXH,FXH,First Trust Health Care AlphaDEX,avg_dollar_volume_30d_below_15m_usd,5201578.19,41
FXHO,FXHO,UTime Limited - Class A Ordinary Shares,avg_dollar_volume_30d_below_15m_usd,7823020.8,41
FXNC,FXNC,First National Corporation - Common Stock,avg_dollar_volume_30d_below_15m_usd,2523807.25,41
FXO,FXO,First Trust Financials AlphaDEX,avg_dollar_volume_30d_below_15m_usd,3694582.89,41
FXP,FXP,ProShares UltraShort FTSE China 50,avg_dollar_volume_30d_below_15m_usd,105941.72,41
FXR,FXR,First Trust Industrials AlphaDEX,avg_dollar_volume_30d_below_15m_usd,3341292.88,41
FXU,FXU,First Trust Utilities AlphaDEX Fund,avg_dollar_volume_30d_below_15m_usd,12644262.53,41
FXY,FXY,Invesco CurrencyShares Japanese Yen Trust,avg_dollar_volume_30d_below_15m_usd,9051872.51,41
FXZ,FXZ,First Trust Materials AlphaDEX Fund,avg_dollar_volume_30d_below_15m_usd,4852626.28,41
FYC,FYC,First Trust Small Cap Growth AlphaDEX Fund,avg_dollar_volume_30d_below_15m_usd,7022710.21,41
FYEE,FYEE,Fidelity Yield Enhanced Equity ETF,avg_dollar_volume_30d_below_15m_usd,2197240.1,41
FYLD,FYLD,Cambria Foreign Shareholder Yield ETF,avg_dollar_volume_30d_below_15m_usd,4177753.81,41
FYT,FYT,First Trust Small Cap Value AlphaDEX Fund,avg_dollar_volume_30d_below_15m_usd,600019.25,41
FYX,FYX,First Trust Small Cap Core AlphaDEX Fund,avg_dollar_volume_30d_below_15m_usd,3475093.08,41
GAA,GAA,Cambria Global Asset Allocation ETF,avg_dollar_volume_30d_below_15m_usd,249402.66,41
GABC,GABC,"German American Bancorp, Inc. - Common Stock",avg_dollar_volume_30d_below_15m_usd,8815020.56,41
GABF,GABF,Gabelli ETFs Trust Gabelli Financial Services Opportunities ETF,avg_dollar_volume_30d_below_15m_usd,214838.76,41
GAEM,GAEM,Simplify Gamma Emerging Market Bond ETF,avg_dollar_volume_30d_below_15m_usd,236561.56,41
GAIA,GAIA,"Gaia, Inc. - Class A Common Stock",avg_dollar_volume_30d_below_15m_usd,490553.3,41
GAL,GAL,State Street Global Allocation ETF,avg_dollar_volume_30d_below_15m_usd,517101.21,41
GALT,GALT,Galectin Therapeutics Inc. - Common Stock,avg_dollar_volume_30d_below_15m_usd,3345704.84,41
GAM,GAM,"General American Investors, Inc. Common Stock",avg_dollar_volume_30d_below_15m_usd,1940171.51,41
GAMB,GAMB,Gambling.com Group Limited - Ordinary Shares,avg_dollar_volume_30d_below_15m_usd,1511289.21,41
GAME,GAME,"GameSquare Holdings, Inc. - Common stock",avg_dollar_volume_30d_below_15m_usd,483522.59,41
GAMR,GAMR,Amplify Video Game Leaders ETF,avg_dollar_volume_30d_below_15m_usd,110272.85,41
GANX,GANX,"Gain Therapeutics, Inc. - Common Stock",avg_dollar_volume_30d_below_15m_usd,2201300.48,41
GAPR,GAPR,FT Vest U.S. Equity Moderate Buffer ETF - April,avg_dollar_volume_30d_below_15m_usd,311096.1,41
GARA,GARA,Guinness Atkinson Real Assets Income ETF,avg_dollar_volume_30d_below_15m_usd,5040.05,41
GARY,GARY,Mango Growth ETF,avg_dollar_volume_30d_below_15m_usd,337172.26,41
GASS,GASS,"StealthGas, Inc. - common stock",avg_dollar_volume_30d_below_15m_usd,1298502.87,41
GASZ,GASZ,Corgi Natural Gas Power & Turbines ETF,avg_dollar_volume_30d_below_15m_usd,396050.29,41
GAUG,GAUG,FT Vest U.S. Equity Moderate Buffer ETF - August,avg_dollar_volume_30d_below_15m_usd,643540.77,41
GAUZ,GAUZ,Gauzy Ltd. - Ordinary Shares,avg_dollar_volume_30d_below_15m_usd,49991.87,41
GAVA,GAVA,Grayscale Avalanche Staking ETF,avg_dollar_volume_30d_below_15m_usd,63190.71,41
GBF,GBF,iShares Government/Credit Bond ETF,avg_dollar_volume_30d_below_15m_usd,521578.09,41
GBFH,GBFH,GBank Financial Holdings Inc. - Common Stock,avg_dollar_volume_30d_below_15m_usd,2255295.88,41
GBHI,GBHI,Gabelli High Income ETF,avg_dollar_volume_30d_below_15m_usd,5319.54,40
GBLI,GBLI,"Global Indemnity Group, LLC - Class A Common Shares",avg_dollar_volume_30d_below_15m_usd,286621.7,40
GBND,GBND,Goldman Sachs Core Bond ETF,avg_dollar_volume_30d_below_15m_usd,2139942.79,41
GBR,GBR,"New Concept Energy, Inc Common Stock",avg_dollar_volume_30d_below_15m_usd,54000.47,41
GBUG,GBUG,Sprott Active Gold & Silver Miners ETF,avg_dollar_volume_30d_below_15m_usd,1319139.56,41
GCAD,GCAD,Gabelli Commercial Aerospace and Defense ETF,avg_dollar_volume_30d_below_15m_usd,479854.09,41
GCAL,GCAL,Goldman Sachs Dynamic California Municipal Income ETF,avg_dollar_volume_30d_below_15m_usd,940582.23,41
GCBC,GCBC,"Greene County Bancorp, Inc. - Common Stock",avg_dollar_volume_30d_below_15m_usd,1755136.6,41
GCC,GCC,WisdomTree EnhancedContinuous Commodity Index Fund,avg_dollar_volume_30d_below_15m_usd,1148687.91,41
GCDT,GCDT,Green Circle Decarbonize Technology Limited Ordinary Shares,avg_dollar_volume_30d_below_15m_usd,2971784.07,41
GCGR,GCGR,General Catalyst Global Resilience Merger Corp. - Class A Ordinary Shares,avg_dollar_volume_30d_below_15m_usd,653594.82,12
GCL,GCL,GCL Global Holdings Ltd - Ordinary Shares,avg_dollar_volume_30d_below_15m_usd,75570.92,41
GCMG,GCMG,GCM Grosvenor Inc. - Class A Common Stock,avg_dollar_volume_30d_below_15m_usd,5894459.61,41
GCO,GCO,Genesco Inc. Common Stock,avg_dollar_volume_30d_below_15m_usd,7902807.81,41
GCOR,GCOR,Goldman Sachs Access U.S. Aggregate Bond ETF,avg_dollar_volume_30d_below_15m_usd,3053253.52,41
GCOW,GCOW,Pacer Global Cash Cows Dividend ETF,avg_dollar_volume_30d_below_15m_usd,13029917.71,41
GCSH,GCSH,Guggenheim Ultra Short Income ETF,avg_dollar_volume_30d_below_15m_usd,547874.12,16
GCTK,GCTK,"GlucoTrack, Inc. - Common Stock",avg_dollar_volume_30d_below_15m_usd,509506.65,41
GCTS,GCTS,"GCT Semiconductor Holding, Inc. Common Stock",avg_dollar_volume_30d_below_15m_usd,14370083.2,41
GDC,GDC,GD Culture Group Limited - Common Stock,avg_dollar_volume_30d_below_15m_usd,8123778.55,41
GDE,GDE,WisdomTree Efficient Gold Plus Equity Strategy Fund,avg_dollar_volume_30d_below_15m_usd,11710805.53,41
GDEC,GDEC,FT Vest U.S. Equity Moderate Buffer ETF - December,avg_dollar_volume_30d_below_15m_usd,352459.03,41
GDEV,GDEV,GDEV Inc. - Ordinary Shares,avg_dollar_volume_30d_below_15m_usd,48233.21,41
GDHG,GDHG,Golden Heaven Group Holdings Ltd.  - Class A Ordinary Shares,avg_dollar_volume_30d_below_15m_usd,1234047.64,41
GDIV,GDIV,Harbor Dividend Growth Leaders ETF,avg_dollar_volume_30d_below_15m_usd,228122.33,41
GDLC,GDLC,Grayscale CoinDesk Crypto 5 ETF,avg_dollar_volume_30d_below_15m_usd,1306644.8,41
GDMA,GDMA,Gadsden Dynamic Multi-Asset ETF,avg_dollar_volume_30d_below_15m_usd,520687.69,41
GDMN,GDMN,WisdomTree Efficient Gold Plus Gold Miners Strategy Fund,avg_dollar_volume_30d_below_15m_usd,3923790.07,41
GDOC,GDOC,Goldman Sachs Future Health Care Equity ETF,avg_dollar_volume_30d_below_15m_usd,110488.17,41
GDOG,GDOG,Grayscale Dogecoin Trust ETF,avg_dollar_volume_30d_below_15m_usd,324240.96,41
GDOT,GDOT,"Green Dot Corporation Class A Common Stock, $0.001 par value",avg_dollar_volume_30d_below_15m_usd,6637227.06,41
GDRX,GDRX,"GoodRx Holdings, Inc. - Class A Common Stock",avg_dollar_volume_30d_below_15m_usd,3758657.46,41
GDT,GDT,WisdomTree Efficient TIPS Plus Gold Fund,avg_dollar_volume_30d_below_15m_usd,145663.67,41
GDTC,GDTC,CytoMed Therapeutics Limited - Ordinary Shares,avg_dollar_volume_30d_below_15m_usd,16583.71,41
GDXW,GDXW,Roundhill Gold Miners WeeklyPay ETF,avg_dollar_volume_30d_below_15m_usd,2030980.0,41
GDXY,GDXY,YieldMax Gold Miners Option Income Strategy ETF,avg_dollar_volume_30d_below_15m_usd,8178255.44,41
GEF.B,GEF-B,"Greif, Inc. Corporation Class B Common Stock",avg_dollar_volume_30d_below_15m_usd,9174958.65,41
GEG,GEG,"Great Elm Group, Inc.  - Common Stock",avg_dollar_volume_30d_below_15m_usd,37567.67,40
GELS,GELS,Gelteq Limited - Ordinary Shares,avg_dollar_volume_30d_below_15m_usd,10541604.54,41
GEM,GEM,Goldman Sachs ActiveBeta Emerging Markets Equity ETF,avg_dollar_volume_30d_below_15m_usd,4802421.31,41
GEMD,GEMD,Goldman Sachs Access Emerging Markets USD Bond ETF,avg_dollar_volume_30d_below_15m_usd,121317.85,41
GEME,GEME,Pacific North of South EM Equity Active ETF,avg_dollar_volume_30d_below_15m_usd,2459417.46,41
GEMG,GEMG,Leverage Shares 2X Long GEMI Daily ETF,avg_dollar_volume_30d_below_15m_usd,170401.63,41
GEMI,GEMI,"Gemini Space Station, Inc. - Class A Common Stock",avg_dollar_volume_30d_below_15m_usd,8057111.1,41
GENC,GENC,"Gencor Industries, Inc. Common Stock",avg_dollar_volume_30d_below_15m_usd,539625.48,41
GEND,GEND,Genter Capital Dividend Income ETF,avg_dollar_volume_30d_below_15m_usd,24701.69,41
GENK,GENK,"GEN Restaurant Group, Inc. - Class A Common Stock",avg_dollar_volume_30d_below_15m_usd,43309.59,41
GENM,GENM,Genter Capital Municipal Quality Intermediate ETF,avg_dollar_volume_30d_below_15m_usd,202861.49,41
GENT,GENT,Genter Capital Taxable Quality Intermediate ETF,avg_dollar_volume_30d_below_15m_usd,393277.37,41
GENW,GENW,Genter Capital International Dividend ETF,avg_dollar_volume_30d_below_15m_usd,10056.65,41
GENZ,GENZ,VanEck Digital Native Economy ETF,avg_dollar_volume_30d_below_15m_usd,89823.3,40
GEOA,GEOA,WisdomTree GeoAlpha Opportunities Fund,avg_dollar_volume_30d_below_15m_usd,6525.39,41
GEOS,GEOS,Geospace Technologies Corporation - Common Stock,avg_dollar_volume_30d_below_15m_usd,1095507.4,41
GEQ,GEQ,Cambria Global EW 2 ETF,avg_dollar_volume_30d_below_15m_usd,458947.5,20
GETY,GETY,"Getty Images Holdings, Inc. Class A Common Stock",avg_dollar_volume_30d_below_15m_usd,12615021.39,41
GEVG,GEVG,Leverage Shares 2X Long GEV Daily ETF,avg_dollar_volume_30d_below_15m_usd,2121241.27,41
GEVO,GEVO,"Gevo, Inc. - Common Stock",avg_dollar_volume_30d_below_15m_usd,5043468.06,41
GEVX,GEVX,Tradr 2X Long GEV Daily ETF,avg_dollar_volume_30d_below_15m_usd,7737850.76,41
GEW,GEW,Cambria Global EW ETF,avg_dollar_volume_30d_below_15m_usd,19162.95,41
GFAI,GFAI,"Guardforce AI Co., Limited - Ordinary Shares",avg_dollar_volume_30d_below_15m_usd,1052248.96,41
GFEB,GFEB,FT Vest U.S. Equity Moderate Buffer ETF - February,avg_dollar_volume_30d_below_15m_usd,347094.02,41
GFGF,GFGF,Guru Favorite Stocks ETF,avg_dollar_volume_30d_below_15m_usd,18030.57,40
GFLW,GFLW,VictoryShares Free Cash Flow Growth ETF,avg_dollar_volume_30d_below_15m_usd,3877675.67,41
GFR,GFR,Greenfire Resources Ltd. Common Shares,avg_dollar_volume_30d_below_15m_usd,917846.96,41
GFSG,GFSG,Leverage Shares 2X Long GFS Daily ETF,avg_dollar_volume_30d_below_15m_usd,74034.6,12
GGM,GGM,GGM Macro Alignment ETF,avg_dollar_volume_30d_below_15m_usd,4552.39,41
GGME,GGME,Invesco Next Gen Media and Gaming ETF,avg_dollar_volume_30d_below_15m_usd,176295.94,41
GGR,GGR,Gogoro Inc. - Ordinary Shares,avg_dollar_volume_30d_below_15m_usd,69840.51,41
GGRP,GGRP,"The Glimpse Group, Inc. - Common Stock",avg_dollar_volume_30d_below_15m_usd,109488.4,41
GGRW,GGRW,Gabelli Growth Innovators ETF,avg_dollar_volume_30d_below_15m_usd,24613.67,41
GGTL,GGTL,Gabelli Global Technology Leaders ETF,avg_dollar_volume_30d_below_15m_usd,12734.2,41
GGUS,GGUS,Goldman Sachs MarketBeta Russell 1000 Growth Equity ETF,avg_dollar_volume_30d_below_15m_usd,2431327.03,41
GHRS,GHRS,GH Research PLC - Ordinary Shares,avg_dollar_volume_30d_below_15m_usd,5710124.69,41
GHTA,GHTA,Goose Hollow Tactical Allocation ETF,avg_dollar_volume_30d_below_15m_usd,91216.05,41
GHYB,GHYB,Goldman Sachs Access High Yield Corporate Bond ETF,avg_dollar_volume_30d_below_15m_usd,621940.48,41
GHYG,GHYG,iShares US & Intl High Yield Corp Bond ETF,avg_dollar_volume_30d_below_15m_usd,1124534.81,41
GIAX,GIAX,Nicholas Global Equity and Income ETF,avg_dollar_volume_30d_below_15m_usd,2371016.1,41
GIBO,GIBO,GIBO Holdings Limited - Class A Ordinary Shares,avg_dollar_volume_30d_below_15m_usd,121442.03,40
GIC,GIC,Global Industrial Company Common Stock,avg_dollar_volume_30d_below_15m_usd,4090352.7,41
GIEQ,GIEQ,Goldman Sachs Data Enhanced International Equity ETF,avg_dollar_volume_30d_below_15m_usd,6537.13,32
GIFT,GIFT,"Giftify, Inc. - Common Stock",avg_dollar_volume_30d_below_15m_usd,102442.48,41
GIGB,GIGB,Goldman Sachs Access Investment Grade Corporate Bond ETF,avg_dollar_volume_30d_below_15m_usd,3344288.96,41
GIGL,GIGL,Goldman Sachs Corporate Bond ETF,avg_dollar_volume_30d_below_15m_usd,2002916.69,41
GIGM,GIGM,GigaMedia Limited - Ordinary Shares,avg_dollar_volume_30d_below_15m_usd,7458.6,40
GII,GII,State Street SPDR S&P Global Infrastructure ETF,avg_dollar_volume_30d_below_15m_usd,3027088.2,41
GILT,GILT,Gilat Satellite Networks Ltd. - Ordinary Shares,avg_dollar_volume_30d_below_15m_usd,12079852.3,41
GIND,GIND,Goldman Sachs India Equity ETF,avg_dollar_volume_30d_below_15m_usd,291222.67,40
GINN,GINN,Goldman Sachs Innovate Equity ETF,avg_dollar_volume_30d_below_15m_usd,212249.66,41
GINX,GINX,SGI Enhanced Global Income ETF,avg_dollar_volume_30d_below_15m_usd,267795.83,40
GIPR,GIPR,Generation Income Properties Inc. - Common stock,avg_dollar_volume_30d_below_15m_usd,750570.46,38
GISC,GISC,Guggenheim Securitized Income ETF,avg_dollar_volume_30d_below_15m_usd,543707.22,17
GITS,GITS,"Global Interactive Technologies, Inc. Common Stock - Common Stock",avg_dollar_volume_30d_below_15m_usd,2964490.96,41
GIW,GIW,GigCapital8 Corp. - Class A Ordinary Shares,avg_dollar_volume_30d_below_15m_usd,542760.7,41
GIX,GIX,GigCapital9 Corp. - Class A Ordinary Share,avg_dollar_volume_30d_below_15m_usd,339630.89,40
GJAN,GJAN,FT Vest U.S. Equity Moderate Buffer ETF - January,avg_dollar_volume_30d_below_15m_usd,1580336.86,41
GJUL,GJUL,FT Vest U.S. Equity Moderate Buffer ETF - July,avg_dollar_volume_30d_below_15m_usd,1146682.84,41
GJUN,GJUN,FT Vest U.S. Equity Moderate Buffer ETF - June,avg_dollar_volume_30d_below_15m_usd,8299673.15,41
GK,GK,AdvisorShares Gerber Kawasaki ETF,avg_dollar_volume_30d_below_15m_usd,62024.5,41
GKAT,GKAT,Scharf Global Opportunity ETF,avg_dollar_volume_30d_below_15m_usd,192257.71,40
GLAM,GLAM,"Corgi Beauty, Skincare & Aesthetics ETF",avg_dollar_volume_30d_below_15m_usd,35696.94,41
GLBL,GLBL,Pacer MSCI World Industry Advantage ETF,avg_dollar_volume_30d_below_15m_usd,4265.57,41
GLBS,GLBS,Globus Maritime Limited - Common Stock,avg_dollar_volume_30d_below_15m_usd,568322.92,41
GLCR,GLCR,GlacierShares Nasdaq Iceland ETF,avg_dollar_volume_30d_below_15m_usd,19636.44,40
GLDB,GLDB,IDX Alternative FIAT ETF,avg_dollar_volume_30d_below_15m_usd,536922.0,41
GLDG,GLDG,GoldMining Inc. Common Shares,avg_dollar_volume_30d_below_15m_usd,1429364.61,41
GLDN,GLDN,Nicholas Gold Income ETF,avg_dollar_volume_30d_below_15m_usd,89551.47,40
GLDW,GLDW,Roundhill Gold WeeklyPay ETF,avg_dollar_volume_30d_below_15m_usd,494816.67,41
GLE,GLE,Global Engine Group Holding Limited - Class A Ordinary Shares,avg_dollar_volume_30d_below_15m_usd,3617589.01,41
GLGG,GLGG,Leverage Shares 2X Long GLXY Daily ETF,avg_dollar_volume_30d_below_15m_usd,697219.92,41
GLIBA,GLIBA,Liberty Capital Corporation - Series A GCI Group Common Stock,avg_dollar_volume_30d_below_15m_usd,2953946.63,41
GLIN,GLIN,VanEck India Growth Leaders ETF,avg_dollar_volume_30d_below_15m_usd,495575.77,41
GLIX,GLIX,Lazard Listed Infrastructure ETF,avg_dollar_volume_30d_below_15m_usd,198306.96,41
GLMD,GLMD,Galmed Pharmaceuticals Ltd. - Ordinary Shares,avg_dollar_volume_30d_below_15m_usd,446639.83,41
GLND,GLND,Greenland Energy Company - Common Stock,avg_dollar_volume_30d_below_15m_usd,2695948.97,41
GLNK,GLNK,Grayscale Chainlink Trust ETF,avg_dollar_volume_30d_below_15m_usd,1770117.18,41
GLOF,GLOF,iShares Global Equity Factor ETF,avg_dollar_volume_30d_below_15m_usd,721272.85,41
GLOO,GLOO,"Gloo Holdings, Inc. - Common Stock",avg_dollar_volume_30d_below_15m_usd,921677.21,41
GLOW,GLOW,VictoryShares WestEnd Global Equity ETF,avg_dollar_volume_30d_below_15m_usd,377881.06,40
GLRE,GLRE,"Greenlight Reinsurance, Ltd. - Class A Ordinary Shares",avg_dollar_volume_30d_below_15m_usd,2802461.04,41
GLRY,GLRY,Inspire Growth ETF,avg_dollar_volume_30d_below_15m_usd,1201736.99,41
GLSI,GLSI,"Greenwich LifeSciences, Inc. - Common stock",avg_dollar_volume_30d_below_15m_usd,3678567.26,41
GLTR,GLTR,abrdn Physical Precious Metals Basket Shares ETF,avg_dollar_volume_30d_below_15m_usd,14681163.14,41
GLU,GLU,Gabelli Global Utility Common Shares of Beneficial Ownership,avg_dollar_volume_30d_below_15m_usd,154561.42,41
GLX,GLX,Corgi GLXY 2x Daily ETF,avg_dollar_volume_30d_below_15m_usd,57737.58,7
GLXG,GLXG,Galaxy Payroll Group Limited - Class A Ordinary Shares,avg_dollar_volume_30d_below_15m_usd,12393955.51,41
GLXU,GLXU,T-REX 2X Long GLXY Daily Target ETF,avg_dollar_volume_30d_below_15m_usd,3774746.19,41
GMAR,GMAR,FT Vest U.S. Equity Moderate Buffer ETF - March,avg_dollar_volume_30d_below_15m_usd,467641.66,41
GMAY,GMAY,FT Vest U.S. Equity Moderate Buffer ETF - May,avg_dollar_volume_30d_below_15m_usd,6075289.38,41
GMEC,GMEC,Corgi GME 2x Daily ETF,avg_dollar_volume_30d_below_15m_usd,37743.59,7
GMEU,GMEU,T-REX 2X Long GME Daily Target ETF,avg_dollar_volume_30d_below_15m_usd,1800816.56,41
GMEX,GMEX,GMEX ROBOTICS CORPORATION - Class A Ordinary Shares,avg_dollar_volume_30d_below_15m_usd,6819643.48,41
GMEY,GMEY,YieldMax GME Option Income Strategy ETF,avg_dollar_volume_30d_below_15m_usd,35477.9,41
GMF,GMF,State Street SPDR S&P Emerging Asia Pacific ETF,avg_dollar_volume_30d_below_15m_usd,1699327.62,41
GMHS,GMHS,Gamehaus Holdings Inc. - Class A Ordinary Shares,avg_dollar_volume_30d_below_15m_usd,2061408.91,41
GMM,GMM,Global Mofy AI Limited  - Class A Ordinary Shares,avg_dollar_volume_30d_below_15m_usd,12101749.55,41
GMMA,GMMA,GammaRoad Market Navigation ETF,avg_dollar_volume_30d_below_15m_usd,4249.26,41
GMMF,GMMF,iShares Government Money Market ETF,avg_dollar_volume_30d_below_15m_usd,2694796.02,41
GMNY,GMNY,Goldman Sachs Dynamic New York Municipal Income ETF,avg_dollar_volume_30d_below_15m_usd,188684.51,41
GMOC,GMOC,GMO Ultra-Short Income ETF,avg_dollar_volume_30d_below_15m_usd,534647.96,40
GMOD,GMOD,GMO Dynamic Allocation ETF,avg_dollar_volume_30d_below_15m_usd,339404.97,40
GMOI,GMOI,GMO International Value ETF,avg_dollar_volume_30d_below_15m_usd,2221045.45,41
GMOM,GMOM,Cambria Global Momentum ETF,avg_dollar_volume_30d_below_15m_usd,208406.89,41
GMOV,GMOV,GMO US Value ETF,avg_dollar_volume_30d_below_15m_usd,592960.82,41
GMRS,GMRS,GMR Solutions Inc. Class A Common Stock,avg_dollar_volume_30d_below_15m_usd,11394481.96,39
GMUB,GMUB,Goldman Sachs Municipal Income ETF,avg_dollar_volume_30d_below_15m_usd,1896539.86,41
GNE,GNE,Genie Energy Ltd. Class B Common Stock Stock,avg_dollar_volume_30d_below_15m_usd,1265305.18,41
GNK,GNK,Genco Shipping & Trading Limited Ordinary Shares New (Marshall Islands),avg_dollar_volume_30d_below_15m_usd,7891974.96,41
GNLN,GNLN,"Greenlane Holdings, Inc. - Class A Common Stock",avg_dollar_volume_30d_below_15m_usd,40869.49,41
GNLX,GNLX,Genelux Corporation - Common Stock,avg_dollar_volume_30d_below_15m_usd,536691.1,41
GNMA,GNMA,iShares GNMA Bond ETF,avg_dollar_volume_30d_below_15m_usd,1138712.49,41
GNMX,GNMX,Corgi Genomics & Precision Medicine ETF,avg_dollar_volume_30d_below_15m_usd,17921.17,41
GNOM,GNOM,Global X Genomics & Biotechnology ETF,avg_dollar_volume_30d_below_15m_usd,1820185.49,41
GNOV,GNOV,FT Vest U.S. Equity Moderate Buffer ETF - November,avg_dollar_volume_30d_below_15m_usd,536766.66,41
GNPX,GNPX,"Genprex, Inc. - Common Stock",avg_dollar_volume_30d_below_15m_usd,202625.06,41
GNS,GNS,Genius Group Limited Ordinary Shares,avg_dollar_volume_30d_below_15m_usd,4825285.67,41
GNSS,GNSS,Genasys Inc. - Common Stock,avg_dollar_volume_30d_below_15m_usd,242910.6,41
GOAI,GOAI,Eva Live Inc. - Common Stock,avg_dollar_volume_30d_below_15m_usd,429149.01,41
GOAU,GOAU,US Global GO Gold and Precious Metal Miners ETF,avg_dollar_volume_30d_below_15m_usd,1610461.38,41
GOCT,GOCT,FT Vest U.S. Equity Moderate Buffer ETF - October,avg_dollar_volume_30d_below_15m_usd,1833689.55,41
GOEX,GOEX,Global X Gold Explorers ETF,avg_dollar_volume_30d_below_15m_usd,622258.44,41
GOGL,GOGL,Corgi GOOGL 2x Daily ETF,avg_dollar_volume_30d_below_15m_usd,90017.76,9
GOGO,GOGO,Gogo Inc. - Common Stock,avg_dollar_volume_30d_below_15m_usd,8323155.24,41
GOLI,GOLI,Defiance Gold Enhanced Options Income ETF,avg_dollar_volume_30d_below_15m_usd,489996.61,41
GOLS,GOLS,Gabelli Opportunities in Live and Sports ETF,avg_dollar_volume_30d_below_15m_usd,100012.71,41
GOLY,GOLY,Strategy Shares Gold Enhanced Yield ETF,avg_dollar_volume_30d_below_15m_usd,925088.53,41
GOOL,GOOL,Leverage Shares 2X Long GOOGL Daily ETF,avg_dollar_volume_30d_below_15m_usd,8473.44,3
GOOP,GOOP,Kurv Yield Premium Strategy Google (GOOGL) ETF,avg_dollar_volume_30d_below_15m_usd,974193.25,41
GOOW,GOOW,Roundhill GOOGL WeeklyPay ETF,avg_dollar_volume_30d_below_15m_usd,2069602.05,41
GOOX,GOOX,T-Rex 2X Long Alphabet Daily Target ETF,avg_dollar_volume_30d_below_15m_usd,7762508.58,41
GOOY,GOOY,YieldMax GOOGL Option Income Strategy ETF,avg_dollar_volume_30d_below_15m_usd,7671999.11,41
GOP,GOP,Unusual Whales Subversive Republican Trading ETF,avg_dollar_volume_30d_below_15m_usd,557743.26,41
GORO,GORO,Gold Resource Corporation Common Stock,avg_dollar_volume_30d_below_15m_usd,3242131.4,41
GOSS,GOSS,"Gossamer Bio, Inc. - Common Stock",avg_dollar_volume_30d_below_15m_usd,2761437.18,41
GOU,GOU,GraniteShares 2x Long GOOGL Daily ETF,avg_dollar_volume_30d_below_15m_usd,1948964.04,41
GOVI,GOVI,Invesco Equal Weight 0-30 Year Treasury ETF,avg_dollar_volume_30d_below_15m_usd,8121007.96,41
GOVM,GOVM,iShares 1-10 Year Treasury Bond ETF,avg_dollar_volume_30d_below_15m_usd,1673.44,39
GOVX,GOVX,"GeoVax Labs, Inc. - Common Stock",avg_dollar_volume_30d_below_15m_usd,1402304.02,41
GOVZ,GOVZ,iShares 25  Year Treasury STRIPS Bond ETF,avg_dollar_volume_30d_below_15m_usd,7925019.16,41
GP,GP,GreenPower Motor Company Inc. - Common Shares,avg_dollar_volume_30d_below_15m_usd,327945.67,41
GPRF,GPRF,Goldman Sachs Access U.S. Preferred Stock and Hybrid Securities ETF,avg_dollar_volume_30d_below_15m_usd,1564229.19,40
GPRK,GPRK,Geopark Ltd Common Shares,avg_dollar_volume_30d_below_15m_usd,6200001.19,41
GPRO,GPRO,"GoPro, Inc. - Class A Common Stock",avg_dollar_volume_30d_below_15m_usd,5757356.68,41
GPT,GPT,Intelligent Alpha Atlas ETF,avg_dollar_volume_30d_below_15m_usd,44249.49,40
GPTY,GPTY,YieldMax AI & Tech Portfolio Option Income ETF,avg_dollar_volume_30d_below_15m_usd,3016781.9,41
GPZ,GPZ,VanEck Alternative Asset Manager ETF,avg_dollar_volume_30d_below_15m_usd,4420948.81,41
GQGU,GQGU,GQG US Equity ETF,avg_dollar_volume_30d_below_15m_usd,2737889.59,41
GQI,GQI,Natixis Gateway Quality Income ETF,avg_dollar_volume_30d_below_15m_usd,1693538.56,41
GQQQ,GQQQ,Astoria US Quality Growth Kings ETF,avg_dollar_volume_30d_below_15m_usd,783407.29,41
GQRE,GQRE,FlexShares Global Quality Real Estate Index Fund,avg_dollar_volume_30d_below_15m_usd,767746.64,41
GRAF,GRAF,Graf Global Corp. Class A ordinary shares,avg_dollar_volume_30d_below_15m_usd,3397801.44,41
GRAG,GRAG,Leverage Shares 2X Long GRAB Daily ETF,avg_dollar_volume_30d_below_15m_usd,116127.97,41
GRAN,GRAN,Grande Group Limited - Class A Ordinary Shares,avg_dollar_volume_30d_below_15m_usd,1213973.2,40
GRCE,GRCE,"Grace Therapeutics, Inc. - Common Stock",avg_dollar_volume_30d_below_15m_usd,653206.63,41
GRDX,GRDX,GridAI Technologies Corp.  - Common Stock,avg_dollar_volume_30d_below_15m_usd,567849.95,41
GREE,GREE,Greenidge Generation Holdings Inc. - Class A Common Stock,avg_dollar_volume_30d_below_15m_usd,471024.62,41
GREK,GREK,Global X MSCI Greece ETF,avg_dollar_volume_30d_below_15m_usd,5906416.27,41
GRI,GRI,"GRI Bio, Inc. - Common Stock",avg_dollar_volume_30d_below_15m_usd,199604.46,41
GRIN,GRIN,VictoryShares International Free Cash Flow Growth ETF,avg_dollar_volume_30d_below_15m_usd,394833.58,41
GRML,GRML,Greenland Mines Ltd - Common Stock,avg_dollar_volume_30d_below_15m_usd,1004031.56,41
GRNB,GRNB,VanEck Green Bond ETF,avg_dollar_volume_30d_below_15m_usd,629977.47,41
GRNI,GRNI,Fundstrat Granny Shots US Large Cap & Income ETF,avg_dollar_volume_30d_below_15m_usd,791854.14,41
GRNJ,GRNJ,Fundstrat Granny Shots US Small- & Mid-Cap ETF,avg_dollar_volume_30d_below_15m_usd,6358289.02,41
GRNQ,GRNQ,Greenpro Capital Corp. - Common Stock,avg_dollar_volume_30d_below_15m_usd,53254.26,40
GRNT,GRNT,"Granite Ridge Resources, Inc. Common Stock",avg_dollar_volume_30d_below_15m_usd,4834694.52,41
GRO,GRO,Brazil Potash Corp. Common Shares,avg_dollar_volume_30d_below_15m_usd,723543.08,41
GROV,GROV,"Grove Collaborative Holdings, Inc. Class A Common Stock",avg_dollar_volume_30d_below_15m_usd,64617.36,41
GROW,GROW,"U.S. Global Investors, Inc. - Class A Common Stock",avg_dollar_volume_30d_below_15m_usd,101175.93,40
GROY,GROY,Gold Royalty Corp. Common Shares,avg_dollar_volume_30d_below_15m_usd,5437065.97,41
GROZ,GROZ,Zacks Focus Growth ETF,avg_dollar_volume_30d_below_15m_usd,983455.22,41
GRPM,GRPM,Invesco S&P MidCap 400 GARP ETF,avg_dollar_volume_30d_below_15m_usd,1081170.56,41
GRPZ,GRPZ,Invesco S&P SmallCap 600 GARP ETF,avg_dollar_volume_30d_below_15m_usd,39991.72,41
GRW,GRW,TCW Durable Growth ETF,avg_dollar_volume_30d_below_15m_usd,259560.1,40
GRWG,GRWG,GrowGeneration Corp. - Common Stock,avg_dollar_volume_30d_below_15m_usd,491484.08,41
GSBC,GSBC,"Great Southern Bancorp, Inc. - Common Stock",avg_dollar_volume_30d_below_15m_usd,6998720.05,41
GSBD,GSBD,"Goldman Sachs BDC, Inc. Common Stock",avg_dollar_volume_30d_below_15m_usd,8613932.25,41
GSC,GSC,Goldman Sachs Small Cap Equity ETF,avg_dollar_volume_30d_below_15m_usd,1140263.02,41
GSEE,GSEE,Goldman Sachs MarketBeta Emerging Markets Equity ETF,avg_dollar_volume_30d_below_15m_usd,204351.74,41
GSEP,GSEP,FT Vest U.S. Equity Moderate Buffer ETF - September,avg_dollar_volume_30d_below_15m_usd,2538756.16,41
GSEU,GSEU,Goldman Sachs ActiveBeta Europe Equity ETF,avg_dollar_volume_30d_below_15m_usd,305173.08,41
GSEW,GSEW,Goldman Sachs Equal Weight U.S. Large Cap Equity ETF,avg_dollar_volume_30d_below_15m_usd,6232567.71,41
GSGO,GSGO,Goldman Sachs Growth Opportunities ETF,avg_dollar_volume_30d_below_15m_usd,353095.82,41
GSIB,GSIB,Themes Global Systemically Important Banks ETF,avg_dollar_volume_30d_below_15m_usd,461221.0,40
GSID,GSID,Goldman Sachs MarketBeta International Equity ETF,avg_dollar_volume_30d_below_15m_usd,2812268.67,41
GSIT,GSIT,"GSI Technology, Inc. - Common Stock",avg_dollar_volume_30d_below_15m_usd,11623903.15,41
GSIW,GSIW,Garden Stage Limited - Class A Ordinary Shares,avg_dollar_volume_30d_below_15m_usd,248307.25,40
GSJY,GSJY,Goldman Sachs ActiveBeta Japan Equity ETF,avg_dollar_volume_30d_below_15m_usd,282030.36,41
GSKH,GSKH,GSK plc ADRhedged,avg_dollar_volume_30d_below_15m_usd,30829.69,41
GSL,GSL,Global Ship Lease Inc New Class A Common Shares,avg_dollar_volume_30d_below_15m_usd,11480299.47,41
GSM,GSM,Ferroglobe PLC - Ordinary Shares,avg_dollar_volume_30d_below_15m_usd,6335552.75,41
GSPY,GSPY,Gotham Enhanced 500 ETF,avg_dollar_volume_30d_below_15m_usd,167688.88,41
GSSC,GSSC,GS ActiveBeta U.S. Small Cap Equity ETF,avg_dollar_volume_30d_below_15m_usd,2620180.8,41
GSST,GSST,Goldman Sachs Ultra Short Bond ETF,avg_dollar_volume_30d_below_15m_usd,12304004.64,41
GSUI,GSUI,Grayscale Sui Staking ETF,avg_dollar_volume_30d_below_15m_usd,559144.57,41
GSUN,GSUN,Golden Sun Technology Group Limited - Class A Ordinary Shares,avg_dollar_volume_30d_below_15m_usd,1690837.23,41
GSUS,GSUS,Goldman Sachs MarketBeta U.S. Equity ETF,avg_dollar_volume_30d_below_15m_usd,8781367.67,41
GSWO,GSWO,Goldman Sachs ActiveBeta World Equity ETF,avg_dollar_volume_30d_below_15m_usd,3873149.51,41
GTBP,GTBP,"GT Biopharma, Inc. - Common Stock",avg_dollar_volume_30d_below_15m_usd,654967.72,41
GTE,GTE,Gran Tierra Energy Inc. Common Stock,avg_dollar_volume_30d_below_15m_usd,2153615.23,41
GTEC,GTEC,Greenland Technologies Holding Corporation - Class A Ordinary Shares,avg_dollar_volume_30d_below_15m_usd,69702.84,41
GTEK,GTEK,Goldman Sachs Future Tech Leaders Equity ETF,avg_dollar_volume_30d_below_15m_usd,1414574.77,41
GTEN,GTEN,"Gores Holdings X, Inc. - Class A ordinary shares",avg_dollar_volume_30d_below_15m_usd,383554.09,40
GTIM,GTIM,Good Times Restaurants Inc. - Common Stock,avg_dollar_volume_30d_below_15m_usd,36657.34,41
GTIP,GTIP,Goldman Sachs Access Inflation Protected USD Bond ETF,avg_dollar_volume_30d_below_15m_usd,2147894.91,41
GTN,GTN,"Gray Media, Inc. Common Stock",avg_dollar_volume_30d_below_15m_usd,5290699.57,41
GTN.A,GTN-A,"Gray Media, Inc. Class A Common Stock",avg_dollar_volume_30d_below_15m_usd,23473.23,40
GTND,GTND,Goaltender ETF,avg_dollar_volume_30d_below_15m_usd,107907.7,37
GTO,GTO,Invesco Total Return Bond ETF,avg_dollar_volume_30d_below_15m_usd,11477578.01,41
GTOC,GTOC,Invesco Core Fixed Income ETF,avg_dollar_volume_30d_below_15m_usd,5662285.97,41
GTOH,GTOH,Invesco Short Duration High Yield ETF,avg_dollar_volume_30d_below_15m_usd,79856.66,41
GTOP,GTOP,Goldman Sachs Technology Opportunities ETF,avg_dollar_volume_30d_below_15m_usd,561798.61,41
GTOQ,GTOQ,Invesco High Yield Systematic Bond ETF,avg_dollar_volume_30d_below_15m_usd,1005944.74,40
GTOS,GTOS,Invesco Short Duration Total Return Bond ETF,avg_dollar_volume_30d_below_15m_usd,132881.33,41
GTPE,GTPE,Goldman Sachs MSCI World Private Equity Return Tracker ETF,avg_dollar_volume_30d_below_15m_usd,92847.92,40
GTR,GTR,WisdomTree Target Range Fund,avg_dollar_volume_30d_below_15m_usd,118699.91,40
GUMI,GUMI,Goldman Sachs Ultra Short Municipal Income ETF,avg_dollar_volume_30d_below_15m_usd,438978.35,41
GURE,GURE,"Gulf Resources, Inc. - Common Stock",avg_dollar_volume_30d_below_15m_usd,59106.97,40
GURU,GURU,Global X Guru Index ETF,avg_dollar_volume_30d_below_15m_usd,80824.37,41
GUSA,GUSA,Goldman Sachs MarketBeta U.S. 1000 Equity ETF,avg_dollar_volume_30d_below_15m_usd,19594.99,41
GUSE,GUSE,Goldman Sachs Enhanced U.S. Equity ETF,avg_dollar_volume_30d_below_15m_usd,277752.11,40
GUTS,GUTS,"Fractyl Health, Inc. - Common Stock",avg_dollar_volume_30d_below_15m_usd,1157241.8,41
GV,GV,Visionary Holdings Inc. - Common Shares,avg_dollar_volume_30d_below_15m_usd,101812.43,41
GVAL,GVAL,Cambria Global Value ETF,avg_dollar_volume_30d_below_15m_usd,7280224.14,41
GVI,GVI,iShares Intermediate Government/Credit Bond ETF,avg_dollar_volume_30d_below_15m_usd,10866309.9,41
GVIP,GVIP,Goldman Sachs Hedge Industry VIP ETF,avg_dollar_volume_30d_below_15m_usd,2103513.12,41
GVLE,GVLE,Goldman Sachs Value Opportunities ETF,avg_dollar_volume_30d_below_15m_usd,64164.61,41
GVLU,GVLU,Gotham 1000 Value ETF,avg_dollar_volume_30d_below_15m_usd,116084.01,41
GVUS,GVUS,Goldman Sachs MarketBeta Russell 1000 Value Equity ETF,avg_dollar_volume_30d_below_15m_usd,71777.03,41
GWAV,GWAV,"Greenwave Technology Solutions, Inc. - Common Stock",avg_dollar_volume_30d_below_15m_usd,60346.78,41
GWH,GWH,"ESS Tech, Inc. Common Stock",avg_dollar_volume_30d_below_15m_usd,642309.87,41
GWRS,GWRS,"Global Water Resources, Inc. - common stock",avg_dollar_volume_30d_below_15m_usd,982716.61,41
GWX,GWX,State Street SPDR S&P International Small Cap ETF,avg_dollar_volume_30d_below_15m_usd,3788394.28,41
GXAI,GXAI,Gaxos.ai Inc. - Common Stock,avg_dollar_volume_30d_below_15m_usd,5688267.1,41
GXC,GXC,State Street SPDR S&P China ETF,avg_dollar_volume_30d_below_15m_usd,2060781.2,41
GXDW,GXDW,Global X Dorsey Wright Thematic ETF,avg_dollar_volume_30d_below_15m_usd,240689.17,40
GXIG,GXIG,Global X Investment Grade Corporate Bond ETF,avg_dollar_volume_30d_below_15m_usd,219087.24,41
GXLC,GXLC,Global X U.S. 500 ETF,avg_dollar_volume_30d_below_15m_usd,24418.33,40
GXPC,GXPC,Global X PureCap MSCI Communication Services ETF,avg_dollar_volume_30d_below_15m_usd,6630585.25,41
GXPD,GXPD,Global X PureCap MSCI Consumer Discretionary ETF,avg_dollar_volume_30d_below_15m_usd,1455497.04,41
GXPE,GXPE,Global X PureCap MSCI Energy ETF,avg_dollar_volume_30d_below_15m_usd,19208.54,41
GXPS,GXPS,Global X PureCap MSCI Consumer Staples ETF,avg_dollar_volume_30d_below_15m_usd,971123.32,41
GXPT,GXPT,Global X PureCap MSCI Information Technology ETF,avg_dollar_volume_30d_below_15m_usd,4531186.25,41
GXRP,GXRP,Grayscale XRP Trust ETF,avg_dollar_volume_30d_below_15m_usd,808632.58,41
GXUS,GXUS,Goldman Sachs MarketBeta Total International Equity ETF,avg_dollar_volume_30d_below_15m_usd,103330.31,41
GYLD,GYLD,Arrow Dow Jones Global Yield ETF ETF,avg_dollar_volume_30d_below_15m_usd,165524.39,41
GYRE,GYRE,"Gyre Therapeutics, Inc. - Common Stock",avg_dollar_volume_30d_below_15m_usd,716960.04,41
GYRO,GYRO,"Gyrodyne , LLC - Common Stock",avg_dollar_volume_30d_below_15m_usd,10691.33,40
HAFC,HAFC,Hanmi Financial Corporation - Common Stock,avg_dollar_volume_30d_below_15m_usd,7421647.39,41
HAIL,HAIL,State Street SPDR S&P Kensho Smart Mobility ETF,avg_dollar_volume_30d_below_15m_usd,169272.43,41
HAIN,HAIN,"The Hain Celestial Group, Inc. - Common Stock",avg_dollar_volume_30d_below_15m_usd,848695.02,41
HAKY,HAKY,Amplify HACK Cybersecurity Covered Call ETF,avg_dollar_volume_30d_below_15m_usd,118328.83,41
HALX,HALX,Tuttle Capital Heavy Assets Low Obsolescence ETF,avg_dollar_volume_30d_below_15m_usd,61035.78,35
HAO,HAO,Haoxi Health Technology Limited - Class A Ord Share,avg_dollar_volume_30d_below_15m_usd,959586.33,41
HAP,HAP,VanEck Natural Resources ETF,avg_dollar_volume_30d_below_15m_usd,2275691.96,41
HAPI,HAPI,Harbor Human Capital Factor US Large Cap ETF,avg_dollar_volume_30d_below_15m_usd,91638.6,41
HAPS,HAPS,Harbor Human Capital Factor US Small Cap ETF,avg_dollar_volume_30d_below_15m_usd,4688.25,41
HARD,HARD,Simplify Commodities Strategy No K-1 ETF,avg_dollar_volume_30d_below_15m_usd,1783750.1,41
HAUS,HAUS,Residential REIT ETF,avg_dollar_volume_30d_below_15m_usd,51774.47,41
HAUZ,HAUZ,Xtrackers International Real Estate ETF,avg_dollar_volume_30d_below_15m_usd,2542938.34,41
HAWX,HAWX,iShares Currency Hedged MSCI ACWI ex U.S. ETF,avg_dollar_volume_30d_below_15m_usd,1277206.64,41
HBB,HBB,Hamilton Beach Brands Holding Company Class A Common Stock ,avg_dollar_volume_30d_below_15m_usd,580925.43,41
HBCP,HBCP,"Home Bancorp, Inc. - Common Stock",avg_dollar_volume_30d_below_15m_usd,5690906.38,41
HBDC,HBDC,Hilton BDC Corporate Bond ETF,avg_dollar_volume_30d_below_15m_usd,61804.16,40
HBIO,HBIO,"Harvard Bioscience, Inc. - Common Stock",avg_dollar_volume_30d_below_15m_usd,126436.64,41
HBMX,HBMX,Tuttle Capital Concentrated Memory Stack ETF,avg_dollar_volume_30d_below_15m_usd,5098615.37,26
HBNB,HBNB,Hotel101 Global Holdings Corp. - Class A Ordinary Shares,avg_dollar_volume_30d_below_15m_usd,40688.37,40
HBNC,HBNC,"Horizon Bancorp, Inc. - Common Stock",avg_dollar_volume_30d_below_15m_usd,13901754.28,41
HBR,HBR,Canary HBAR ETF,avg_dollar_volume_30d_below_15m_usd,887338.19,41
HBRD,HBRD,Invesco U.S. Hybrid Bond ETF,avg_dollar_volume_30d_below_15m_usd,1396.47,40
HBT,HBT,"HBT Financial, Inc. - Common Stock",avg_dollar_volume_30d_below_15m_usd,6000252.86,41
HBTA,HBTA,Horizon Expedition Plus ETF,avg_dollar_volume_30d_below_15m_usd,3392389.81,41
HBTC,HBTC,Fortuna Hedged Bitcoin ETF,avg_dollar_volume_30d_below_15m_usd,8667.02,41
HCAI,HCAI,"Huachen AI Parking Management Technology Holding Co., Ltd. - Class A Ordinary Shares",avg_dollar_volume_30d_below_15m_usd,944782.65,41
HCAT,HCAT,"Health Catalyst, Inc - Common stock",avg_dollar_volume_30d_below_15m_usd,4745534.59,41
HCHL,HCHL,Happy City Holdings Limited - Class A Ordinary shares,avg_dollar_volume_30d_below_15m_usd,2281453.74,40
HCIC,HCIC,Hennessy Capital Investment Corp. VIII - Class A Ordinary Shares,avg_dollar_volume_30d_below_15m_usd,126868.27,40
HCKT,HCKT,"The Hackett Group, Inc. - Common Stock",avg_dollar_volume_30d_below_15m_usd,3609736.84,41
HCMT,HCMT,Direxion HCM Tactical Enhanced US ETF,avg_dollar_volume_30d_below_15m_usd,2074548.16,41
HCOW,HCOW,Amplify COWS Covered Call ETF,avg_dollar_volume_30d_below_15m_usd,133319.31,40
HCRB,HCRB,Hartford Core Bond ETF,avg_dollar_volume_30d_below_15m_usd,1829286.51,41
HCTI,HCTI,"Healthcare Triangle, Inc. - Common Stock",avg_dollar_volume_30d_below_15m_usd,363167.68,41
HCWB,HCWB,HCW Biologics Inc. - Common Stock,avg_dollar_volume_30d_below_15m_usd,1842486.88,41
HCWC,HCWC,Healthy Choice Wellness Corp. Class A Common Stock,avg_dollar_volume_30d_below_15m_usd,1648055.61,41
HDEF,HDEF,Xtrackers MSCI EAFE High Dividend Yield Equity ETF,avg_dollar_volume_30d_below_15m_usd,6870864.08,41
HDG,HDG,ProShares Hedge Replication ETF,avg_dollar_volume_30d_below_15m_usd,32769.53,41
HDGE,HDGE,Ranger Equity Bear Bear ETF,avg_dollar_volume_30d_below_15m_usd,1146722.21,41
HDMV,HDMV,First Trust Horizon Managed Volatility Developed International ETF,avg_dollar_volume_30d_below_15m_usd,26857.73,41
HDRN,HDRN,"Hadron Energy, Inc. - Common Stock",avg_dollar_volume_30d_below_15m_usd,381889.01,41
HDSN,HDSN,"Hudson Technologies, Inc. - Common Stock",avg_dollar_volume_30d_below_15m_usd,3085161.78,41
HDUS,HDUS,Hartford Disciplined US Equity ETF,avg_dollar_volume_30d_below_15m_usd,438673.34,41
HEAL,HEAL,Global X HealthTech ETF,avg_dollar_volume_30d_below_15m_usd,225600.2,41
HECA,HECA,Hedgeye Capital Allocation ETF,avg_dollar_volume_30d_below_15m_usd,3529083.87,41
HECO,HECO,State Street Galaxy Hedged Digital Asset Ecosystem ETF,avg_dollar_volume_30d_below_15m_usd,907158.64,40
HEDG,HEDG,Equable Shares Hedged Equity ETF,avg_dollar_volume_30d_below_15m_usd,1426324.85,41
HEDJ,HEDJ,WisdomTree Europe Hedged Equity Fund,avg_dollar_volume_30d_below_15m_usd,5848618.78,41
HEEM,HEEM,iShares Currency Hedged MSCI Emerging Markets ETF,avg_dollar_volume_30d_below_15m_usd,5900450.76,41
HEFT,HEFT,Hedgeye Fourth Turning ETF,avg_dollar_volume_30d_below_15m_usd,820182.35,41
HEGD,HEGD,Swan Hedged Equity US Large Cap ETF,avg_dollar_volume_30d_below_15m_usd,3211821.96,41
HELP,HELP,Cybin Inc. - Common Stock,avg_dollar_volume_30d_below_15m_usd,5935290.06,41
HELS,HELS,Hedgeye 130/30 Equity ETF,avg_dollar_volume_30d_below_15m_usd,295184.23,41
HELX,HELX,Franklin Genomic Advancements ETF,avg_dollar_volume_30d_below_15m_usd,81979.34,41
HEMI,HEMI,Hartford Equity Premium Income ETF,avg_dollar_volume_30d_below_15m_usd,52323.3,41
HEQQ,HEQQ,JPMorgan Nasdaq Hedged Equity Laddered Overlay ETF,avg_dollar_volume_30d_below_15m_usd,153568.57,40
HEQT,HEQT,Simplify Hedged Equity ETF,avg_dollar_volume_30d_below_15m_usd,2385978.68,41
HERD,HERD,Pacer Cash Cows Fund of Funds ETF,avg_dollar_volume_30d_below_15m_usd,186871.35,41
HERO,HERO,Global X Video Games & Esports ETF,avg_dollar_volume_30d_below_15m_usd,573344.85,41
HEWJ,HEWJ,iShares Currency Hedged MSCI Japan ETF,avg_dollar_volume_30d_below_15m_usd,4900880.68,41
HEZU,HEZU,iShares Currency Hedged MSCI Eurozone ETF,avg_dollar_volume_30d_below_15m_usd,1453049.03,41
HF,HF,DGA Core Plus Absolute Return ETF,avg_dollar_volume_30d_below_15m_usd,13157.83,41
HFBL,HFBL,"Home Federal Bancorp, Inc. of Louisiana - Common Stock",avg_dollar_volume_30d_below_15m_usd,37240.97,40
HFEQ,HFEQ,Unlimited HFEQ Equity Long/Short ETF,avg_dollar_volume_30d_below_15m_usd,134226.19,41
HFFG,HFFG,HF Foods Group Inc. - Common Stock,avg_dollar_volume_30d_below_15m_usd,525247.16,41
HFGM,HFGM,Unlimited HFGM Global Macro ETF,avg_dollar_volume_30d_below_15m_usd,1851560.87,41
HFGO,HFGO,Hartford Large Cap Growth ETF,avg_dollar_volume_30d_below_15m_usd,1257748.02,41
HFMF,HFMF,Unlimited HFMF Managed Futures ETF,avg_dollar_volume_30d_below_15m_usd,176935.0,41
HFND,HFND,Unlimited HFND Multi-Strategy Return Tracker ETF,avg_dollar_volume_30d_below_15m_usd,194542.18,41
HFSI,HFSI,Hartford Strategic Income ETF,avg_dollar_volume_30d_below_15m_usd,7835813.96,41
HFSP,HFSP,TradersAI Large Cap Equity & Cash ETF,avg_dollar_volume_30d_below_15m_usd,1451.85,40
HFWA,HFWA,Heritage Financial Corporation - Common Stock,avg_dollar_volume_30d_below_15m_usd,8739772.63,41
HFXI,HFXI,NYLI FTSE International Equity Currency Neutral ETF,avg_dollar_volume_30d_below_15m_usd,11913541.56,41
HGBL,HGBL,Heritage Global Inc. - Common Stock,avg_dollar_volume_30d_below_15m_usd,99314.83,41
HGRO,HGRO,Hedgeye Quality Growth ETF,avg_dollar_volume_30d_below_15m_usd,1718830.91,41
HGTY,HGTY,"Hagerty, Inc. Class A Common Stock",avg_dollar_volume_30d_below_15m_usd,1867835.13,41
HHS,HHS,"Harte Hanks, Inc. - Common Stock",avg_dollar_volume_30d_below_15m_usd,8990.93,40
HIBL,HIBL,Direxion Daily S&P 500 High Beta Bull 3X ETF,avg_dollar_volume_30d_below_15m_usd,7195326.27,41
HIBS,HIBS,Direxion Daily S&P 500 High Beta Bear 3X ETF,avg_dollar_volume_30d_below_15m_usd,4462606.21,41
HIDE,HIDE,Alpha Architect High Inflation and Deflation ETF,avg_dollar_volume_30d_below_15m_usd,1013126.54,41
HIDV,HIDV,AB US High Dividend ETF,avg_dollar_volume_30d_below_15m_usd,1704091.93,41
HIFS,HIFS,Hingham Institution for Savings - Common Stock,avg_dollar_volume_30d_below_15m_usd,8165712.27,41
HIGH,HIGH,Simplify Enhanced Income ETF,avg_dollar_volume_30d_below_15m_usd,647637.79,41
HIHO,HIHO,Highway Holdings Limited - Common Stock,avg_dollar_volume_30d_below_15m_usd,409422.07,41
HIND,HIND,"Vyome Holdings, Inc. - Common Stock",avg_dollar_volume_30d_below_15m_usd,44213.69,41
HIPO,HIPO,Hippo Holdings Inc. Common Stock,avg_dollar_volume_30d_below_15m_usd,4056561.28,41
HIPS,HIPS,GraniteShares HIPS US High Income ETF,avg_dollar_volume_30d_below_15m_usd,743519.79,41
HIS,HIS,Humilis US Focused Opportunities ETF,avg_dollar_volume_30d_below_15m_usd,786439.59,35
HISF,HISF,First Trust High Income Strategic Focus ETF,avg_dollar_volume_30d_below_15m_usd,310572.99,41
HIT,HIT,"Health In Tech, Inc. - Class A Common Stock",avg_dollar_volume_30d_below_15m_usd,175149.84,41
HITI,HITI,High Tide Inc. - Common Shares,avg_dollar_volume_30d_below_15m_usd,1949736.81,41
HIYY,HIYY,YieldMax HIMS Option Income Strategy ETF,avg_dollar_volume_30d_below_15m_usd,804023.66,41
HJLY,HJLY,Corgi U.S. Equities 100% Structured Buffer ETF - July Series,avg_dollar_volume_30d_below_15m_usd,250839.71,5
HJUN,HJUN,Corgi U.S. Equities 100% Structured Buffer ETF - June Series,avg_dollar_volume_30d_below_15m_usd,53246.65,26
HKPD,HKPD,"Cellyan Biotechnology Co., Ltd  - Class A Ordinary Shares",avg_dollar_volume_30d_below_15m_usd,227362.16,41
HLAL,HLAL,Wahed FTSE USA Shariah ETF,avg_dollar_volume_30d_below_15m_usd,4686052.92,41
HLLY,HLLY,Holley Inc. Common Stock,avg_dollar_volume_30d_below_15m_usd,2338546.61,41
HLMN,HLMN,Hillman Solutions Corp. - Common Stock,avg_dollar_volume_30d_below_15m_usd,14008207.51,41
HLP,HLP,Hongli Group Inc. - Ordinary Shares,avg_dollar_volume_30d_below_15m_usd,2045238.23,41
HLX,HLX,"Helix Energy Solutions Group, Inc. Common Stock",avg_dollar_volume_30d_below_15m_usd,14068326.97,41
HMAY,HMAY,Corgi U.S. Equities 100% Structured Buffer ETF - May Series,avg_dollar_volume_30d_below_15m_usd,50042.87,41
HMH,HMH,HMH Holding Inc. - Common Stock,avg_dollar_volume_30d_below_15m_usd,7309099.09,41
HMN,HMN,Horace Mann Educators Corporation Common Stock,avg_dollar_volume_30d_below_15m_usd,14052573.54,41
HMOP,HMOP,Hartford Municipal Opportunities ETF,avg_dollar_volume_30d_below_15m_usd,2596830.08,41
HMR,HMR,Heidmar Maritime Holdings Corp. - Common Stock,avg_dollar_volume_30d_below_15m_usd,362444.6,41
HMYY,HMYY,GraniteShares YieldBoost HIMS ETF,avg_dollar_volume_30d_below_15m_usd,29397.8,40
HNDL,HNDL,Strategy Shares Nasdaq 7HANDL Index ETF,avg_dollar_volume_30d_below_15m_usd,1228695.54,41
HNNA,HNNA,"Hennessy Advisors, Inc. - Common Stock",avg_dollar_volume_30d_below_15m_usd,63762.75,41
HNRG,HNRG,Hallador Energy Company - Common Stock,avg_dollar_volume_30d_below_15m_usd,14184272.34,41
HNST,HNST,"The Honest Company, Inc. - Common Stock",avg_dollar_volume_30d_below_15m_usd,5086124.09,41
HNVR,HNVR,"Hanover Bancorp, Inc. - Common Stock",avg_dollar_volume_30d_below_15m_usd,1831120.68,41
HODO,HODO,House of Doge Inc. - Common Stock,avg_dollar_volume_30d_below_15m_usd,447169.7,41
HODU,HODU,Direxion Daily HOOD Bull 2X ETF,avg_dollar_volume_30d_below_15m_usd,3384579.02,41
HOFT,HOFT,Hooker Furnishings Corporation - Common Stock,avg_dollar_volume_30d_below_15m_usd,1367935.07,41
HOLA,HOLA,JPMorgan International Hedged Equity Laddered Overlay ETF,avg_dollar_volume_30d_below_15m_usd,1657678.17,41
HOLD,HOLD,Harbor Alpha Layering ETF,avg_dollar_volume_30d_below_15m_usd,13643.14,40
HOLO,HOLO,MicroCloud Hologram Inc. - Ordinary Shares,avg_dollar_volume_30d_below_15m_usd,984250.56,41
HOMZ,HOMZ,Hoya Capital Housing ETF,avg_dollar_volume_30d_below_15m_usd,227523.21,41
HONG,HONG,Leverage Shares 2X Long HON Daily ETF,avg_dollar_volume_30d_below_15m_usd,341761.69,39
HOOW,HOOW,Roundhill HOOD WeeklyPay ETF,avg_dollar_volume_30d_below_15m_usd,5580492.83,41
HOOX,HOOX,Defiance Daily Target 2X Long HOOD ETF,avg_dollar_volume_30d_below_15m_usd,3940600.87,41
HOOY,HOOY,YieldMax HOOD Option Income Strategy ETF,avg_dollar_volume_30d_below_15m_usd,3916677.39,41
HOOZ,HOOZ,Defiance Daily Target 2X Short HOOD ETF,avg_dollar_volume_30d_below_15m_usd,4013713.16,41
HOPE,HOPE,"Hope Bancorp, Inc. - Common Stock",avg_dollar_volume_30d_below_15m_usd,14418521.28,41
HOUR,HOUR,"Hour Loop, Inc. - common stock",avg_dollar_volume_30d_below_15m_usd,137198.75,41
HOVR,HOVR,New Horizon Aircraft Ltd. - Class A Ordinary Shares,avg_dollar_volume_30d_below_15m_usd,4680452.2,41
HOWL,HOWL,"Werewolf Therapeutics, Inc. - Common Stock",avg_dollar_volume_30d_below_15m_usd,278925.86,41
HOYY,HOYY,GraniteShares YieldBOOST HOOD ETF,avg_dollar_volume_30d_below_15m_usd,155943.85,41
HPAI,HPAI,Helport AI Limited - Ordinary Shares,avg_dollar_volume_30d_below_15m_usd,524068.48,41
HPEL,HPEL,Leverage Shares 2X Long HPE Daily ETF,avg_dollar_volume_30d_below_15m_usd,258488.83,12
HPK,HPK,"HighPeak Energy, Inc. - Common Stock",avg_dollar_volume_30d_below_15m_usd,5259345.04,41
HQGO,HQGO,Hartford US Quality Growth ETF,avg_dollar_volume_30d_below_15m_usd,99407.73,40
HQI,HQI,"HireQuest, Inc. - Common Stock",avg_dollar_volume_30d_below_15m_usd,236510.07,40
HRSK,HRSK,Toews Agility Shares Hedged Risk ETF,avg_dollar_volume_30d_below_15m_usd,1315976.67,16
HRTG,HRTG,"Heritage Insurance Holdings, Inc. Common Stock",avg_dollar_volume_30d_below_15m_usd,10781497.35,41
HRTS,HRTS,Tema Heart & Health ETF,avg_dollar_volume_30d_below_15m_usd,219867.28,40
HRTX,HRTX,"Heron Therapeutics, Inc.   - Common Stock",avg_dollar_volume_30d_below_15m_usd,1944818.14,41
HRZN,HRZN,Horizon Technology Finance Corporation - Common Stock,avg_dollar_volume_30d_below_15m_usd,3459725.02,41
HSBH,HSBH,HSBC Holdings plc ADRhedged,avg_dollar_volume_30d_below_15m_usd,385773.94,41
HSCS,HSCS,HeartSciences Inc. - Common Stock,avg_dollar_volume_30d_below_15m_usd,12959971.37,41
HSCZ,HSCZ,iShares Currency Hedged MSCI EAFE Small-Cap ETF,avg_dollar_volume_30d_below_15m_usd,1096205.84,41
HSDT,HSDT,Solana Company - Class A Common Stock,avg_dollar_volume_30d_below_15m_usd,645383.57,41
HSHP,HSHP,Himalaya Shipping Ltd. Common Shares,avg_dollar_volume_30d_below_15m_usd,4128536.38,41
HSLV,HSLV,Highlander Silver Corp. Common Shares,avg_dollar_volume_30d_below_15m_usd,2577537.54,41
HSMV,HSMV,First Trust Horizon Managed Volatility Small/Mid ETF,avg_dollar_volume_30d_below_15m_usd,136773.16,41
HSTM,HSTM,"HealthStream, Inc. - Common Stock",avg_dollar_volume_30d_below_15m_usd,5738685.35,41
HTAB,HTAB,Hartford Schroders Tax-Aware Bond ETF,avg_dollar_volume_30d_below_15m_usd,954014.5,41
HTAX,HTAX,Nomura National High-Yield Municipal Bond ETF,avg_dollar_volume_30d_below_15m_usd,84449.03,41
HTB,HTB,"HomeTrust Bancshares, Inc. Common Stock",avg_dollar_volume_30d_below_15m_usd,6073308.1,41
HTCO,HTCO,High-Trend International Group - Class A Ordinary Shares,avg_dollar_volume_30d_below_15m_usd,2831738.06,41
HTCR,HTCR,"Heartcore Enterprises, Inc. - Common Stock",avg_dollar_volume_30d_below_15m_usd,215489.35,41
HTEC,HTEC,ROBO Global Healthcare Technology and Innovation ETF,avg_dollar_volume_30d_below_15m_usd,773371.83,41
HTLD,HTLD,"Heartland Express, Inc. - Common Stock",avg_dollar_volume_30d_below_15m_usd,9646173.96,41
HTLM,HTLM,HomesToLife Ltd - Ordinary Shares,avg_dollar_volume_30d_below_15m_usd,17854.6,41
HTOO,HTOO,Fusion Fuel Green PLC - Ordinary Shares,avg_dollar_volume_30d_below_15m_usd,51681.64,41
HTRB,HTRB,Hartford Total Return Bond ETF,avg_dollar_volume_30d_below_15m_usd,8457443.85,41
HTUS,HTUS,Hull Tactical US ETF,avg_dollar_volume_30d_below_15m_usd,730076.72,41
HUDI,HUDI,"Huadi International Group Co., Ltd. - Ordinary Shares",avg_dollar_volume_30d_below_15m_usd,279299.36,41
HUHU,HUHU,HUHUTECH International Group Inc. - Ordinary Shares,avg_dollar_volume_30d_below_15m_usd,774365.45,41
HULL,HULL,Corgi Shipping & Global Logistics ETF,avg_dollar_volume_30d_below_15m_usd,52356.92,41
HUMA,HUMA,"Humacyte, Inc. - Common Stock",avg_dollar_volume_30d_below_15m_usd,13088663.04,41
HUMN,HUMN,Roundhill Humanoid Robotics ETF,avg_dollar_volume_30d_below_15m_usd,5358431.38,41
HURA,HURA,"TuHURA Biosciences, Inc. - Common Stock",avg_dollar_volume_30d_below_15m_usd,1432457.98,41
HURC,HURC,"Hurco Companies, Inc. - Common Stock",avg_dollar_volume_30d_below_15m_usd,923533.45,41
HUSV,HUSV,First Trust Horizon Managed Volatility Domestic ETF,avg_dollar_volume_30d_below_15m_usd,249802.7,41
HUTG,HUTG,Leverage Shares 2X Long HUT Daily ETF,avg_dollar_volume_30d_below_15m_usd,1495985.79,41
HVAC,HVAC,AdvisorShares HVAC and Industrials ETF,avg_dollar_volume_30d_below_15m_usd,478856.9,41
HVII,HVII,Hennessy Capital Investment Corp. VII - Ordinary Shares,avg_dollar_volume_30d_below_15m_usd,869434.73,41
HVMC,HVMC,Highview Merger Corp. - Class A Ordinary Share,avg_dollar_volume_30d_below_15m_usd,149936.61,40
HVT,HVT,"Haverty Furniture Companies, Inc. Common Stock",avg_dollar_volume_30d_below_15m_usd,2437287.79,41
HVT.A,HVT-A,"Haverty Furniture Companies, Inc. Common Stock",avg_dollar_volume_30d_below_15m_usd,50289.4,40
HWAY,HWAY,Themes US Infrastructure ETF,avg_dollar_volume_30d_below_15m_usd,28342.0,40
HWBK,HWBK,"Hawthorn Bancshares, Inc. - Common Stock",avg_dollar_volume_30d_below_15m_usd,550226.77,41
HWH,HWH,HWH International Inc. - Common Stock,avg_dollar_volume_30d_below_15m_usd,1817872.81,41
HWSM,HWSM,Hotchkis & Wiley SMID Cap Diversified Value Fund,avg_dollar_volume_30d_below_15m_usd,4624.58,40
HXHX,HXHX,Haoxin Holdings Limited - Class A Ordinary Shares,avg_dollar_volume_30d_below_15m_usd,2170319.61,41
HY,HY,"Hyster-Yale, Inc. Class A common stock",avg_dollar_volume_30d_below_15m_usd,3190158.77,41
HYBB,HYBB,iShares BB Rated Corporate Bond ETF,avg_dollar_volume_30d_below_15m_usd,1873413.44,41
HYBI,HYBI,NEOS Enhanced Income Credit Select ETF,avg_dollar_volume_30d_below_15m_usd,1700267.83,41
HYBL,HYBL,State Street Blackstone High Income ETF,avg_dollar_volume_30d_below_15m_usd,2762001.9,41
HYBX,HYBX,TCW High Yield Bond ETF,avg_dollar_volume_30d_below_15m_usd,58341.84,41
HYDB,HYDB,iShares High Yield Systematic Bond ETF,avg_dollar_volume_30d_below_15m_usd,7550740.0,41
HYDR,HYDR,Global X Hydrogen ETF,avg_dollar_volume_30d_below_15m_usd,5941760.37,41
HYDW,HYDW,Xtrackers Low Beta High Yield Bond ETF,avg_dollar_volume_30d_below_15m_usd,117339.03,41
HYEM,HYEM,VanEck Emerging Markets High Yield Bond ETF,avg_dollar_volume_30d_below_15m_usd,6732934.27,41
HYFI,HYFI,AB High Yield ETF,avg_dollar_volume_30d_below_15m_usd,2393921.08,41
HYFM,HYFM,"Hydrofarm Holdings Group, Inc. - Common Stock",avg_dollar_volume_30d_below_15m_usd,55320.57,41
HYFT,HYFT,MindWalk Holdings Corp. - Common Stock,avg_dollar_volume_30d_below_15m_usd,582431.1,41
HYGH,HYGH,iShares Interest Rate Hedged High Yield Bond ETF,avg_dollar_volume_30d_below_15m_usd,4198098.53,41
HYGM,HYGM,Amplify HYG High Yield 10% Target Income ETF,avg_dollar_volume_30d_below_15m_usd,13127.33,41
HYGV,HYGV,FlexShares High Yield Value-Scored Bond Index Fund,avg_dollar_volume_30d_below_15m_usd,4195732.11,41
HYGW,HYGW,iShares High Yield Corporate Bond BuyWrite Strategy ETF,avg_dollar_volume_30d_below_15m_usd,890542.45,41
HYHG,HYHG,ProShares High Yield Interest Rate Hedged,avg_dollar_volume_30d_below_15m_usd,978064.1,41
HYIN,HYIN,WisdomTree Private Credit and Alternative Income Fund,avg_dollar_volume_30d_below_15m_usd,312984.51,41
HYLS,HYLS,First Trust Tactical High Yield ETF,avg_dollar_volume_30d_below_15m_usd,8156915.56,41
HYNE,HYNE,"Hoyne Bancorp, Inc. - Common Stock",avg_dollar_volume_30d_below_15m_usd,350221.99,40
HYP,HYP,Golden Eagle Dynamic Hypergrowth ETF,avg_dollar_volume_30d_below_15m_usd,1893135.74,41
HYPD,HYPD,"Hyperion DeFi, Inc. - Common Stock",avg_dollar_volume_30d_below_15m_usd,2199011.92,41
HYPG,HYPG,Grayscale Hyperliquid Staking ETF,avg_dollar_volume_30d_below_15m_usd,2862451.91,25
HYPR,HYPR,"Hyperfine, Inc.  - Class A Common Stock",avg_dollar_volume_30d_below_15m_usd,1878590.47,41
HYS,HYS,PIMCO 0-5 Year High Yield Corporat Bond Index Exchange-Traded Fund,avg_dollar_volume_30d_below_15m_usd,10272243.42,41
HYSA,HYSA,BondBloxx USD High Yield Bond Sector Rotation ETF,avg_dollar_volume_30d_below_15m_usd,1542082.29,41
HYSD,HYSD,Columbia Short Duration High Yield ETF,avg_dollar_volume_30d_below_15m_usd,145208.48,41
HYTI,HYTI,FT Vest High Yield & Target Income ETF,avg_dollar_volume_30d_below_15m_usd,546252.7,41
HYTR,HYTR,Counterpoint High Yield Trend ETF,avg_dollar_volume_30d_below_15m_usd,1223246.77,41
HYUP,HYUP,Xtrackers High Beta High Yield Bond ETF,avg_dollar_volume_30d_below_15m_usd,210329.76,41
HYXF,HYXF,iShares ESG Advanced High Yield Corporate Bond ETF,avg_dollar_volume_30d_below_15m_usd,1283887.62,41
HYZD,HYZD,WisdomTree Interest Rate Hedged High Yield Bond Fund,avg_dollar_volume_30d_below_15m_usd,1853047.68,41
HZO,HZO,"MarineMax, Inc.  (FL) Common Stock",avg_dollar_volume_30d_below_15m_usd,9769455.06,41
IAK,IAK,iShares U.S. Insurance ETF,avg_dollar_volume_30d_below_15m_usd,10643221.63,41
IAPR,IAPR,Innovator International Developed Power Buffer ETF  April,avg_dollar_volume_30d_below_15m_usd,319058.06,41
IAT,IAT,iShares U.S. Regional Banks ETF,avg_dollar_volume_30d_below_15m_usd,10472378.94,41
IAUG,IAUG,Innovator International Developed Power Buffer ETF  August,avg_dollar_volume_30d_below_15m_usd,75263.51,41
IAUI,IAUI,NEOS Gold High Income ETF,avg_dollar_volume_30d_below_15m_usd,10305272.17,41
IAUX,IAUX,i-80 Gold Corp. Common Shares,avg_dollar_volume_30d_below_15m_usd,14189600.88,41
IBAT,IBAT,iShares Energy Storage & Materials ETF,avg_dollar_volume_30d_below_15m_usd,2231602.31,41
IBBQ,IBBQ,Invesco Nasdaq Biotechnology ETF,avg_dollar_volume_30d_below_15m_usd,840877.49,41
IBCA,IBCA,iShares iBonds Dec 2035 Term Corporate ETF,avg_dollar_volume_30d_below_15m_usd,2010832.68,41
IBCB,IBCB,iShares iBonds Dec 2036 Term Corporate ETF,avg_dollar_volume_30d_below_15m_usd,1103999.18,41
IBCP,IBCP,Independent Bank Corporation - Common Stock,avg_dollar_volume_30d_below_15m_usd,5861247.04,41
IBD,IBD,Inspire Corporate Bond ETF,avg_dollar_volume_30d_below_15m_usd,1578059.88,41
IBDS,IBDS,iShares iBonds Dec 2027 Term Corporate ETF,avg_dollar_volume_30d_below_15m_usd,14648825.15,41
IBDV,IBDV,iShares iBonds Dec 2030 Term Corporate ETF,avg_dollar_volume_30d_below_15m_usd,14722061.18,41
IBDW,IBDW,iShares iBonds Dec 2031 Term Corporate ETF,avg_dollar_volume_30d_below_15m_usd,13576697.79,41
IBDX,IBDX,iShares iBonds Dec 2032 Term Corporate ETF,avg_dollar_volume_30d_below_15m_usd,6314394.8,41
IBDY,IBDY,iShares iBonds Dec 2033 Term Corporate ETF,avg_dollar_volume_30d_below_15m_usd,7123770.27,41
IBDZ,IBDZ,iShares iBonds Dec 2034 Term Corporate ETF,avg_dollar_volume_30d_below_15m_usd,3669798.6,41
IBEX,IBEX,IBEX Limited - Common Share,avg_dollar_volume_30d_below_15m_usd,3457315.18,41
IBFR,IBFR,Innovator International Developed Managed 10 Buffer ETF,avg_dollar_volume_30d_below_15m_usd,68364.13,40
IBG,IBG,Innovation Beverage Group Limited - Ordinary Shares,avg_dollar_volume_30d_below_15m_usd,232490.9,41
IBGA,IBGA,iShares iBonds Dec 2044 Term Treasury ETF,avg_dollar_volume_30d_below_15m_usd,395050.11,41
IBGB,IBGB,iShares iBonds Dec 2045 Term Treasury ETF,avg_dollar_volume_30d_below_15m_usd,70634.62,41
IBGC,IBGC,iShares iBonds Dec 2046 Term Treasury ETF,avg_dollar_volume_30d_below_15m_usd,226767.27,40
IBGK,IBGK,iShares iBonds Dec 2054 Term Treasury ETF,avg_dollar_volume_30d_below_15m_usd,32263.47,40
IBGL,IBGL,iShares iBonds Dec 2055 Term Treasury ETF,avg_dollar_volume_30d_below_15m_usd,8553.26,40
IBGM,IBGM,iShares iBonds Dec 2056 Term Treasury ETF,avg_dollar_volume_30d_below_15m_usd,14587.2,40
IBHF,IBHF,iShares iBonds 2026 Term High Yield and Income ETF,avg_dollar_volume_30d_below_15m_usd,7567189.17,41
IBHG,IBHG,iShares iBonds 2027 Term High Yield and Income ETF,avg_dollar_volume_30d_below_15m_usd,5008377.65,41
IBHH,IBHH,iShares iBonds 2028 Term High Yield and Income ETF,avg_dollar_volume_30d_below_15m_usd,2594804.64,41
IBHI,IBHI,iShares iBonds 2029 Term High Yield and Income ETF,avg_dollar_volume_30d_below_15m_usd,3393942.4,41
IBHJ,IBHJ,iShares iBonds 2030 Term High Yield and Income ETF,avg_dollar_volume_30d_below_15m_usd,633696.39,41
IBHK,IBHK,iShares iBonds 2031 Term High Yield and Income ETF,avg_dollar_volume_30d_below_15m_usd,572682.87,41
IBHL,IBHL,iShares iBonds 2032 Term High Yield and Income ETF,avg_dollar_volume_30d_below_15m_usd,208333.99,41
IBHM,IBHM,iShares iBonds 2033 Term High Yield and Income ETF,avg_dollar_volume_30d_below_15m_usd,118454.96,41
IBIC,IBIC,iShares iBonds Oct 2026 Term TIPS ETF,avg_dollar_volume_30d_below_15m_usd,393274.45,41
IBID,IBID,iShares iBonds Oct 2027 Term TIPS ETF,avg_dollar_volume_30d_below_15m_usd,709873.38,41
IBIE,IBIE,iShares iBonds Oct 2028 Term TIPS ETF,avg_dollar_volume_30d_below_15m_usd,823832.33,41
IBIF,IBIF,iShares iBonds Oct 2029 Term TIPS ETF,avg_dollar_volume_30d_below_15m_usd,521159.14,41
IBIG,IBIG,iShares iBonds Oct 2030 Term TIPS ETF,avg_dollar_volume_30d_below_15m_usd,950082.87,41
IBIH,IBIH,iShares iBonds Oct 2031 Term TIPS ETF,avg_dollar_volume_30d_below_15m_usd,526125.72,41
IBII,IBII,iShares iBonds Oct 2032 Term TIPS ETF,avg_dollar_volume_30d_below_15m_usd,449471.97,41
IBIJ,IBIJ,iShares iBonds Oct 2033 Term TIPS ETF,avg_dollar_volume_30d_below_15m_usd,265828.03,41
IBIK,IBIK,iShares iBonds Oct 2034 Term TIPS ETF,avg_dollar_volume_30d_below_15m_usd,384168.57,41
IBIL,IBIL,iShares iBonds Oct 2035 Term TIPS ETF,avg_dollar_volume_30d_below_15m_usd,286682.41,41
IBIM,IBIM,iShares iBonds Oct 2036 Term TIPS ETF,avg_dollar_volume_30d_below_15m_usd,218197.35,41
IBIO,IBIO,"iBio, Inc. - Common Stock",avg_dollar_volume_30d_below_15m_usd,1601968.14,41
IBLC,IBLC,iShares Blockchain and Tech ETF,avg_dollar_volume_30d_below_15m_usd,896129.51,41
IBMO,IBMO,iShares iBonds Dec 2026 Term Muni Bond ETF,avg_dollar_volume_30d_below_15m_usd,1674018.49,41
IBMP,IBMP,iShares iBonds Dec 2027 Term Muni Bond ETF,avg_dollar_volume_30d_below_15m_usd,2038903.79,41
IBMQ,IBMQ,iShares iBonds Dec 2028 Term Muni Bond ETF,avg_dollar_volume_30d_below_15m_usd,1767735.78,41
IBMR,IBMR,iShares iBonds Dec 2029 Term Muni Bond ETF,avg_dollar_volume_30d_below_15m_usd,1632090.41,41
IBMS,IBMS,iShares iBonds Dec 2030 Term Muni Bond ETF,avg_dollar_volume_30d_below_15m_usd,1866730.15,41
IBMT,IBMT,iShares iBonds Dec 2031 Term Muni Bond ETF,avg_dollar_volume_30d_below_15m_usd,1403765.77,41
IBMU,IBMU,iShares iBonds Dec 2032 Term Muni Bond ETF,avg_dollar_volume_30d_below_15m_usd,278020.15,41
IBMV,IBMV,iShares iBonds Dec 2033 Term Muni Bond ETF,avg_dollar_volume_30d_below_15m_usd,188324.02,41
IBMW,IBMW,iShares iBonds Dec 2034 Term Muni Bond ETF,avg_dollar_volume_30d_below_15m_usd,61116.78,41
IBMX,IBMX,iShares iBonds Dec 2035 Term Muni Bond ETF,avg_dollar_volume_30d_below_15m_usd,65718.03,41
IBND,IBND,State Street SPDR Bloomberg International Corporate Bond ETF,avg_dollar_volume_30d_below_15m_usd,2300419.69,41
IBO,IBO,"Impact BioMedical, Inc. Common Stock",avg_dollar_volume_30d_below_15m_usd,41149.77,41
IBOT,IBOT,VanEck Robotics ETF,avg_dollar_volume_30d_below_15m_usd,1577395.94,41
IBRN,IBRN,iShares Neuroscience and Healthcare ETF,avg_dollar_volume_30d_below_15m_usd,108447.62,41
IBTA,IBTA,"Ibotta, Inc. Class A Common Stock",avg_dollar_volume_30d_below_15m_usd,5513541.86,41
IBTG,IBTG,iShares iBonds Dec 2026 Term Treasury ETF,avg_dollar_volume_30d_below_15m_usd,10403584.06,41
IBTH,IBTH,iShares iBonds Dec 2027 Term Treasury ETF,avg_dollar_volume_30d_below_15m_usd,11549282.97,41
IBTI,IBTI,iShares iBonds Dec 2028 Term Treasury ETF,avg_dollar_volume_30d_below_15m_usd,9497026.65,41
IBTJ,IBTJ,iShares iBonds Dec 2029 Term Treasury ETF,avg_dollar_volume_30d_below_15m_usd,6186185.3,41
IBTK,IBTK,iShares iBonds Dec 2030 Term Treasury ETF,avg_dollar_volume_30d_below_15m_usd,4133161.88,41
IBTL,IBTL,iShares iBonds Dec 2031 Term Treasury ETF,avg_dollar_volume_30d_below_15m_usd,4463992.45,41
IBTM,IBTM,iShares iBonds Dec 2032 Term Treasury ETF,avg_dollar_volume_30d_below_15m_usd,2790515.46,41
IBTO,IBTO,iShares iBonds Dec 2033 Term Treasury ETF,avg_dollar_volume_30d_below_15m_usd,1500100.73,41
IBTP,IBTP,iShares iBonds Dec 2034 Term Treasury ETF,avg_dollar_volume_30d_below_15m_usd,1399765.54,41
IBTQ,IBTQ,iShares iBonds Dec 2035 Term Treasury ETF,avg_dollar_volume_30d_below_15m_usd,1042117.03,41
IBTR,IBTR,iShares iBonds Dec 2036 Term Treasury ETF,avg_dollar_volume_30d_below_15m_usd,233645.46,41
IBUF,IBUF,Innovator International Developed 10 Buffer ETF - Quarterly,avg_dollar_volume_30d_below_15m_usd,573660.78,41
IBUY,IBUY,Amplify Online Retail ETF,avg_dollar_volume_30d_below_15m_usd,1033249.52,41
ICAP,ICAP,Infrastructure Capital Equity Income ETF,avg_dollar_volume_30d_below_15m_usd,1067922.77,41
ICCC,ICCC,ImmuCell Corporation - Common Stock,avg_dollar_volume_30d_below_15m_usd,276769.4,41
ICF,ICF,iShares Select U.S. REIT ETF,avg_dollar_volume_30d_below_15m_usd,9990282.92,41
ICL,ICL,ICL Group Ltd. Ordinary Shares,avg_dollar_volume_30d_below_15m_usd,8090445.04,41
ICLO,ICLO,Invesco AAA CLO Floating Rate Note ETF,avg_dollar_volume_30d_below_15m_usd,3289596.25,41
ICMB,ICMB,"Investcorp Credit Management BDC, Inc. - Common Stock",avg_dollar_volume_30d_below_15m_usd,154716.57,41
ICOI,ICOI,Bitwise COIN Option Income Strategy ETF,avg_dollar_volume_30d_below_15m_usd,629206.29,41
ICON,ICON,Icon Energy Corp. - Common stock,avg_dollar_volume_30d_below_15m_usd,638105.04,41
ICOP,ICOP,iShares Copper and Metals Mining ETF,avg_dollar_volume_30d_below_15m_usd,5785745.17,41
ICOW,ICOW,Pacer Developed Markets International Cash Cows 100 ETF,avg_dollar_volume_30d_below_15m_usd,9006096.06,41
ICPI,ICPI,iShares 0-1 Year TIPS Bond ETF,avg_dollar_volume_30d_below_15m_usd,269743.32,41
ICPY,ICPY,"Tweedy, Browne International Insider + Value ETF",avg_dollar_volume_30d_below_15m_usd,233753.09,40
ICRC,ICRC,Bitwise CRCL Option Income Strategy ETF,avg_dollar_volume_30d_below_15m_usd,9811.67,41
ICU,ICU,SeaStar Medical Holding Corporation - Common Stock,avg_dollar_volume_30d_below_15m_usd,420736.02,41
IDAI,IDAI,T Stamp Inc. - Class A Common Stock,avg_dollar_volume_30d_below_15m_usd,180355.19,41
IDEC,IDEC,Innovator International Developed Power Buffer ETF  December,avg_dollar_volume_30d_below_15m_usd,57663.52,41
IDEQ,IDEQ,Lazard International Dynamic Equity ETF,avg_dollar_volume_30d_below_15m_usd,12103107.59,41
IDGT,IDGT,iShares U.S. Digital Infrastructure and Real Estate ETF,avg_dollar_volume_30d_below_15m_usd,7055706.01,41
IDHQ,IDHQ,Invesco S&P International Developed Quality ETF,avg_dollar_volume_30d_below_15m_usd,6666949.1,41
IDJL,IDJL,Corgi International Developed Equities 15% Structured Buffer ETF - July Series,avg_dollar_volume_30d_below_15m_usd,199099.51,5
IDJN,IDJN,Corgi International Developed Equities 15% Structured Buffer ETF - June Series,avg_dollar_volume_30d_below_15m_usd,69740.55,26
IDLV,IDLV,Invesco S&P International Developed Low Volatility ETF,avg_dollar_volume_30d_below_15m_usd,960955.69,41
IDMY,IDMY,Corgi International Developed Equities 15% Structured Buffer ETF - May Series,avg_dollar_volume_30d_below_15m_usd,63465.94,41
IDN,IDN,"Intellicheck, Inc. - Common Stock",avg_dollar_volume_30d_below_15m_usd,1719579.39,41
IDNA,IDNA,iShares Genomics Immunology and Healthcare ETF,avg_dollar_volume_30d_below_15m_usd,1744979.83,41
IDOG,IDOG,ALPS International Sector Dividend Dogs ETF,avg_dollar_volume_30d_below_15m_usd,1259446.25,41
IDR,IDR,"Idaho Strategic Resources, Inc. Common Stock",avg_dollar_volume_30d_below_15m_usd,8790768.47,41
IDRV,IDRV,iShares Self-Driving EV and Tech ETF,avg_dollar_volume_30d_below_15m_usd,1383662.1,41
IDT,IDT,IDT Corporation Class B Common Stock,avg_dollar_volume_30d_below_15m_usd,12991624.6,41
IDU,IDU,iShares U.S. Utilities ETF,avg_dollar_volume_30d_below_15m_usd,13010364.31,41
IDUB,IDUB,Aptus International Enhanced Yield ETF,avg_dollar_volume_30d_below_15m_usd,880155.03,41
IDVO,IDVO,Amplify CWP International Enhanced Dividend Income ETF,avg_dollar_volume_30d_below_15m_usd,11209011.73,41
IDVY,IDVY,First Trust International Rising Dividend Achievers ETF,avg_dollar_volume_30d_below_15m_usd,5244.07,40
IDVZ,IDVZ,Polen International Dividend Income Fund,avg_dollar_volume_30d_below_15m_usd,1021980.52,41
IDX,IDX,VanEck Indonesia Index ETF,avg_dollar_volume_30d_below_15m_usd,633188.79,41
IDYN,IDYN,iShares International Equity Factor Rotation Active ETF,avg_dollar_volume_30d_below_15m_usd,185878.14,41
IEDI,IEDI,iShares U.S. Consumer Focused ETF,avg_dollar_volume_30d_below_15m_usd,159934.58,41
IEO,IEO,iShares U.S. Oil & Gas Exploration & Production ETF,avg_dollar_volume_30d_below_15m_usd,8582466.07,41
IETC,IETC,iShares U.S. Tech Independence Focused ETF,avg_dollar_volume_30d_below_15m_usd,5443740.16,41
IETH,IETH,Bitwise Ethereum Option Income Strategy ETF,avg_dollar_volume_30d_below_15m_usd,7258.17,41
IEUS,IEUS,iShares MSCI Europe Small-Cap ETF,avg_dollar_volume_30d_below_15m_usd,548212.68,41
IEV,IEV,iShares Europe ETF,avg_dollar_volume_30d_below_15m_usd,6597878.19,41
IFBD,IFBD,"Infobird Co., Ltd - Ordinary Shares",avg_dollar_volume_30d_below_15m_usd,172928.63,41
IFEB,IFEB,Innovator International Developed Power Buffer ETF  February,avg_dollar_volume_30d_below_15m_usd,201386.1,41
IFGL,IFGL,iShares International Developed Real Estate ETF,avg_dollar_volume_30d_below_15m_usd,231661.57,41
IFLN,IFLN,Invesco Bloomberg Enhanced Fallen Angels ETF,avg_dollar_volume_30d_below_15m_usd,773525.79,41
IFLO,IFLO,VictoryShares International Free Cash Flow ETF,avg_dollar_volume_30d_below_15m_usd,423080.85,41
IFLR,IFLR,Innovator International Developed Managed Floor ETF,avg_dollar_volume_30d_below_15m_usd,944148.67,40
IFRX,IFRX,InflaRx N.V. - Common Stock,avg_dollar_volume_30d_below_15m_usd,2623024.31,41
IFV,IFV,First Trust Dorsey Wright International Focus 5 ETF,avg_dollar_volume_30d_below_15m_usd,1806206.92,41
IG,IG,Principal Investment Grade Corporate Active ETF,avg_dollar_volume_30d_below_15m_usd,1141277.14,41
IGBH,IGBH,iShares Interest Rate Hedged Long-Term Corporate Bond ETF,avg_dollar_volume_30d_below_15m_usd,2077474.06,41
IGC,IGC,"IGC Pharma, Inc. Common Stock",avg_dollar_volume_30d_below_15m_usd,156351.02,41
IGCB,IGCB,TCW Corporate Bond ETF,avg_dollar_volume_30d_below_15m_usd,104217.48,41
IGE,IGE,iShares North American Natural Resources ETF,avg_dollar_volume_30d_below_15m_usd,11183972.41,41
IGGY,IGGY,AB International Growth ETF,avg_dollar_volume_30d_below_15m_usd,2860.93,41
IGHG,IGHG,ProShares Investment Grade-Interest Rate Hedged,avg_dollar_volume_30d_below_15m_usd,1422173.23,41
IGIC,IGIC,International General Insurance Holdings Ltd. - Ordinary Shares,avg_dollar_volume_30d_below_15m_usd,2130953.87,41
IGLD,IGLD,FT Vest Gold Strategy Target Income ETF,avg_dollar_volume_30d_below_15m_usd,8473039.8,41
IGME,IGME,Bitwise GME Option Income Strategy ETF,avg_dollar_volume_30d_below_15m_usd,17490.36,41
IGRO,IGRO,iShares International Dividend Growth ETF,avg_dollar_volume_30d_below_15m_usd,3742795.21,41
IGTR,IGTR,Innovator Gradient Tactical Rotation Strategy ETF,avg_dollar_volume_30d_below_15m_usd,1363118.12,41
IHAK,IHAK,iShares Cybersecurity and Tech ETF,avg_dollar_volume_30d_below_15m_usd,8853789.36,41
IHDG,IHDG,WisdomTree International Hedged Quality Dividend Growth Fund,avg_dollar_volume_30d_below_15m_usd,6892636.96,41
IHRT,IHRT,"iHeartMedia, Inc. - Class A Common Stock",avg_dollar_volume_30d_below_15m_usd,4986185.44,41
IHS,IHS,IHS Holding Limited Ordinary Shares,avg_dollar_volume_30d_below_15m_usd,11291452.86,41
IHY,IHY,VanEck International High Yield Bond ETF,avg_dollar_volume_30d_below_15m_usd,152868.0,41
IIGD,IIGD,Invesco Investment Grade Defensive ETF,avg_dollar_volume_30d_below_15m_usd,246389.07,41
III,III,"Information Services Group, Inc. - Common Stock",avg_dollar_volume_30d_below_15m_usd,1065511.04,41
IIIN,IIIN,"Insteel Industries, Inc. Common Stock",avg_dollar_volume_30d_below_15m_usd,11677261.63,41
IIIV,IIIV,"i3 Verticals, Inc. - Common Stock",avg_dollar_volume_30d_below_15m_usd,9848248.89,41
IINC,IINC,Alki Consolidated Income ETF,avg_dollar_volume_30d_below_15m_usd,1676157.21,10
IJAN,IJAN,Innovator International Developed Power Buffer ETF January,avg_dollar_volume_30d_below_15m_usd,565574.34,41
IJUL,IJUL,Innovator International Developed Power Buffer ETF  July,avg_dollar_volume_30d_below_15m_usd,1937308.39,41
IJUN,IJUN,Innovator International Developed Power Buffer ETF June,avg_dollar_volume_30d_below_15m_usd,2651860.21,41
IKT,IKT,"Inhibikase Therapeutics, Inc. - Common Stock",avg_dollar_volume_30d_below_15m_usd,1424899.35,41
ILAG,ILAG,Intelligent Living Application Group Inc. - Ordinary Shares,avg_dollar_volume_30d_below_15m_usd,480133.5,41
ILCB,ILCB,iShares Morningstar Large-Cap ETF,avg_dollar_volume_30d_below_15m_usd,1537438.12,41
ILCG,ILCG,iShares Morningstar Large-Cap Growth ETF,avg_dollar_volume_30d_below_15m_usd,10733487.9,41
ILCV,ILCV,iShares Morningstar Large-Cap  Value ETF,avg_dollar_volume_30d_below_15m_usd,2556308.47,41
ILDR,ILDR,First Trust Innovation Leaders ETF,avg_dollar_volume_30d_below_15m_usd,2129972.84,41
ILIT,ILIT,iShares Lithium Miners and Producers ETF,avg_dollar_volume_30d_below_15m_usd,613617.22,41
ILOW,ILOW,AB International Low Volatility Equity ETF,avg_dollar_volume_30d_below_15m_usd,2355612.82,41
ILS,ILS,Brookmont Catastrophic Bond ETF,avg_dollar_volume_30d_below_15m_usd,686457.06,41
ILTB,ILTB,iShares Core 10  Year USD Bond ETF,avg_dollar_volume_30d_below_15m_usd,3329592.75,41
IMA,IMA,"ImageneBio, Inc. - Common Stock",avg_dollar_volume_30d_below_15m_usd,74761.74,41
IMAR,IMAR,Innovator International Developed Power Buffer ETF  March,avg_dollar_volume_30d_below_15m_usd,1867828.67,41
IMAY,IMAY,Innovator International Developed Power Buffer ETF - May,avg_dollar_volume_30d_below_15m_usd,846496.46,41
IMCB,IMCB,iShares Morningstar Mid-Cap ETF,avg_dollar_volume_30d_below_15m_usd,3136510.47,41
IMCC,IMCC,IM Cannabis Corp. - Common Shares,avg_dollar_volume_30d_below_15m_usd,2004923.39,41
IMCG,IMCG,iShares Morningstar Mid-Cap Growth ETF,avg_dollar_volume_30d_below_15m_usd,9067861.31,41
IMCV,IMCV,iShares Morningstar Mid-Cap Value ETF,avg_dollar_volume_30d_below_15m_usd,2108035.12,41
IMDX,IMDX,Insight Molecular Diagnostics Inc. - Common Stock,avg_dollar_volume_30d_below_15m_usd,1416615.21,41
IMF,IMF,Invesco Managed Futures Strategy ETF,avg_dollar_volume_30d_below_15m_usd,616187.62,41
IMFL,IMFL,Invesco International Developed Dynamic Multifactor ETF,avg_dollar_volume_30d_below_15m_usd,1557522.75,41
IMKTA,IMKTA,"Ingles Markets, Incorporated - Class A Common Stock",avg_dollar_volume_30d_below_15m_usd,13094488.04,41
IMMR,IMMR,Immersion Corporation - Common Stock,avg_dollar_volume_30d_below_15m_usd,4185977.54,41
IMNN,IMNN,"Imunon, Inc. - Common Stock",avg_dollar_volume_30d_below_15m_usd,129535.64,41
IMOM,IMOM,Alpha Architect International Quantitative Momentum ETF,avg_dollar_volume_30d_below_15m_usd,653306.85,41
IMPP,IMPP,Imperial Petroleum Inc. - Common Shares,avg_dollar_volume_30d_below_15m_usd,1898289.73,41
IMRA,IMRA,Bitwise MARA Option Income Strategy ETF,avg_dollar_volume_30d_below_15m_usd,55512.0,41
IMRX,IMRX,Immuneering Corporation - Class A Common Stock,avg_dollar_volume_30d_below_15m_usd,9112581.32,41
IMST,IMST,Bitwise MSTR Option Income Strategy ETF,avg_dollar_volume_30d_below_15m_usd,333896.88,41
IMTB,IMTB,iShares Core 5-10 Year USD Bond ETF,avg_dollar_volume_30d_below_15m_usd,1224237.64,41
IMTE,IMTE,Integrated Media Technology Limited - Ordinary Shares,avg_dollar_volume_30d_below_15m_usd,79594.43,41
IMTG,IMTG,Invesco Agency MBS ETF,avg_dollar_volume_30d_below_15m_usd,4423.37,40
IMTX,IMTX,Immatics N.V. - Ordinary Shares,avg_dollar_volume_30d_below_15m_usd,4860004.25,41
IMUX,IMUX,"Immunic, Inc.  - Common Stock",avg_dollar_volume_30d_below_15m_usd,3098180.32,41
IMVP,IMVP,Invesco India ETF,avg_dollar_volume_30d_below_15m_usd,1069963.78,40
IMXI,IMXI,"International Money Express, Inc. - Common Stock",avg_dollar_volume_30d_below_15m_usd,6637651.59,41
INAB,INAB,"IN8bio, Inc. - Common Stock",avg_dollar_volume_30d_below_15m_usd,75528.79,41
INBK,INBK,First Internet Bancorp - Common Stock,avg_dollar_volume_30d_below_15m_usd,1013372.06,41
INBS,INBS,Intelligent Bio Solutions Inc.  - Common Stock,avg_dollar_volume_30d_below_15m_usd,124307.48,41
INCE,INCE,Franklin Income Equity Focus ETF,avg_dollar_volume_30d_below_15m_usd,1029671.26,41
INCM,INCM,Franklin Income Focus ETF,avg_dollar_volume_30d_below_15m_usd,11468736.64,41
INCO,INCO,Columbia India Consumer ETF,avg_dollar_volume_30d_below_15m_usd,2261399.22,41
INCR,INCR,Intercure Ltd. - ordinary shares,avg_dollar_volume_30d_below_15m_usd,82057.66,41
IND,IND,Xtrackers Nifty 500 India ETF,avg_dollar_volume_30d_below_15m_usd,25641.87,40
INDE,INDE,Matthews India Active ETF,avg_dollar_volume_30d_below_15m_usd,161372.68,41
INDH,INDH,WisdomTree India Hedged Equity Fund,avg_dollar_volume_30d_below_15m_usd,20719.76,40
INDL,INDL,Direxion Daily MSCI India Bull 2X ETF,avg_dollar_volume_30d_below_15m_usd,814782.44,41
INDO,INDO,Indonesia Energy Corporation Limited Ordinary Shares,avg_dollar_volume_30d_below_15m_usd,1529435.11,41
INDP,INDP,"Indaptus Therapeutics, Inc. - Common Stock",avg_dollar_volume_30d_below_15m_usd,8693485.42,41
INDQ,INDQ,Pacer ActiveAlpha India Quality ETF,avg_dollar_volume_30d_below_15m_usd,59621.63,40
INDS,INDS,Pacer Industrial Real Estate ETF,avg_dollar_volume_30d_below_15m_usd,373675.41,41
INDY,INDY,iShares India 50 ETF,avg_dollar_volume_30d_below_15m_usd,5435000.36,41
INDZ,INDZ,VanEck India Select ETF,avg_dollar_volume_30d_below_15m_usd,25440.06,41
INEO,INEO,INNEOVA Holdings Limited - Class A Ordinary Shares,avg_dollar_volume_30d_below_15m_usd,54933.45,41
INEQ,INEQ,Columbia International Equity Income ETF,avg_dollar_volume_30d_below_15m_usd,740448.91,41
INFH,INFH,Defiance Daily Target 2X Long INFQ ETF,avg_dollar_volume_30d_below_15m_usd,3368875.75,23
INFL,INFL,Horizon Kinetics Inflation Beneficiaries ETF,avg_dollar_volume_30d_below_15m_usd,13641111.57,41
INFO,INFO,Harbor PanAgora Dynamic Large Cap Core ETF,avg_dollar_volume_30d_below_15m_usd,708557.26,41
INFU,INFU,"InfuSystems Holdings, Inc. Common Stock",avg_dollar_volume_30d_below_15m_usd,2277683.36,41
INGN,INGN,"Inogen, Inc - Common Stock",avg_dollar_volume_30d_below_15m_usd,1971084.89,41
INKM,INKM,State Street Income Allocation ETF,avg_dollar_volume_30d_below_15m_usd,124294.9,41
INKT,INKT,"MiNK Therapeutics, Inc. - Common Stock",avg_dollar_volume_30d_below_15m_usd,406346.12,41
INLF,INLF,INLIF LIMITED - Class A Ordinary shares,avg_dollar_volume_30d_below_15m_usd,12529965.74,41
INLX,INLX,"Intellinetics, Inc. Common Stock",avg_dollar_volume_30d_below_15m_usd,33420.17,40
INM,INM,InMed Pharmaceuticals Inc. - Common Shares,avg_dollar_volume_30d_below_15m_usd,121748.58,41
INMB,INMB,INmune Bio Inc. - Common stock,avg_dollar_volume_30d_below_15m_usd,1453620.74,41
INMD,INMD,InMode Ltd.  - Ordinary Shares,avg_dollar_volume_30d_below_15m_usd,10513765.87,41
INMU,INMU,iShares Intermediate Muni Income Active ETF,avg_dollar_volume_30d_below_15m_usd,3836992.95,41
INN,INN,"Summit Hotel Properties, Inc. Common Stock",avg_dollar_volume_30d_below_15m_usd,13876373.75,41
INNV,INNV,InnovAge Holding Corp. - Common Stock,avg_dollar_volume_30d_below_15m_usd,4129134.2,41
INO,INO,"Inovio Pharmaceuticals, Inc. - Common Stock",avg_dollar_volume_30d_below_15m_usd,1764888.78,41
INOV,INOV,Innovator International Developed Power Buffer ETF  November,avg_dollar_volume_30d_below_15m_usd,92997.84,41
INQQ,INQQ,INQQ The India Internet ETF,avg_dollar_volume_30d_below_15m_usd,464945.25,41
INR,INR,"Infinity Natural Resources, Inc. Class A Common Stock",avg_dollar_volume_30d_below_15m_usd,5611096.85,41
INRO,INRO,iShares U.S. Industry Rotation Active ETF,avg_dollar_volume_30d_below_15m_usd,99853.51,40
INSE,INSE,"Inspired Entertainment, Inc. - Common Stock",avg_dollar_volume_30d_below_15m_usd,1144548.04,41
INSG,INSG,Inseego Corp. - Common Stock,avg_dollar_volume_30d_below_15m_usd,4156767.66,41
INTF,INTF,iShares International Equity Factor ETF,avg_dollar_volume_30d_below_15m_usd,11042678.54,41
INTG,INTG,The Intergroup Corporation - Common Stock,avg_dollar_volume_30d_below_15m_usd,3280902.39,41
INTJ,INTJ,Intelligent Group Limited - Class A Ordinary Shares,avg_dollar_volume_30d_below_15m_usd,276299.17,41
INTL,INTL,Main International ETF,avg_dollar_volume_30d_below_15m_usd,809433.55,41
INTM,INTM,Invesco Intermediate Municipal ETF,avg_dollar_volume_30d_below_15m_usd,58664.2,41
INTS,INTS,"Intensity Therapeutics, Inc. - Common Stock",avg_dollar_volume_30d_below_15m_usd,231065.04,41
INTT,INTT,inTest Corporation Common Stock,avg_dollar_volume_30d_below_15m_usd,4634467.39,41
INTZ,INTZ,Intrusion Inc. - Common Stock,avg_dollar_volume_30d_below_15m_usd,3593639.0,41
INV,INV,"Innventure, Inc. - Common Stock",avg_dollar_volume_30d_below_15m_usd,12702390.39,41
INVE,INVE,"Identiv, Inc. - Common Stock",avg_dollar_volume_30d_below_15m_usd,731964.92,41
INVG,INVG,GMO Systematic Investment Grade Credit ETF,avg_dollar_volume_30d_below_15m_usd,182915.74,41
INVN,INVN,Alger Russell Innovation ETF,avg_dollar_volume_30d_below_15m_usd,67876.91,41
INVX,INVX,"Innovex International, Inc. Common Stock",avg_dollar_volume_30d_below_15m_usd,11867018.75,41
INVZ,INVZ,Innoviz Technologies Ltd. - Ordinary shares,avg_dollar_volume_30d_below_15m_usd,2014389.01,41
INYY,INYY,YieldMax INTC Option Income Strategy ETF,avg_dollar_volume_30d_below_15m_usd,1743177.35,25
IOCT,IOCT,Innovator International Developed Power Buffer ETF - October,avg_dollar_volume_30d_below_15m_usd,425589.66,41
ION,ION,ProShares S&P Global Core Battery Metals ETF,avg_dollar_volume_30d_below_15m_usd,208039.46,41
IONC,IONC,Corgi IONQ 2x Daily ETF,avg_dollar_volume_30d_below_15m_usd,40646.07,7
IOPP,IOPP,Simplify Tara India Opportunities ETF,avg_dollar_volume_30d_below_15m_usd,71935.8,41
IOR,IOR,"Income Opportunity Realty Investors, Inc. Common Stock",avg_dollar_volume_30d_below_15m_usd,36666.58,41
IOSX,IOSX,Corgi AAPL 2x Daily ETF,avg_dollar_volume_30d_below_15m_usd,37346.24,7
IOTR,IOTR,iOThree Limited - Ordinary Shares,avg_dollar_volume_30d_below_15m_usd,8445030.26,41
IOYY,IOYY,GraniteShares YieldBOOST IONQ ETF,avg_dollar_volume_30d_below_15m_usd,380500.15,41
IPAC,IPAC,iShares Core MSCI Pacific ETF,avg_dollar_volume_30d_below_15m_usd,8601419.51,41
IPAV,IPAV,Global X Infrastructure Development ex-U.S. ETF,avg_dollar_volume_30d_below_15m_usd,71376.82,41
IPAY,IPAY,Amplify Digital Payments ETF,avg_dollar_volume_30d_below_15m_usd,1845132.37,41
IPB,IPB,"Merrill Lynch & Co., Inc. 6.0518% Index Plus Trust Certificates Series 2003-1",avg_dollar_volume_30d_below_15m_usd,13941.23,40
IPDN,IPDN,"Professional Diversity Network, Inc. - Common Stock",avg_dollar_volume_30d_below_15m_usd,51026.27,40
IPI,IPI,"Intrepid Potash, Inc Common Stock",avg_dollar_volume_30d_below_15m_usd,8212115.02,41
IPKW,IPKW,Invesco International BuyBack Achievers ETF,avg_dollar_volume_30d_below_15m_usd,2450059.43,41
IPM,IPM,Intelligent Protection Management Corp.  - Common Stock,avg_dollar_volume_30d_below_15m_usd,52808.94,41
IPO,IPO,Renaissance IPO ETF,avg_dollar_volume_30d_below_15m_usd,3255378.9,41
IPOS,IPOS,Renaissance Capital Greenwich Fund,avg_dollar_volume_30d_below_15m_usd,127757.8,41
IPSC,IPSC,"Century Therapeutics, Inc. - Common Stock",avg_dollar_volume_30d_below_15m_usd,3990080.31,41
IPST,IPST,"IP Strategy Holdings, Inc. - Common Stock",avg_dollar_volume_30d_below_15m_usd,216690.48,41
IPW,IPW,iPower Inc. - Common Stock,avg_dollar_volume_30d_below_15m_usd,2035955.36,41
IPWR,IPWR,Ideal Power Inc. - Common Stock,avg_dollar_volume_30d_below_15m_usd,6530840.18,41
IQDF,IQDF,FlexShares International Quality Dividend Index Fund,avg_dollar_volume_30d_below_15m_usd,2413167.39,41
IQDG,IQDG,WisdomTree International Quality Dividend Growth Fund,avg_dollar_volume_30d_below_15m_usd,2368953.96,41
IQDY,IQDY,FlexShares International Quality Dividend Dynamic Index Fund,avg_dollar_volume_30d_below_15m_usd,386274.27,41
IQHI,IQHI,NYLI MacKay High Income ETF,avg_dollar_volume_30d_below_15m_usd,55617.35,40
IQM,IQM,Franklin Intelligent Machines ETF,avg_dollar_volume_30d_below_15m_usd,1245652.33,41
IQQ,IQQ,iShares Nasdaq 100 ETF,avg_dollar_volume_30d_below_15m_usd,11824445.86,1
IQQQ,IQQQ,ProShares Nasdaq-100 High Income ETF,avg_dollar_volume_30d_below_15m_usd,3265913.62,41
IQRA,IQRA,NYLI CBRE Real Assets ETF,avg_dollar_volume_30d_below_15m_usd,3324.55,41
IQSI,IQSI,NYLI Candriam International Equity ETF,avg_dollar_volume_30d_below_15m_usd,706323.33,41
IQSM,IQSM,NYLI Candriam U.S. Mid Cap Equity ETF,avg_dollar_volume_30d_below_15m_usd,153121.02,41
IQST,IQST,iQSTEL Inc. - Common Stock,avg_dollar_volume_30d_below_15m_usd,6833655.29,41
IQSU,IQSU,NYLI Candriam U.S. Large Cap Equity ETF,avg_dollar_volume_30d_below_15m_usd,252372.83,41
IQSZ,IQSZ,Invesco Global Equity Net Zero ETF,avg_dollar_volume_30d_below_15m_usd,7469.59,41
IRD,IRD,"Opus Genetics, Inc. - Common Stock",avg_dollar_volume_30d_below_15m_usd,4315926.95,41
IREG,IREG,Leverage Shares 2X Long IREN Daily ETF,avg_dollar_volume_30d_below_15m_usd,9152107.82,41
IRIX,IRIX,IRIDEX Corporation - Common Stock,avg_dollar_volume_30d_below_15m_usd,58596.47,41
IRMD,IRMD,iRadimed Corporation - Common Stock,avg_dollar_volume_30d_below_15m_usd,13429780.8,41
IROC,IROC,Invesco Rochester High Yield Municipal ETF,avg_dollar_volume_30d_below_15m_usd,446586.83,41
IRTR,IRTR,iShares LifePath Retirement ETF,avg_dollar_volume_30d_below_15m_usd,521060.17,41
IRVH,IRVH,Global X Interest Rate Volatility & Inflation Hedge ETF,avg_dollar_volume_30d_below_15m_usd,6857.73,41
IRWD,IRWD,"Ironwood Pharmaceuticals, Inc. - Class A Common Stock",avg_dollar_volume_30d_below_15m_usd,9534693.7,41
ISBA,ISBA,Isabella Bank Corporation - Common stock,avg_dollar_volume_30d_below_15m_usd,3071610.14,41
ISBG,ISBG,IncomeSTKd 1x Bitcoin & 1x Gold Premium ETF,avg_dollar_volume_30d_below_15m_usd,159433.43,41
ISCB,ISCB,iShares Morningstar Small-Cap ETF,avg_dollar_volume_30d_below_15m_usd,279400.01,41
ISCF,ISCF,iShares International Small-Cap Equity Factor ETF,avg_dollar_volume_30d_below_15m_usd,2790184.86,41
ISCG,ISCG,iShares Morningstar Small-Cap Growth ETF,avg_dollar_volume_30d_below_15m_usd,2246150.08,41
ISCV,ISCV,iShares Morningstar Small-Cap Value ETF,avg_dollar_volume_30d_below_15m_usd,1054547.45,41
ISEP,ISEP,Innovator International Developed Power Buffer ETF  September,avg_dollar_volume_30d_below_15m_usd,991180.85,41
ISHG,ISHG,iShares 1-3 Year International Treasury Bond ETF,avg_dollar_volume_30d_below_15m_usd,8341541.55,41
ISHP,ISHP,First Trust S-Network E-Commerce ETF,avg_dollar_volume_30d_below_15m_usd,4286.64,40
ISMD,ISMD,Inspire Small/Mid Cap ETF,avg_dollar_volume_30d_below_15m_usd,1765909.03,41
ISMF,ISMF,iShares Managed Futures Active ETF,avg_dollar_volume_30d_below_15m_usd,212323.37,41
ISOU,ISOU,IsoEnergy Ltd. Common Shares,avg_dollar_volume_30d_below_15m_usd,1480450.72,41
ISPC,ISPC,iSpecimen Inc. - Common Stock,avg_dollar_volume_30d_below_15m_usd,522132.55,41
ISPR,ISPR,Ispire Technology Inc. - Common Stock,avg_dollar_volume_30d_below_15m_usd,276210.96,41
ISPY,ISPY,ProShares S&P 500 High Income ETF,avg_dollar_volume_30d_below_15m_usd,5127477.66,41
ISRA,ISRA,VanEck Israel ETF,avg_dollar_volume_30d_below_15m_usd,414549.54,41
ISSB,ISSB,IncomeSTKd 1x US Stocks & 1x Bitcoin Premium ETF,avg_dollar_volume_30d_below_15m_usd,71120.44,41
ISSC,ISSC,"Innovative Solutions and Support, Inc. - Common Stock",avg_dollar_volume_30d_below_15m_usd,7491326.12,41
ISTM,ISTM,iShares Strategic Metals ETF,avg_dollar_volume_30d_below_15m_usd,162240.41,41
ISTR,ISTR,Investar Holding Corporation - Common Stock,avg_dollar_volume_30d_below_15m_usd,5884405.03,41
ISUL,ISUL,GraniteShares 2x Long ISRG Daily ETF,avg_dollar_volume_30d_below_15m_usd,1024374.9,41
ISVL,ISVL,iShares International Developed Small Cap Value Factor ETF,avg_dollar_volume_30d_below_15m_usd,1088466.94,41
ISWN,ISWN,Amplify BlackSwan ISWN ETF,avg_dollar_volume_30d_below_15m_usd,43356.11,41
ITAN,ITAN,Sparkline Intangible Value ETF,avg_dollar_volume_30d_below_15m_usd,352777.99,41
ITDB,ITDB,iShares LifePath Target Date 2030 ETF,avg_dollar_volume_30d_below_15m_usd,541461.33,41
ITDC,ITDC,iShares LifePath Target Date 2035 ETF,avg_dollar_volume_30d_below_15m_usd,789077.3,41
ITDD,ITDD,iShares LifePath Target Date 2040 ETF,avg_dollar_volume_30d_below_15m_usd,641519.89,41
ITDE,ITDE,iShares LifePath Target Date 2045 ETF,avg_dollar_volume_30d_below_15m_usd,528840.18,41
ITDF,ITDF,iShares LifePath Target Date 2050 ETF,avg_dollar_volume_30d_below_15m_usd,539349.83,41
ITDG,ITDG,iShares LifePath Target Date 2055 ETF,avg_dollar_volume_30d_below_15m_usd,335871.87,41
ITDH,ITDH,iShares LifePath Target Date 2060 ETF,avg_dollar_volume_30d_below_15m_usd,227431.0,41
ITDI,ITDI,iShares LifePath Target Date 2065 ETF,avg_dollar_volume_30d_below_15m_usd,122303.09,41
ITDJ,ITDJ,iShares LifePath Target Date 2070 ETF,avg_dollar_volume_30d_below_15m_usd,176418.59,41
ITEQ,ITEQ,Amplify BlueStar Israel Technology ETF,avg_dollar_volume_30d_below_15m_usd,283363.87,41
ITG,ITG,"ITG, Inc. - Class A Common Stock",avg_dollar_volume_30d_below_15m_usd,467228.88,1
ITIC,ITIC,Investors Title Company - Common Stock,avg_dollar_volume_30d_below_15m_usd,14148169.19,41
ITM,ITM,VanEck Intermediate Muni ETF,avg_dollar_volume_30d_below_15m_usd,8893456.24,41
ITOC,ITOC,iTonic Holdings Ltd - Class A Ordinary Shares,avg_dollar_volume_30d_below_15m_usd,766957.18,41
ITP,ITP,"IT Tech Packaging, Inc. Common Stock",avg_dollar_volume_30d_below_15m_usd,216453.59,41
ITRG,ITRG,Integra Resources Corp. Common Shares,avg_dollar_volume_30d_below_15m_usd,8951101.08,41
ITRN,ITRN,Ituran Location and Control Ltd. - Ordinary Shares,avg_dollar_volume_30d_below_15m_usd,10070286.18,41
ITWO,ITWO,ProShares Russell 2000 High Income ETF,avg_dollar_volume_30d_below_15m_usd,1504822.25,41
IUS,IUS,Invesco RAFI Strategic US ETF,avg_dollar_volume_30d_below_15m_usd,3660849.17,41
IVAL,IVAL,Alpha Architect International Quantitative Value ETF,avg_dollar_volume_30d_below_15m_usd,831015.18,41
IVDA,IVDA,"Iveda Solutions, Inc. - Common Stock",avg_dollar_volume_30d_below_15m_usd,6976120.12,41
IVEP,IVEP,Dan IVES Wedbush AI Power & Infrastructure ETF,avg_dollar_volume_30d_below_15m_usd,790639.39,41
IVF,IVF,"INVO Fertility, Inc. - Common Stock",avg_dollar_volume_30d_below_15m_usd,11167574.63,41
IVOG,IVOG,Vanguard S&P Mid-Cap 400 Growth ETF,avg_dollar_volume_30d_below_15m_usd,2994880.99,41
IVOL,IVOL,Quadratic Interest Rate Volatility and Inflation Hedge ETF,avg_dollar_volume_30d_below_15m_usd,2303598.11,41
IVOO,IVOO,Vanguard S&P Mid-Cap 400 ETF,avg_dollar_volume_30d_below_15m_usd,10502430.82,41
IVOV,IVOV,Vanguard S&P Mid-Cap 400 Value ETF,avg_dollar_volume_30d_below_15m_usd,1596256.99,41
IVRS,IVRS,iShares Future Metaverse Tech and Communications ETF,avg_dollar_volume_30d_below_15m_usd,16095.82,41
IVSI,IVSI,Applied Finance IVS International Large ETF,avg_dollar_volume_30d_below_15m_usd,35233.98,40
IVSS,IVSS,Applied Finance IVS US SMID ETF,avg_dollar_volume_30d_below_15m_usd,98172.25,41
IVSX,IVSX,Applied Finance IVS International SMID ETF,avg_dollar_volume_30d_below_15m_usd,12262.97,40
IVVB,IVVB,iShares Large Cap Deep Quarterly Laddered ETF,avg_dollar_volume_30d_below_15m_usd,1012507.16,41
IVVD,IVVD,"Invivyd, Inc. - Common Stock",avg_dollar_volume_30d_below_15m_usd,5430842.9,41
IVVM,IVVM,iShares Large Cap Moderate Quarterly Laddered ETF,avg_dollar_volume_30d_below_15m_usd,744290.82,41
IVVW,IVVW,iShares S&P 500 BuyWrite ETF,avg_dollar_volume_30d_below_15m_usd,3055797.98,41
IWFG,IWFG,NYLI Winslow Focused Large Cap Growth ETF,avg_dollar_volume_30d_below_15m_usd,75447.53,41
IWL,IWL,iShares Russell Top 200 ETF,avg_dollar_volume_30d_below_15m_usd,9254730.67,41
IWLG,IWLG,NYLI Winslow Large Cap Growth ETF,avg_dollar_volume_30d_below_15m_usd,926550.77,41
IWMW,IWMW,iShares Russell 2000 BuyWrite ETF,avg_dollar_volume_30d_below_15m_usd,585646.42,41
IWMY,IWMY,Defiance R2000 Weekly Distribution ETF,avg_dollar_volume_30d_below_15m_usd,1110874.12,41
IXG,IXG,iShares Global Financial ETF,avg_dollar_volume_30d_below_15m_usd,5245726.03,41
IXHL,IXHL,Incannex Healthcare Inc. - Common Stock,avg_dollar_volume_30d_below_15m_usd,1074239.33,41
IXP,IXP,iShares Global Comm Services ETF,avg_dollar_volume_30d_below_15m_usd,3635999.04,41
IYC,IYC,iShares U.S. Consumer Discretionary ETF,avg_dollar_volume_30d_below_15m_usd,12445406.2,41
IYG,IYG,iShares U.S. Financial Services ETF,avg_dollar_volume_30d_below_15m_usd,7929430.63,41
IYJ,IYJ,iShares U.S. Industrials ETF,avg_dollar_volume_30d_below_15m_usd,13613768.93,41
IYLD,IYLD,iShares Morningstar Multi-Asset Income ETF,avg_dollar_volume_30d_below_15m_usd,372386.92,41
IYRI,IYRI,NEOS Real Estate High Income ETF,avg_dollar_volume_30d_below_15m_usd,3699617.74,41
IYY,IYY,iShares Dow Jones U.S. ETF,avg_dollar_volume_30d_below_15m_usd,4312722.61,41
IZEA,IZEA,"IZEA Worldwide, Inc. - Common Stock",avg_dollar_volume_30d_below_15m_usd,168110.87,41
IZM,IZM,ICZOOM Group Inc. - Class A Ordinary Shares,avg_dollar_volume_30d_below_15m_usd,967303.69,41
IZRL,IZRL,ARK Israel Innovative Technology ETF,avg_dollar_volume_30d_below_15m_usd,377649.62,41
JA,JA,Janus Henderson AA-A CLO ETF,avg_dollar_volume_30d_below_15m_usd,648746.24,41
JABS,JABS,Janus Henderson Asset-Backed Securities ETF,avg_dollar_volume_30d_below_15m_usd,92366.46,41
JADB,JADB,Aptus January Deep Buffer ETF,avg_dollar_volume_30d_below_15m_usd,8688.57,41
JADE,JADE,JPMorgan Active Developing Markets Equity ETF,avg_dollar_volume_30d_below_15m_usd,277555.71,41
JAGU,JAGU,Jaguar Uranium Corp. Class A Common Shares,avg_dollar_volume_30d_below_15m_usd,270177.79,41
JAGX,JAGX,"Jaguar Health, Inc. - Common Stock",avg_dollar_volume_30d_below_15m_usd,208042.45,41
JAJL,JAJL,Innovator Equity Defined Protection ETF - 6mo Jan/Jul,avg_dollar_volume_30d_below_15m_usd,1798264.96,41
JAKK,JAKK,"JAKKS Pacific, Inc. - Common Stock",avg_dollar_volume_30d_below_15m_usd,1231899.0,41
JANB,JANB,Aptus January Buffer ETF,avg_dollar_volume_30d_below_15m_usd,1053982.64,41
JANH,JANH,Innovator Premium Income 20 Barrier ETF - January,avg_dollar_volume_30d_below_15m_usd,161790.28,41
JANI,JANI,AllianzIM International Equity Buffer15 Uncapped Jan ETF,avg_dollar_volume_30d_below_15m_usd,361744.48,41
JANJ,JANJ,Innovator Premium Income 30 Barrier ETF - January,avg_dollar_volume_30d_below_15m_usd,48288.13,40
JANM,JANM,FT Vest U.S. Equity Max Buffer ETF - January,avg_dollar_volume_30d_below_15m_usd,45807.02,41
JANP,JANP,PGIM S&P 500 Buffer 12 ETF - January,avg_dollar_volume_30d_below_15m_usd,160509.4,41
JANT,JANT,AllianzIM U.S. Large Cap Buffer10 Jan ETF,avg_dollar_volume_30d_below_15m_usd,568122.57,41
JANU,JANU,AllianzIM U.S. Equity Buffer15 Uncapped Jan ETF,avg_dollar_volume_30d_below_15m_usd,446964.95,41
JANW,JANW,AllianzIM U.S. Large Cap Buffer20 Jan ETF,avg_dollar_volume_30d_below_15m_usd,948518.97,41
JANZ,JANZ,TrueShares Structured Outcome (January) ETF,avg_dollar_volume_30d_below_15m_usd,183021.1,41
JAPN,JAPN,Horizon Kinetics Japan Owner Operator ETF,avg_dollar_volume_30d_below_15m_usd,105588.79,41
JBDI,JBDI,JBDI Holdings Limited - Ordinary Shares,avg_dollar_volume_30d_below_15m_usd,109967.19,41
JBGS,JBGS,JBG SMITH Properties Common Shares ,avg_dollar_volume_30d_below_15m_usd,8142872.3,41
JBI,JBI,"Janus International Group, Inc. Common Stock",avg_dollar_volume_30d_below_15m_usd,10058379.08,41
JBLG,JBLG,Leverage Shares 2X Long JBL Daily ETF,avg_dollar_volume_30d_below_15m_usd,1374.69,3
JBSS,JBSS,"John B. Sanfilippo & Son, Inc. - Common Stock",avg_dollar_volume_30d_below_15m_usd,10163396.14,41
JCAL,JCAL,JPMorgan California Tax Free Bond ETF,avg_dollar_volume_30d_below_15m_usd,1243568.19,17
JCAP,JCAP,"Jefferson Capital, Inc. - Common Stock",avg_dollar_volume_30d_below_15m_usd,5629954.02,41
JCHI,JCHI,JPMorgan Active China ETF,avg_dollar_volume_30d_below_15m_usd,29328.3,41
JCPI,JCPI,JPMorgan Inflation Managed Bond ETF,avg_dollar_volume_30d_below_15m_usd,2234741.58,41
JCSE,JCSE,JE Cleantech Holdings Limited - Ordinary Shares,avg_dollar_volume_30d_below_15m_usd,37712.1,41
JCTC,JCTC,Jewett-Cameron Trading Company - Common Shares,avg_dollar_volume_30d_below_15m_usd,72870.06,41
JDIV,JDIV,JPMorgan Dividend Leaders ETF,avg_dollar_volume_30d_below_15m_usd,106130.66,41
JDOC,JDOC,JPMorgan Healthcare Leaders ETF,avg_dollar_volume_30d_below_15m_usd,22643.26,40
JDVI,JDVI,John Hancock Disciplined Value International Select ETF,avg_dollar_volume_30d_below_15m_usd,411656.82,41
JDVL,JDVL,John Hancock Disciplined Value Select ETF,avg_dollar_volume_30d_below_15m_usd,2534892.2,41
JDZG,JDZG,JIADE LIMITED - Class A Ordinary Shares,avg_dollar_volume_30d_below_15m_usd,4829722.26,40
JEDI,JEDI,Defiance Drone and Modern Warfare ETF,avg_dollar_volume_30d_below_15m_usd,10808025.41,41
JELD,JELD,"JELD-WEN Holding, Inc. Common Stock",avg_dollar_volume_30d_below_15m_usd,3365353.74,41
JELH,JELH,Janus Henderson Equity Linked High Income ETF,avg_dollar_volume_30d_below_15m_usd,214313.39,41
JELM,JELM,Janus Henderson Equity Linked Moderate Income ETF,avg_dollar_volume_30d_below_15m_usd,1650555.93,41
JEMA,JEMA,JPMorgan ActiveBuilders Emerging Markets Equity ETF,avg_dollar_volume_30d_below_15m_usd,9303713.89,41
JEMB,JEMB,Janus Henderson Emerging Markets Debt Hard Currency ETF,avg_dollar_volume_30d_below_15m_usd,5303853.05,41
JFB,JFB,JFB Construction Holdings - Class A Common Stock,avg_dollar_volume_30d_below_15m_usd,3372306.31,41
JFLI,JFLI,JPMorgan Flexible Income ETF,avg_dollar_volume_30d_below_15m_usd,292405.49,41
JFLX,JFLX,JPMorgan Flexible Debt ETF,avg_dollar_volume_30d_below_15m_usd,5109145.55,41
JGRW,JGRW,Jensen Quality Growth ETF,avg_dollar_volume_30d_below_15m_usd,298292.7,41
JHAC,JHAC,John Hancock Fundamental All Cap Core ETF,avg_dollar_volume_30d_below_15m_usd,11832.25,41
JHAI,JHAI,Janus Henderson Global Artificial Intelligence ETF,avg_dollar_volume_30d_below_15m_usd,270230.54,41
JHCB,JHCB,John Hancock Corporate Bond ETF,avg_dollar_volume_30d_below_15m_usd,295383.21,41
JHCP,JHCP,John Hancock Core Plus Bond ETF,avg_dollar_volume_30d_below_15m_usd,1191478.84,41
JHCR,JHCR,John Hancock Core Bond ETF,avg_dollar_volume_30d_below_15m_usd,4809791.95,41
JHDG,JHDG,John Hancock Hedged Equity ETF,avg_dollar_volume_30d_below_15m_usd,634673.97,41
JHDV,JHDV,John Hancock U.S. High Dividend ETF,avg_dollar_volume_30d_below_15m_usd,55377.04,41
JHEM,JHEM,John Hancock Multifactor Emerging Markets ETF,avg_dollar_volume_30d_below_15m_usd,1471646.51,41
JHHY,JHHY,John Hancock High Yield ETF,avg_dollar_volume_30d_below_15m_usd,410771.77,41
JHID,JHID,John Hancock International High Dividend ETF,avg_dollar_volume_30d_below_15m_usd,34216.7,41
JHLN,JHLN,John Hancock Global Senior Loan ETF,avg_dollar_volume_30d_below_15m_usd,424135.96,40
JHMB,JHMB,John Hancock Mortgage-Backed Securities ETF,avg_dollar_volume_30d_below_15m_usd,682220.22,41
JHMD,JHMD,John Hancock Multifactor Developed International ETF,avg_dollar_volume_30d_below_15m_usd,3571060.13,41
JHML,JHML,John Hancock Multifactor Large Cap ETF,avg_dollar_volume_30d_below_15m_usd,2621664.48,41
JHMU,JHMU,John Hancock Dynamic Municipal Bond ETF,avg_dollar_volume_30d_below_15m_usd,62120.94,41
JHPI,JHPI,John Hancock Preferred Income ETF,avg_dollar_volume_30d_below_15m_usd,1122006.69,41
JHSC,JHSC,John Hancock Multifactor Small Cap ETF,avg_dollar_volume_30d_below_15m_usd,1862910.5,41
JIDE,JIDE,JPMorgan International Dynamic ETF,avg_dollar_volume_30d_below_15m_usd,11247.87,40
JIG,JIG,JPMorgan International Growth ETF,avg_dollar_volume_30d_below_15m_usd,3222627.55,41
JIII,JIII,Janus Henderson Income ETF,avg_dollar_volume_30d_below_15m_usd,857302.93,41
JILL,JILL,"J. Jill, Inc. Common Stock",avg_dollar_volume_30d_below_15m_usd,1101023.18,41
JL,JL,J-Long Group Limited - Class A Ordinary Shares,avg_dollar_volume_30d_below_15m_usd,416488.56,41
JLHL,JLHL,Julong Holding Limited - Class A Ordinary Shares,avg_dollar_volume_30d_below_15m_usd,3887400.16,41
JLQD,JLQD,Janus Henderson Corporate Bond ETF,avg_dollar_volume_30d_below_15m_usd,20596.96,41
JMEE,JMEE,JPMorgan Small & Mid Cap Enhanced Equity ETF,avg_dollar_volume_30d_below_15m_usd,9467479.09,41
JMHI,JMHI,JPMorgan High Yield Municipal ETF,avg_dollar_volume_30d_below_15m_usd,1097324.7,41
JMID,JMID,Janus Henderson Mid Cap Growth Alpha ETF,avg_dollar_volume_30d_below_15m_usd,118205.66,40
JMMF,JMMF,JPMorgan 100% U.S. Treasury Securities Money Market ETF,avg_dollar_volume_30d_below_15m_usd,464986.7,40
JMOM,JMOM,JPMorgan U.S. Momentum Factor ETF,avg_dollar_volume_30d_below_15m_usd,8262050.07,41
JMSB,JMSB,"John Marshall Bancorp, Inc. - Common Stock",avg_dollar_volume_30d_below_15m_usd,1113507.28,41
JMSI,JMSI,JPMorgan Sustainable Municipal Income ETF,avg_dollar_volume_30d_below_15m_usd,1315829.72,41
JNEU,JNEU,AllianzIM U.S. Equity Buffer15 Uncapped June ETF,avg_dollar_volume_30d_below_15m_usd,247711.76,41
JOB,JOB,GEE Group Inc. Common Stock,avg_dollar_volume_30d_below_15m_usd,37295.42,41
JOBX,JOBX,Tradr 2X Long JOBY Daily ETF,avg_dollar_volume_30d_below_15m_usd,2617224.39,41
JOET,JOET,Virtus Terranova U.S. Quality Momentum ETF,avg_dollar_volume_30d_below_15m_usd,959144.65,41
JOJO,JOJO,ATAC Credit Rotation ETF,avg_dollar_volume_30d_below_15m_usd,72258.52,41
JOUL,JOUL,Corgi High Voltage Grid Equipment ETF,avg_dollar_volume_30d_below_15m_usd,426834.47,41
JOUT,JOUT,Johnson Outdoors Inc. - Class A Common Stock,avg_dollar_volume_30d_below_15m_usd,3031959.0,41
JOYT,JOYT,JPMorgan Equity and Options Total Return ETF,avg_dollar_volume_30d_below_15m_usd,531502.81,40
JPAN,JPAN,Matthews Japan Active ETF,avg_dollar_volume_30d_below_15m_usd,62210.67,41
JPEF,JPEF,JPMorgan Equity Focus ETF,avg_dollar_volume_30d_below_15m_usd,6964649.95,41
JPEM,JPEM,JPMorgan Diversified Return Emerging Markets Equity ETF,avg_dollar_volume_30d_below_15m_usd,1241191.88,41
JPFP,JPFP,JPMorgan Managed Futures Plus ETF,avg_dollar_volume_30d_below_15m_usd,160261.72,22
JPHY,JPHY,JPMorgan Active High Yield ETF,avg_dollar_volume_30d_below_15m_usd,1967981.38,41
JPIB,JPIB,JPMorgan International Bond Opportunities ETF,avg_dollar_volume_30d_below_15m_usd,9451271.3,41
JPIN,JPIN,JPMorgan Diversified Return International Equity ETF,avg_dollar_volume_30d_below_15m_usd,851021.29,41
JPMB,JPMB,JPMorgan USD Emerging Markets Sovereign Bond ETF,avg_dollar_volume_30d_below_15m_usd,379661.75,41
JPME,JPME,JPMorgan Diversified Return U.S. Mid Cap Equity ETF,avg_dollar_volume_30d_below_15m_usd,1653952.62,41
JPO,JPO,YieldMax JP Option Income Strategy ETF,avg_dollar_volume_30d_below_15m_usd,314353.51,41
JPRE,JPRE,JPMorgan Realty Income ETF,avg_dollar_volume_30d_below_15m_usd,1370480.13,41
JPSE,JPSE,JPMorgan Diversified Return U.S. Small Cap Equity ETF,avg_dollar_volume_30d_below_15m_usd,1832094.88,41
JPSV,JPSV,JPMorgan Active Small Cap Value ETF,avg_dollar_volume_30d_below_15m_usd,29843.13,41
JPUS,JPUS,JPMorgan Diversified Return U.S. Equity ETF,avg_dollar_volume_30d_below_15m_usd,1173977.87,41
JPXN,JPXN,iShares JPX-Nikkei 400 ETF,avg_dollar_volume_30d_below_15m_usd,1616234.12,41
JPY,JPY,Lazard Japanese Equity ETF,avg_dollar_volume_30d_below_15m_usd,214818.78,40
JRE,JRE,Janus Henderson U.S. Real Estate ETF,avg_dollar_volume_30d_below_15m_usd,37865.79,41
JRSH,JRSH,"Jerash Holdings (US), Inc. - Common Stock",avg_dollar_volume_30d_below_15m_usd,5693540.29,41
JRVR,JRVR,"James River Group Holdings, Inc. - Common Stock",avg_dollar_volume_30d_below_15m_usd,1723115.16,41
JSCP,JSCP,JPMorgan Short Duration Core Plus ETF,avg_dollar_volume_30d_below_15m_usd,11340151.53,41
JSI,JSI,Janus Henderson Securitized Income ETF,avg_dollar_volume_30d_below_15m_usd,6574465.05,41
JSMD,JSMD,Janus Henderson Small/Mid Cap Growth Alpha ETF,avg_dollar_volume_30d_below_15m_usd,7730153.49,41
JSML,JSML,Janus Henderson Small Cap Growth Alpha ETF,avg_dollar_volume_30d_below_15m_usd,2418571.66,41
JSPR,JSPR,"Jasper Therapeutics, Inc. - Class A Common Stock",avg_dollar_volume_30d_below_15m_usd,330195.86,41
JSTC,JSTC,Adasina Social Justice All Cap Global ETF,avg_dollar_volume_30d_below_15m_usd,502461.51,41
JTAI,JTAI,Jet.AI Inc. - Common Stock,avg_dollar_volume_30d_below_15m_usd,1454982.28,41
JTNY,JTNY,JPMorgan New York Tax Free Bond ETF,avg_dollar_volume_30d_below_15m_usd,717267.75,17
JUCY,JUCY,Aptus Enhanced Yield ETF,avg_dollar_volume_30d_below_15m_usd,3057905.29,41
JUDB,JUDB,Aptus July Deep Buffer ETF,avg_dollar_volume_30d_below_15m_usd,135200.09,41
JUDO,JUDO,Janus Henderson U.S. Equity Enhanced Income ETF,avg_dollar_volume_30d_below_15m_usd,24239.68,41
JULB,JULB,Aptus July Buffer ETF,avg_dollar_volume_30d_below_15m_usd,363591.38,41
JULC,JULC,Corgi U.S. Equities 10% Structured Buffer ETF - July Series,avg_dollar_volume_30d_below_15m_usd,282200.76,5
JULH,JULH,Innovator Premium Income 20 Barrier ETF - July,avg_dollar_volume_30d_below_15m_usd,193677.36,41
JULI,JULI,AllianzIM International Equity Buffer15 Uncapped Jul ETF,avg_dollar_volume_30d_below_15m_usd,832231.2,7
JULJ,JULJ,Innovator Premium Income 30 Barrier ETF - July,avg_dollar_volume_30d_below_15m_usd,153107.61,41
JULM,JULM,FT Vest U.S. Equity Max Buffer ETF - July,avg_dollar_volume_30d_below_15m_usd,58870.25,41
JULP,JULP,PGIM S&P 500 Buffer 12 ETF - July,avg_dollar_volume_30d_below_15m_usd,280548.71,41
JULT,JULT,AllianzIM U.S. Large Cap Buffer10 Jul ETF,avg_dollar_volume_30d_below_15m_usd,1543601.9,41
JULU,JULU,AllianzIM U.S. Equity Buffer15 Uncapped Jul ETF,avg_dollar_volume_30d_below_15m_usd,1173858.83,41
JULW,JULW,AllianzIM U.S. Large Cap Buffer20 Jul ETF,avg_dollar_volume_30d_below_15m_usd,1407950.98,41
JULZ,JULZ,TrueShares Structured Outcome (July) ETF,avg_dollar_volume_30d_below_15m_usd,328229.6,41
JUNC,JUNC,Corgi U.S. Equities 10% Structured Buffer ETF - June Series,avg_dollar_volume_30d_below_15m_usd,49001.81,26
JUNM,JUNM,FT Vest U.S. Equity Max Buffer ETF - June,avg_dollar_volume_30d_below_15m_usd,316574.3,41
JUNP,JUNP,PGIM S&P 500 Buffer 12 ETF - June,avg_dollar_volume_30d_below_15m_usd,2039682.01,41
JUNS,JUNS,"Jupiter Neurosciences, Inc. - Common Stock",avg_dollar_volume_30d_below_15m_usd,971730.61,41
JUNT,JUNT,AllianzIM U.S. Large Cap Buffer10 Jun ETF,avg_dollar_volume_30d_below_15m_usd,3530129.14,41
JUNW,JUNW,AllianzIM U.S. Large Cap Buffer20 Jun ETF,avg_dollar_volume_30d_below_15m_usd,11303648.33,41
JUNZ,JUNZ,TrueShares Structured Outcome (June) ETF,avg_dollar_volume_30d_below_15m_usd,219225.24,41
JUSA,JUSA,JPMorgan U.S. Research Enhanced Large Cap ETF,avg_dollar_volume_30d_below_15m_usd,9503074.03,41
JUST,JUST,Goldman Sachs JUST U.S. Large Cap Equity ETF,avg_dollar_volume_30d_below_15m_usd,524593.83,41
JVA,JVA,"Coffee Holding Co., Inc. - Common Stock",avg_dollar_volume_30d_below_15m_usd,287816.75,41
JVAL,JVAL,JPMorgan U.S. Value Factor ETF,avg_dollar_volume_30d_below_15m_usd,2739364.92,41
JWEL,JWEL,Jowell Global Ltd. - Ordinary Shares,avg_dollar_volume_30d_below_15m_usd,12726.63,40
JXG,JXG,JX Luxventure Group Inc. - Common Stock,avg_dollar_volume_30d_below_15m_usd,55780.63,40
JXI,JXI,iShares Global Utilities ETF,avg_dollar_volume_30d_below_15m_usd,2452855.15,41
JXX,JXX,Janus Henderson Transformational Growth ETF,avg_dollar_volume_30d_below_15m_usd,33564.79,41
JYD,JYD,Jayud Global Logistics Limited - Class A Ordinary Shares,avg_dollar_volume_30d_below_15m_usd,249965.22,41
JYNT,JYNT,The Joint Corp. - Common Stock,avg_dollar_volume_30d_below_15m_usd,1371885.29,40
JZXN,JZXN,"Jiuzi Holdings, Inc. - Ordinary Shares",avg_dollar_volume_30d_below_15m_usd,3740422.81,41
KALA,KALA,"KALA BIO, Inc. - Common Stock",avg_dollar_volume_30d_below_15m_usd,383879.51,41
KAMO,KAMO,Kensington Credit Opportunities ETF,avg_dollar_volume_30d_below_15m_usd,542525.07,41
KAPA,KAPA,"Kairos Pharma, Ltd. Common Stock",avg_dollar_volume_30d_below_15m_usd,48043.04,41
KAPR,KAPR,Innovator U.S. Small Cap Power Buffer ETF - April,avg_dollar_volume_30d_below_15m_usd,315259.26,41
KARO,KARO,Karooooo Ltd. - Ordinary shares,avg_dollar_volume_30d_below_15m_usd,4956351.02,41
KARS,KARS,KraneShares Electric Vehicles and Future Mobility Index ETF,avg_dollar_volume_30d_below_15m_usd,939009.25,41
KAT,KAT,Scharf ETF,avg_dollar_volume_30d_below_15m_usd,834284.11,41
KAUG,KAUG,Innovator US Small Cap Power Buffer ETF - August,avg_dollar_volume_30d_below_15m_usd,578868.82,41
KAZR,KAZR,Skyline Builders Group Holding Limited - Class A Ordinary Shares,avg_dollar_volume_30d_below_15m_usd,657677.95,41
KBA,KBA,KraneShares Bosera MSCI China A 50 Connect Index ETF,avg_dollar_volume_30d_below_15m_usd,1480317.56,41
KBAB,KBAB,KraneShares 2x Long BABA Daily ETF,avg_dollar_volume_30d_below_15m_usd,177598.87,41
KBDC,KBDC,"Kayne Anderson BDC, Inc. Common Stock",avg_dollar_volume_30d_below_15m_usd,4045248.8,41
KBDU,KBDU,KraneShares 2x Long BIDU Daily ETF,avg_dollar_volume_30d_below_15m_usd,22824.53,41
KBFR,KBFR,Innovator U.S. Small Cap Managed 10 Buffer ETF,avg_dollar_volume_30d_below_15m_usd,89353.7,40
KBON,KBON,Karbon Capital Partners Corp. - Class A Ordinary Shares,avg_dollar_volume_30d_below_15m_usd,496321.83,40
KBSX,KBSX,FST Corp. - Ordinary Shares,avg_dollar_volume_30d_below_15m_usd,18242.95,41
KBUF,KBUF,KraneShares 90% KWEB Defined Outcome January 2027 ETF,avg_dollar_volume_30d_below_15m_usd,299997.04,41
KBWD,KBWD,Invesco KBW High Dividend Yield Financial ETF,avg_dollar_volume_30d_below_15m_usd,4167310.81,41
KBWP,KBWP,Invesco KBW Property & Casualty Insurance ETF,avg_dollar_volume_30d_below_15m_usd,2124161.27,41
KBWY,KBWY,Invesco KBW Premium Yield Equity REIT ETF,avg_dollar_volume_30d_below_15m_usd,2660529.47,41
KCAI,KCAI,KraneShares China Alpha Index ETF,avg_dollar_volume_30d_below_15m_usd,299824.18,41
KCCA,KCCA,KraneShares California Carbon Allowance Strategy ETF,avg_dollar_volume_30d_below_15m_usd,784549.02,41
KCE,KCE,State Street SPDR S&P Capital Markets ETF,avg_dollar_volume_30d_below_15m_usd,2450109.53,41
KCOP,KCOP,Kurv Copper & Mining Enhanced Income ETF,avg_dollar_volume_30d_below_15m_usd,610781.33,41
KCSH,KCSH,KraneShares Sustainable Ultra Short Duration Index ETF,avg_dollar_volume_30d_below_15m_usd,275790.53,41
KDEC,KDEC,Innovator U.S. Small Cap Power Buffer ETF - December,avg_dollar_volume_30d_below_15m_usd,167951.13,41
KDEF,KDEF,PLUS Korea Defense Industry Index ETF,avg_dollar_volume_30d_below_15m_usd,5587092.16,41
KDK,KDK,"Kodiak AI, Inc. - Common Stock",avg_dollar_volume_30d_below_15m_usd,7799374.67,41
KDRN,KDRN,Kingsbarn Tactical Bond ETF,avg_dollar_volume_30d_below_15m_usd,2794.14,41
KDVD,KDVD,Keeley Dividend ETF,avg_dollar_volume_30d_below_15m_usd,7112.86,41
KE,KE,"Kimball Electronics, Inc. - Common Stock",avg_dollar_volume_30d_below_15m_usd,5234435.77,41
KEAT,KEAT,Keating Active ETF,avg_dollar_volume_30d_below_15m_usd,159196.22,40
KEEX,KEEX,Defiance Daily Target 2x Long KEEL ETF,avg_dollar_volume_30d_below_15m_usd,2268508.44,41
KELYA,KELYA,"Kelly Services, Inc. - Class A Common Stock",avg_dollar_volume_30d_below_15m_usd,5230805.58,41
KELYB,KELYB,"Kelly Services, Inc. - Class B Common Stock",avg_dollar_volume_30d_below_15m_usd,54634.77,40
KEMQ,KEMQ,KraneShares Emerging Markets Consumer Technology Index ETF,avg_dollar_volume_30d_below_15m_usd,438477.52,41
KEMX,KEMX,KraneShares MSCI Emerging Markets ex China Index ETF,avg_dollar_volume_30d_below_15m_usd,677659.31,41
KEN,KEN,Kenon Holdings Ltd. Ordinary Shares,avg_dollar_volume_30d_below_15m_usd,2245880.17,41
KEP,KEP,Korea Electric Power Corporation Common Stock,avg_dollar_volume_30d_below_15m_usd,14568073.23,41
KEQU,KEQU,Kewaunee Scientific Corporation - Common Stock,avg_dollar_volume_30d_below_15m_usd,203263.4,40
KEYG,KEYG,Leverage Shares 2X Long KEYS Daily ETF,avg_dollar_volume_30d_below_15m_usd,30420.2,16
KEYX,KEYX,Corgi KEYS 2x Daily ETF,avg_dollar_volume_30d_below_15m_usd,29186.28,11
KFEB,KFEB,Innovator U.S. Small Cap Power Buffer ETF - February,avg_dollar_volume_30d_below_15m_usd,116518.11,41
KFFB,KFFB,Kentucky First Federal Bancorp - Common Stock,avg_dollar_volume_30d_below_15m_usd,14933.97,40
KFRC,KFRC,"Kforce, Inc. Common Stock",avg_dollar_volume_30d_below_15m_usd,9050601.32,41
KG,KG,"Kestrel Group, Ltd. - Common Stock",avg_dollar_volume_30d_below_15m_usd,200039.26,41
KGEI,KGEI,Kolibri Global Energy Inc. - Common stock,avg_dollar_volume_30d_below_15m_usd,1160141.42,41
KGLD,KGLD,Kurv Gold Enhanced Income ETF,avg_dollar_volume_30d_below_15m_usd,2582726.57,41
KGRN,KGRN,KraneShares MSCI China Clean Technology Index ETF,avg_dollar_volume_30d_below_15m_usd,417639.63,41
KHPI,KHPI,Kensington Hedged Premium Income ETF,avg_dollar_volume_30d_below_15m_usd,2275163.44,41
KHYB,KHYB,KraneShares Asia Pacific High Income USD Bond ETF,avg_dollar_volume_30d_below_15m_usd,78589.25,41
KIDS,KIDS,OrthoPediatrics Corp. - Common Stock,avg_dollar_volume_30d_below_15m_usd,2707099.03,41
KIDZ,KIDZ,KIDZ AI Inc. - Class B Common Stock,avg_dollar_volume_30d_below_15m_usd,9206355.98,41
KINS,KINS,"Kingstone Companies, Inc - Common Stock",avg_dollar_volume_30d_below_15m_usd,2314753.95,41
KIQQ,KIQQ,KraneShares InspereX Nasdaq Dynamic Buffered High Income Index ETF,avg_dollar_volume_30d_below_15m_usd,4919.17,40
KITT,KITT,"Nauticus Robotics, Inc. - Common stock",avg_dollar_volume_30d_below_15m_usd,450786.06,41
KJAN,KJAN,Innovator U.S. Small Cap Power Buffer ETF - January,avg_dollar_volume_30d_below_15m_usd,653486.05,41
KJD,KJD,KraneShares 2x Long JD Daily ETF,avg_dollar_volume_30d_below_15m_usd,78384.99,41
KJUL,KJUL,Innovator U.S. Small Cap Power Buffer ETF - July,avg_dollar_volume_30d_below_15m_usd,1719228.33,41
KJUN,KJUN,Innovator U.S. Small Cap Power Buffer ETF - June,avg_dollar_volume_30d_below_15m_usd,2290852.56,41
KLAG,KLAG,Leverage Shares 2x Long KLAC Daily ETF,avg_dollar_volume_30d_below_15m_usd,6638097.35,41
KLC,KLC,"KinderCare Learning Companies, Inc. Common Stock",avg_dollar_volume_30d_below_15m_usd,3224056.49,41
KLIP,KLIP,KraneShares KWEB Covered Call Strategy ETF,avg_dollar_volume_30d_below_15m_usd,1248052.23,41
KLMT,KLMT,Invesco MSCI Global Climate 500 ETF,avg_dollar_volume_30d_below_15m_usd,104527.48,41
KLRS,KLRS,"Kalaris Therapeutics, Inc.  - Common Stock",avg_dollar_volume_30d_below_15m_usd,366390.07,40
KLTR,KLTR,"Kaltura, Inc. - Common Stock",avg_dollar_volume_30d_below_15m_usd,533120.65,41
KLXE,KLXE,"KLX Energy Services Holdings, Inc.  - Common Stock",avg_dollar_volume_30d_below_15m_usd,893506.74,41
KMAR,KMAR,Innovator U.S. Small Cap Power Buffer ETF - March,avg_dollar_volume_30d_below_15m_usd,199272.48,41
KMAY,KMAY,Innovator U.S. Small Cap Power Buffer ETF - May,avg_dollar_volume_30d_below_15m_usd,1178187.93,41
KMCA,KMCA,PLUS Korea Manufacturing Core Alliance Index ETF,avg_dollar_volume_30d_below_15m_usd,294906.38,41
KMDA,KMDA,Kamada Ltd. - Ordinary Shares,avg_dollar_volume_30d_below_15m_usd,282657.94,41
KMEM,KMEM,Kurv Memory Select ETF,avg_dollar_volume_30d_below_15m_usd,12895975.17,6
KMID,KMID,Virtus KAR Mid-Cap ETF,avg_dollar_volume_30d_below_15m_usd,214257.45,41
KMLI,KMLI,KraneShares 2x Long MELI Daily ETF,avg_dollar_volume_30d_below_15m_usd,611531.67,41
KMLM,KMLM,KraneShares Mount Lucas Managed Futures Index Strategy ETF,avg_dollar_volume_30d_below_15m_usd,7148596.42,41
KMRK,KMRK,K-Tech Solutions Company Limited - Class A Ordinary Shares,avg_dollar_volume_30d_below_15m_usd,2114904.61,41
KMTS,KMTS,"Kestra Medical Technologies, Ltd. - Common Stock",avg_dollar_volume_30d_below_15m_usd,8992993.76,41
KNCT,KNCT,Invesco Next Gen Connectivity ETF,avg_dollar_volume_30d_below_15m_usd,1011561.91,41
KNDI,KNDI,"Kandi Technologies Group, Inc. - Ordinary Shares",avg_dollar_volume_30d_below_15m_usd,1016186.88,41
KNG,KNG,FT Vest S&P 500 Dividend Aristocrats Target Income ETF,avg_dollar_volume_30d_below_15m_usd,14010069.09,41
KNGZ,KNGZ,First Trust S&P 500 Diversified Dividend Aristocrats ETF,avg_dollar_volume_30d_below_15m_usd,194909.17,40
KNO,KNO,AXS Knowledge Leaders ETF,avg_dollar_volume_30d_below_15m_usd,43182.39,41
KNOV,KNOV,Innovator U.S. Small Cap Power Buffer ETF - November,avg_dollar_volume_30d_below_15m_usd,250389.73,41
KNOW,KNOW,Fundamentals First ETF,avg_dollar_volume_30d_below_15m_usd,16209.84,41
KNRG,KNRG,Simplify Kayne Anderson Energy and Infrastructure Credit ETF,avg_dollar_volume_30d_below_15m_usd,395278.17,41
KNRX,KNRX,KNOREX LTD. Class A Ordinary Shares,avg_dollar_volume_30d_below_15m_usd,34775.45,41
KOCT,KOCT,Innovator U.S. Small Cap Power Buffer ETF - October,avg_dollar_volume_30d_below_15m_usd,315600.11,41
KODK,KODK,Eastman Kodak Company Common New,avg_dollar_volume_30d_below_15m_usd,9578858.47,41
KOID,KOID,KraneShares Global Humanoid Robotics and Physical AI Index ETF,avg_dollar_volume_30d_below_15m_usd,8530921.86,41
KOKU,KOKU,Xtrackers MSCI Kokusai Equity ETF,avg_dollar_volume_30d_below_15m_usd,64297.25,41
KOMP,KOMP,State Street SPDR S&P Kensho New Economies Composite ETF,avg_dollar_volume_30d_below_15m_usd,8835429.69,41
KONG,KONG,Formidable Fortress ETF,avg_dollar_volume_30d_below_15m_usd,28173.8,41
KOOL,KOOL,North Shore Equity Rotation ETF,avg_dollar_volume_30d_below_15m_usd,92578.35,41
KOP,KOP,Koppers Holdings Inc. Common Stock,avg_dollar_volume_30d_below_15m_usd,7713475.6,41
KORE,KORE,"KORE Group Holdings, Inc. Common Stock",avg_dollar_volume_30d_below_15m_usd,621663.78,41
KORP,KORP,American Century Diversified Corporate Bond ETF,avg_dollar_volume_30d_below_15m_usd,4806181.47,41
KOSS,KOSS,Koss Corporation - Common Stock,avg_dollar_volume_30d_below_15m_usd,88570.35,41
KPDD,KPDD,KraneShares 2x Long PDD Daily ETF,avg_dollar_volume_30d_below_15m_usd,2783125.29,41
KPET,KPET,KPET Ultra Paceline Corporation Class A Ordinary Shares,avg_dollar_volume_30d_below_15m_usd,50470.83,30
KPLT,KPLT,"Katapult Holdings, Inc. - Common Stock",avg_dollar_volume_30d_below_15m_usd,99482.48,41
KPRO,KPRO,KraneShares 100% KWEB Defined Outcome January 2027 ETF,avg_dollar_volume_30d_below_15m_usd,108382.42,41
KPRX,KPRX,"Kiora Pharmaceuticals, Inc.  - Common Stock",avg_dollar_volume_30d_below_15m_usd,63371.52,41
KPTI,KPTI,Karyopharm Therapeutics Inc. - Common Stock,avg_dollar_volume_30d_below_15m_usd,4488926.11,41
KQQQ,KQQQ,Kurv Technology Titans Select ETF,avg_dollar_volume_30d_below_15m_usd,1634841.44,41
KRAQ,KRAQ,KRAKacquisition Corp - Class A Ordinary Shares,avg_dollar_volume_30d_below_15m_usd,632432.75,40
KRBN,KRBN,KraneShares Global Carbon Strategy ETF,avg_dollar_volume_30d_below_15m_usd,540210.25,41
KRMA,KRMA,Global X Conscious Companies ETF,avg_dollar_volume_30d_below_15m_usd,136909.15,40
KRMD,KRMD,"KORU Medical Systems, Inc. - Common Stock",avg_dollar_volume_30d_below_15m_usd,578157.36,41
KRNT,KRNT,Kornit Digital Ltd. - Ordinary Shares,avg_dollar_volume_30d_below_15m_usd,2966406.82,41
KRNY,KRNY,Kearny Financial - Common Stock,avg_dollar_volume_30d_below_15m_usd,5182890.25,41
KRO,KRO,Kronos Worldwide Inc Common Stock,avg_dollar_volume_30d_below_15m_usd,1770482.53,41
KROP,KROP,Global X AgTech & Food Innovation ETF,avg_dollar_volume_30d_below_15m_usd,113555.49,41
KROS,KROS,"Keros Therapeutics, Inc. - common stock",avg_dollar_volume_30d_below_15m_usd,3034406.5,41
KRRO,KRRO,"Korro Bio, Inc. - Common Stock",avg_dollar_volume_30d_below_15m_usd,3083917.6,41
KRT,KRT,Karat Packaging Inc. - Common Stock,avg_dollar_volume_30d_below_15m_usd,3659133.73,41
KRWX,KRWX,Corgi South Korea 2x Daily ETF,avg_dollar_volume_30d_below_15m_usd,179316.04,25
KRYP,KRYP,ProShares CoinDesk 20 Crypto ETF,avg_dollar_volume_30d_below_15m_usd,148816.46,40
KSCP,KSCP,"Knightscope, Inc. - Class A Common Stock",avg_dollar_volume_30d_below_15m_usd,1305647.46,41
KSEP,KSEP,Innovator U.S. Small Cap Power Buffer ETF - September,avg_dollar_volume_30d_below_15m_usd,152260.71,41
KSLV,KSLV,Kurv Silver Enhanced Income ETF,avg_dollar_volume_30d_below_15m_usd,2676122.37,41
KSPY,KSPY,KraneShares Hedgeye Hedged Equity Index ETF,avg_dollar_volume_30d_below_15m_usd,1184894.14,41
KTCC,KTCC,Key Tronic Corporation - Common Stock,avg_dollar_volume_30d_below_15m_usd,107736.76,41
KTEC,KTEC,KraneShares Hang Seng TECH Index ETF,avg_dollar_volume_30d_below_15m_usd,1104744.18,41
KTTA,KTTA,Pasithea Therapeutics Corp. - Common Stock,avg_dollar_volume_30d_below_15m_usd,716683.46,41
KTUP,KTUP,T-REX 2X Long KTOS Daily Target ETF,avg_dollar_volume_30d_below_15m_usd,3996919.35,41
KULR,KULR,"KULR Technology Group, Inc. Common Stock",avg_dollar_volume_30d_below_15m_usd,9911388.43,41
KURE,KURE,KraneShares MSCI All China Health Care Index ETF,avg_dollar_volume_30d_below_15m_usd,862976.0,41
KUST,KUST,"Kustom Entertainment, Inc. - Common Stock",avg_dollar_volume_30d_below_15m_usd,8321647.13,41
KVHI,KVHI,"KVH Industries, Inc. - Common Stock",avg_dollar_volume_30d_below_15m_usd,3413151.37,41
KVLE,KVLE,KraneShares Value Line Dynamic Dividend Equity Index ETF,avg_dollar_volume_30d_below_15m_usd,56811.48,41
KWIN,KWIN,KraneShares Wahed Alternative Income Index ETF,avg_dollar_volume_30d_below_15m_usd,592214.14,41
KWM,KWM,"K Wave Media, Ltd. - Ordinary Shares",avg_dollar_volume_30d_below_15m_usd,334757.34,41
KWT,KWT,iShares MSCI Kuwait ETF,avg_dollar_volume_30d_below_15m_usd,186927.63,41
KWY,KWY,Kingsway Corporation Common Stock,avg_dollar_volume_30d_below_15m_usd,720302.35,41
KXI,KXI,iShares Global Consumer Staples ETF,avg_dollar_volume_30d_below_15m_usd,4658653.72,41
KXIN,KXIN,Kaixin Holdings - Ordinary Shares,avg_dollar_volume_30d_below_15m_usd,596969.18,40
KYC,KYC,Corgi Digital Banking & Fintech Infrastructure ETF,avg_dollar_volume_30d_below_15m_usd,38273.51,41
KYIV,KYIV,Kyivstar Group Ltd. - Common Shares,avg_dollar_volume_30d_below_15m_usd,10035670.1,41
KYLD,KYLD,Kurv High Income ETF,avg_dollar_volume_30d_below_15m_usd,875640.68,41
KYNB,KYNB,"Kyntra Bio, Inc. - Common Stock",avg_dollar_volume_30d_below_15m_usd,201251.05,41
KYTX,KYTX,"Kyverna Therapeutics, Inc. - Common Stock",avg_dollar_volume_30d_below_15m_usd,9010252.05,41
LAB,LAB,Standard BioTools Inc. - Common Stock,avg_dollar_volume_30d_below_15m_usd,4490573.33,41
LABT,LABT,Lakewood-Amedex Biotherapeutics Inc. - Common Stock,avg_dollar_volume_30d_below_15m_usd,696982.99,41
LACG,LACG,Leverage Shares 2X Long LAC Daily ETF,avg_dollar_volume_30d_below_15m_usd,261675.89,41
LADR,LADR,Ladder Capital Corp Class A Common Stock,avg_dollar_volume_30d_below_15m_usd,10187864.71,41
LAKE,LAKE,"Lakeland Industries, Inc. - Common Stock",avg_dollar_volume_30d_below_15m_usd,2136994.45,41
LALT,LALT,First Trust Multi-Strategy Alternative ETF,avg_dollar_volume_30d_below_15m_usd,8070027.32,41
LAND,LAND,Gladstone Land Corporation - Common Stock,avg_dollar_volume_30d_below_15m_usd,5889819.4,41
LANV,LANV,Lanvin Group Holdings Limited Ordinary Shares,avg_dollar_volume_30d_below_15m_usd,21104.73,41
LAPR,LAPR,Innovator Premium Income 15 Buffer ETF - April,avg_dollar_volume_30d_below_15m_usd,77473.43,41
LARK,LARK,Landmark Bancorp Inc. - Common Stock,avg_dollar_volume_30d_below_15m_usd,575496.2,40
LASC,LASC,Corgi LASR 2x Daily ETF,avg_dollar_volume_30d_below_15m_usd,94600.76,11
LATR,LATR,Corgi Buy Now Pay Later ETF,avg_dollar_volume_30d_below_15m_usd,16943.57,41
LAW,LAW,"CS Disco, Inc. Common Stock",avg_dollar_volume_30d_below_15m_usd,941535.19,41
LAZR,LAZR,Tema Photonics & Optical ETF,avg_dollar_volume_30d_below_15m_usd,4329610.35,1
LBAY,LBAY,Leatherback Long/Short Alternative Yield ETF,avg_dollar_volume_30d_below_15m_usd,34312.46,41
LBGJ,LBGJ,Li Bang International Corporation Inc. - Class A Ordinary Shares,avg_dollar_volume_30d_below_15m_usd,213633.31,41
LBO,LBO,WHITEWOLF Publicly Listed Private Equity ETF,avg_dollar_volume_30d_below_15m_usd,20335.53,41
LBRDA,LBRDA,Liberty Broadband Corporation - Class A Common Stock,avg_dollar_volume_30d_below_15m_usd,7069267.0,41
LBRX,LBRX,LB Pharmaceuticals Inc - Common Stock,avg_dollar_volume_30d_below_15m_usd,9265010.03,41
LBTYB,LBTYB,Liberty Global Ltd. - Class B Common Shares,avg_dollar_volume_30d_below_15m_usd,29404.42,41
LBTYK,LBTYK,Liberty Global Ltd. - Class C Common Shares,avg_dollar_volume_30d_below_15m_usd,14316874.31,41
LCAP,LCAP,Principal Capital Appreciation Select ETF,avg_dollar_volume_30d_below_15m_usd,1755689.79,41
LCDL,LCDL,GraniteShares 2x Long LCID Daily ETF,avg_dollar_volume_30d_below_15m_usd,508753.42,41
LCDS,LCDS,JPMorgan Fundamental Data Science Large Core ETF,avg_dollar_volume_30d_below_15m_usd,15655.77,40
LCF,LCF,Touchstone US Large Cap Focused ETF,avg_dollar_volume_30d_below_15m_usd,58300.13,41
LCFY,LCFY,Locafy Limited - Ordinary Share,avg_dollar_volume_30d_below_15m_usd,51757.32,41
LCLG,LCLG,Logan Capital Broad Innovative Growth ETF,avg_dollar_volume_30d_below_15m_usd,123955.85,41
LCLN,LCLN,"Lincoln International, Inc. Class A Common Stock",avg_dollar_volume_30d_below_15m_usd,9047734.15,34
LCNB,LCNB,LCNB Corporation - Common Stock,avg_dollar_volume_30d_below_15m_usd,593310.42,41
LCO,LCO,LOGIQ Contrarian Opportunities ETF,avg_dollar_volume_30d_below_15m_usd,4319.54,41
LCOW,LCOW,Pacer S&P 500 Quality FCF Aristocrats ETF,avg_dollar_volume_30d_below_15m_usd,114093.11,41
LCR,LCR,Leuthold Core ETF,avg_dollar_volume_30d_below_15m_usd,174438.61,41
LCTD,LCTD,iShares World ex U.S. Carbon Transition Readiness Aware Active ETF,avg_dollar_volume_30d_below_15m_usd,3270122.22,41
LCTO,LCTO,Kurv U.S. Large Cap TaxOptimized ETF,avg_dollar_volume_30d_below_15m_usd,12947.14,3
LCTU,LCTU,iShares U.S. Carbon Transition Readiness Aware Active ETF,avg_dollar_volume_30d_below_15m_usd,3076084.29,41
LCTX,LCTX,"Lineage Cell Therapeutics, Inc. Common Stock",avg_dollar_volume_30d_below_15m_usd,2235476.82,41
LCUT,LCUT,"Lifetime Brands, Inc. - Common Stock",avg_dollar_volume_30d_below_15m_usd,2279234.2,41
LDDR,LDDR,LifeX 2035 Income Bucket ETF,avg_dollar_volume_30d_below_15m_usd,87557.34,41
LDEM,LDEM,iShares ESG MSCI EM Leaders ETF,avg_dollar_volume_30d_below_15m_usd,125328.22,40
LDI,LDI,"loanDepot, Inc. Class A Common Stock",avg_dollar_volume_30d_below_15m_usd,2219648.97,41
LDRC,LDRC,iShares iBonds 1-5 Year Corporate Ladder ETF,avg_dollar_volume_30d_below_15m_usd,539927.31,41
LDRH,LDRH,iShares iBonds 1-5 Year High Yield and Income Ladder ETF,avg_dollar_volume_30d_below_15m_usd,521583.47,41
LDRI,LDRI,iShares iBonds 1-5 Year TIPS Ladder ETF,avg_dollar_volume_30d_below_15m_usd,194215.2,41
LDRT,LDRT,iShares iBonds 1-5 Year Treasury Ladder ETF,avg_dollar_volume_30d_below_15m_usd,968298.2,41
LDRX,LDRX,SGI Enhanced Market Leaders ETF,avg_dollar_volume_30d_below_15m_usd,190674.12,40
LDSF,LDSF,First Trust Low Duration Strategic Focus ETF,avg_dollar_volume_30d_below_15m_usd,466193.35,41
LDUR,LDUR,PIMCO Enhanced Low Duration Active Exchange-Traded Fund,avg_dollar_volume_30d_below_15m_usd,5071360.51,41
LE,LE,"Lands' End, Inc. - Common Stock",avg_dollar_volume_30d_below_15m_usd,3225010.36,41
LEAD,LEAD,Siren DIVCON Leaders Dividend ETF,avg_dollar_volume_30d_below_15m_usd,147779.03,41
LEDS,LEDS,SemiLEDS Corporation - Common Stock,avg_dollar_volume_30d_below_15m_usd,46010.79,41
LEE,LEE,"Lee Enterprises, Incorporated - Common Stock",avg_dollar_volume_30d_below_15m_usd,883212.98,41
LEGH,LEGH,Legacy Housing Corporation - Common Stock,avg_dollar_volume_30d_below_15m_usd,2245808.9,41
LEGO,LEGO,Legato Merger Corp. IV Ordinary Shares,avg_dollar_volume_30d_below_15m_usd,128165.31,41
LEGR,LEGR,First Trust Indxx Innovative Transaction & Process ETF,avg_dollar_volume_30d_below_15m_usd,163451.86,41
LEMB,LEMB,iShares J.P. Morgan EM Local Currency Bond,avg_dollar_volume_30d_below_15m_usd,6272081.72,41
LEN.B,LEN-B,Lennar Corporation Class B,avg_dollar_volume_30d_below_15m_usd,6360399.23,41
LEND,LEND,SEI High Yield Bond & Alternative Credit ETF,avg_dollar_volume_30d_below_15m_usd,1477917.58,36
LENS,LENS,Sarmaya Thematic ETF,avg_dollar_volume_30d_below_15m_usd,419312.08,41
LENZ,LENZ,"LENZ Therapeutics, Inc. - Common Stock",avg_dollar_volume_30d_below_15m_usd,4936209.64,41
LEO,LEO,"BNY Mellon Strategic Municipals, Inc. Common Stock",avg_dollar_volume_30d_below_15m_usd,1512688.17,41
LESL,LESL,"Leslie's, Inc. - Common Stock",avg_dollar_volume_30d_below_15m_usd,3446819.97,41
LEUX,LEUX,Tradr 2X Long LEU Daily ETF,avg_dollar_volume_30d_below_15m_usd,1235625.29,41
LEXI,LEXI,Alexis Practical Tactical ETF,avg_dollar_volume_30d_below_15m_usd,436209.0,40
LEXX,LEXX,Lexaria Bioscience Corp. - Common Stock,avg_dollar_volume_30d_below_15m_usd,41629.01,41
LFAI,LFAI,LifeX 2050 Longevity Income ETF,avg_dollar_volume_30d_below_15m_usd,56945.69,41
LFAO,LFAO,LifeX 2055 Longevity Income ETF,avg_dollar_volume_30d_below_15m_usd,36753.46,41
LFAW,LFAW,LifeX 2060 Longevity Income ETF,avg_dollar_volume_30d_below_15m_usd,23915.78,41
LFBE,LFBE,LifeX 2065 Longevity Income ETF,avg_dollar_volume_30d_below_15m_usd,17217.48,40
LFCR,LFCR,"Lifecore Biomedical, Inc. - Common Stock",avg_dollar_volume_30d_below_15m_usd,1211700.16,41
LFDR,LFDR,LifeX Durable Income ETF,avg_dollar_volume_30d_below_15m_usd,17894.42,41
LFEQ,LFEQ,VanEck Long/Flat Trend ETF,avg_dollar_volume_30d_below_15m_usd,106436.59,41
LFGY,LFGY,YieldMax Crypto Industry & Tech Portfolio Option Income ETF,avg_dollar_volume_30d_below_15m_usd,1342976.03,41
LFMD,LFMD,"LifeMD, Inc. - Common Stock",avg_dollar_volume_30d_below_15m_usd,4666418.34,41
LFSC,LFSC,F/m Emerald Life Sciences Innovation ETF,avg_dollar_volume_30d_below_15m_usd,197179.23,41
LFVN,LFVN,Lifevantage Corporation - Common Stock,avg_dollar_volume_30d_below_15m_usd,6142573.32,41
LFWD,LFWD,Lifeward Ltd. - Ordinary Shares,avg_dollar_volume_30d_below_15m_usd,117488.62,41
LGCF,LGCF,Themes US Cash Flow Champions ETF,avg_dollar_volume_30d_below_15m_usd,7372.63,40
LGCL,LGCL,Lucas GC Limited - Class A Ordinary Shares,avg_dollar_volume_30d_below_15m_usd,7529824.32,41
LGCY,LGCY,Legacy Education Inc. Common Stock,avg_dollar_volume_30d_below_15m_usd,482261.42,41
LGDX,LGDX,Intech S&P Large Cap Diversified Alpha ETF,avg_dollar_volume_30d_below_15m_usd,2566.88,41
LGH,LGH,HCM Defender 500 Index ETF,avg_dollar_volume_30d_below_15m_usd,1818924.4,41
LGHT,LGHT,Langar Global HealthTech ETF,avg_dollar_volume_30d_below_15m_usd,17677.65,41
LGL,LGL,"LGL Group, Inc. (The) Common Stock",avg_dollar_volume_30d_below_15m_usd,187457.03,41
LGLV,LGLV,State Street SPDR US Large Cap Low Volatility Index ETF,avg_dollar_volume_30d_below_15m_usd,5684826.91,41
LGO,LGO,Largo Inc. - Common Shares,avg_dollar_volume_30d_below_15m_usd,1908896.74,41
LGOV,LGOV,First Trust Long Duration Opportunities ETF,avg_dollar_volume_30d_below_15m_usd,4634207.99,41
LGPS,LGPS,LogProstyle Inc. Common Shares,avg_dollar_volume_30d_below_15m_usd,2024651.35,41
LGRO,LGRO,Level Four Large Cap Growth Active ETF,avg_dollar_volume_30d_below_15m_usd,368989.39,40
LGVN,LGVN,Longeveron Inc. - Class A Common stock,avg_dollar_volume_30d_below_15m_usd,194456.33,41
LIAE,LIAE,LifeX 2050 Inflation-Protected Longevity Income ETF,avg_dollar_volume_30d_below_15m_usd,26421.51,41
LIAM,LIAM,LifeX 2055 Inflation-Protected Longevity Income ETF,avg_dollar_volume_30d_below_15m_usd,23290.77,41
LIAU,LIAU,LifeX 2060 Inflation-Protected Longevity Income ETF,avg_dollar_volume_30d_below_15m_usd,26230.4,41
LIBD,LIBD,LifeX 2065 Inflation-Protected Longevity Income ETF,avg_dollar_volume_30d_below_15m_usd,27893.03,41
LICN,LICN,Lichen International Limited - Class A Ordinary Shares,avg_dollar_volume_30d_below_15m_usd,1508214.34,41
LIDR,LIDR,"AEye, Inc. - Class A Common Stock",avg_dollar_volume_30d_below_15m_usd,1970405.55,41
LIEN,LIEN,"Chicago Atlantic BDC, Inc. - Common Stock",avg_dollar_volume_30d_below_15m_usd,791202.07,41
LIFE,LIFE,Ethos Technologies Inc. - Class A Common Stock,avg_dollar_volume_30d_below_15m_usd,8327662.04,41
LIFT,LIFT,LifeX 2028 Income Bucket ETF,avg_dollar_volume_30d_below_15m_usd,21185.83,41
LILA,LILA,Liberty Latin America Ltd. - Class A Common Stock,avg_dollar_volume_30d_below_15m_usd,6321377.31,41
LILAK,LILAK,Liberty Latin America Ltd. - Class C Common Stock,avg_dollar_volume_30d_below_15m_usd,12020668.58,41
LIME,LIME,"Neutron Holdings, Inc. - Common Stock",avg_dollar_volume_30d_below_15m_usd,833672.19,1
LIMI,LIMI,Themes Lithium & Battery Metal Miners ETF,avg_dollar_volume_30d_below_15m_usd,41409.94,41
LIMN,LIMN,"Liminatus Pharma, Inc. - Class A Common Stock",avg_dollar_volume_30d_below_15m_usd,3621039.67,41
LINK,LINK,"Interlink Electronics, Inc. - Common Stock",avg_dollar_volume_30d_below_15m_usd,162437.74,41
LIQT,LIQT,"LiqTech International, Inc. - Common Stock",avg_dollar_volume_30d_below_15m_usd,560944.11,41
LITL,LITL,Simplify Piper Sandler US Small-Cap PLUS Income ETF,avg_dollar_volume_30d_below_15m_usd,48706.96,41
LITP,LITP,Sprott Lithium Miners ETF,avg_dollar_volume_30d_below_15m_usd,763955.54,41
LITS,LITS,"Lite Strategy, Inc. - Common Stock",avg_dollar_volume_30d_below_15m_usd,386290.26,41
LITU,LITU,T-REX 2X Long LITE Daily Target ETF,avg_dollar_volume_30d_below_15m_usd,2715558.78,33
LITZ,LITZ,Tradr 2X Short LITE Daily ETF,avg_dollar_volume_30d_below_15m_usd,11988206.21,41
LIVE,LIVE,Live Ventures Incorporated - Common Stock,avg_dollar_volume_30d_below_15m_usd,96339.53,40
LJAN,LJAN,Innovator Premium Income 15 Buffer ETF - January,avg_dollar_volume_30d_below_15m_usd,34579.94,40
LJUL,LJUL,Innovator Premium Income 15 Buffer ETF - July,avg_dollar_volume_30d_below_15m_usd,42530.95,41
LKFN,LKFN,Lakeland Financial Corporation - Common Stock,avg_dollar_volume_30d_below_15m_usd,14214968.99,41
LKOR,LKOR,FlexShares Credit-Scored US Long Corporate Bond Index Fund,avg_dollar_volume_30d_below_15m_usd,143076.81,41
LLDR,LLDR,Global X Long-Term Treasury Ladder ETF,avg_dollar_volume_30d_below_15m_usd,10388.15,41
LLYX,LLYX,Defiance Daily Target 2X Long LLY ETF,avg_dollar_volume_30d_below_15m_usd,13300979.69,41
LMNR,LMNR,Limoneira Co - Common Stock,avg_dollar_volume_30d_below_15m_usd,1525383.97,41
LMNX,LMNX,Defiance Daily Target 2x Long LMND ETF,avg_dollar_volume_30d_below_15m_usd,594056.07,41
LMRI,LMRI,"Lumexa Imaging Holdings, Inc. - Common Stock",avg_dollar_volume_30d_below_15m_usd,7284374.42,41
LMTL,LMTL,Direxion Daily LMT Bull 2X ETF,avg_dollar_volume_30d_below_15m_usd,862255.79,41
LMUB,LMUB,iShares Long-Term National Muni Bond ETF,avg_dollar_volume_30d_below_15m_usd,7125415.93,41
LNAI,LNAI,Lunai Bioworks Inc. - Common Stock,avg_dollar_volume_30d_below_15m_usd,5976075.94,41
LNGX,LNGX,Global X U.S. Natural Gas ETF,avg_dollar_volume_30d_below_15m_usd,546781.35,41
LNKS,LNKS,Linkers Industries Limited - Class A Ordinary Shares,avg_dollar_volume_30d_below_15m_usd,8013358.3,41
LNSR,LNSR,"LENSAR, Inc. - Common Stock",avg_dollar_volume_30d_below_15m_usd,538228.65,41
LNZA,LNZA,"LanzaTech Global, Inc. - Common Stock",avg_dollar_volume_30d_below_15m_usd,1490597.62,41
LOAN,LOAN,"Manhattan Bridge Capital, Inc - Common Stock",avg_dollar_volume_30d_below_15m_usd,143744.42,41
LOB,LOB,"Live Oak Bancshares, Inc. Common Stock",avg_dollar_volume_30d_below_15m_usd,11451774.5,41
LOBO,LOBO,LOBO TECHNOLOGIES LTD. - Class A Ordinary Shares,avg_dollar_volume_30d_below_15m_usd,2753585.99,41
LOCL,LOCL,Local Bounti Corporation Common Stock,avg_dollar_volume_30d_below_15m_usd,41486.97,41
LOCO,LOCO,"El Pollo Loco Holdings, Inc. - Common Stock",avg_dollar_volume_30d_below_15m_usd,5198158.53,41
LOCT,LOCT,Innovator Premium Income 15 Buffer ETF - October,avg_dollar_volume_30d_below_15m_usd,109001.9,40
LODE,LODE,Comstock Inc. Common Stock,avg_dollar_volume_30d_below_15m_usd,7359397.3,41
LODI,LODI,AAM SLC Low Duration Income ETF,avg_dollar_volume_30d_below_15m_usd,568618.89,41
LOGO,LOGO,Alpha Brands Consumption Leaders ETF,avg_dollar_volume_30d_below_15m_usd,26156.83,40
LOHA,LOHA,Roundhill HALO ETF,avg_dollar_volume_30d_below_15m_usd,1384821.16,38
LONA,LONA,"LeonaBio, Inc. - Common Stock",avg_dollar_volume_30d_below_15m_usd,185215.59,41
LONZ,LONZ,PIMCO Senior Loan Active Exchange-Traded Fund,avg_dollar_volume_30d_below_15m_usd,3820402.6,41
LOOP,LOOP,"Loop Industries, Inc. - Common Stock",avg_dollar_volume_30d_below_15m_usd,80876.2,41
LOPP,LOPP,Gabelli Love Our Planet & People ETF Gabelli Love Our Planet & People ETF,avg_dollar_volume_30d_below_15m_usd,20076.08,41
LOTI,LOTI,Liberty One Tactical Income ETF,avg_dollar_volume_30d_below_15m_usd,134391.36,40
LOUP,LOUP,Innovator Deepwater Frontier Tech ETF,avg_dollar_volume_30d_below_15m_usd,1460456.21,41
LOVE,LOVE,The Lovesac Company - Common Stock,avg_dollar_volume_30d_below_15m_usd,3641076.51,41
LOWV,LOWV,AB US Low Volatility Equity ETF,avg_dollar_volume_30d_below_15m_usd,745593.99,41
LPA,LPA,Logistic Properties of the Americas Ordinary Shares,avg_dollar_volume_30d_below_15m_usd,2847958.04,41
LPCN,LPCN,Lipocine Inc. - Common Stock,avg_dollar_volume_30d_below_15m_usd,213692.29,41
LPRE,LPRE,Long Pond Real Estate Select ETF,avg_dollar_volume_30d_below_15m_usd,592296.22,41
LPRO,LPRO,Open Lending Corporation - Common Stock,avg_dollar_volume_30d_below_15m_usd,12683771.46,41
LPSN,LPSN,"LivePerson, Inc. - Common Stock",avg_dollar_volume_30d_below_15m_usd,199596.42,41
LQ,LQ,Simplify Tax Aware Alternatives ETF,avg_dollar_volume_30d_below_15m_usd,43972.7,40
LQAI,LQAI,LG QRAFT AI-Powered U.S. Large Cap Core ETF,avg_dollar_volume_30d_below_15m_usd,25387.23,41
LQDB,LQDB,iShares BBB Rated Corporate Bond ETF,avg_dollar_volume_30d_below_15m_usd,562526.93,41
LQDH,LQDH,iShares Interest Rate Hedged Corporate Bond ETF,avg_dollar_volume_30d_below_15m_usd,3659497.73,41
LQDI,LQDI,iShares Inflation Hedged Corporate Bond ETF,avg_dollar_volume_30d_below_15m_usd,266965.05,41
LQDM,LQDM,Amplify LQD Investment Grade 12% Target Income ETF,avg_dollar_volume_30d_below_15m_usd,55701.2,41
LQDT,LQDT,"Liquidity Services, Inc. - Common Stock",avg_dollar_volume_30d_below_15m_usd,7605231.77,41
LQDW,LQDW,iShares Investment Grade Corporate Bond BuyWrite Strategy ETF,avg_dollar_volume_30d_below_15m_usd,1426070.24,41
LQID,LQID,Kurv Enhanced Short Maturity ETF,avg_dollar_volume_30d_below_15m_usd,280616.36,39
LQTI,LQTI,FT Vest Investment Grade & Target Income ETF,avg_dollar_volume_30d_below_15m_usd,1349224.69,41
LRCC,LRCC,Corgi LRCX 2x Daily ETF,avg_dollar_volume_30d_below_15m_usd,133619.19,3
LRCU,LRCU,Tradr 2X Long LRCX Daily ETF,avg_dollar_volume_30d_below_15m_usd,12170485.05,41
LRGC,LRGC,AB US Large Cap Strategic Equities ETF,avg_dollar_volume_30d_below_15m_usd,3875083.21,41
LRGE,LRGE,ClearBridge Large Cap Growth Select ETF,avg_dollar_volume_30d_below_15m_usd,1936700.1,41
LRGF,LRGF,iShares U.S. Equity Factor ETF,avg_dollar_volume_30d_below_15m_usd,12684200.92,41
LRGG,LRGG,Nomura Focused Large Growth ETF,avg_dollar_volume_30d_below_15m_usd,1875824.76,41
LRHC,LRHC,La Rosa Holdings Corp. - Common Stock,avg_dollar_volume_30d_below_15m_usd,636962.06,41
LRMR,LRMR,"Larimar Therapeutics, Inc. - Common Stock",avg_dollar_volume_30d_below_15m_usd,8933780.98,41
LRND,LRND,NYLI U.S. Large Cap R&D Leaders ETF,avg_dollar_volume_30d_below_15m_usd,1450860.3,41
LRNX,LRNX,Corgi LRN 2x Daily ETF,avg_dollar_volume_30d_below_15m_usd,24781.22,11
LRNZ,LRNZ,"TrueShares Technology, AI & Deep Learning ETF",avg_dollar_volume_30d_below_15m_usd,335834.3,41
LSAF,LSAF,LeaderShares AlphaFactor US Core Equity ETF,avg_dollar_volume_30d_below_15m_usd,183396.26,41
LSAK,LSAK,"Lesaka Technologies, Inc. - Common Stock",avg_dollar_volume_30d_below_15m_usd,671858.47,41
LSAT,LSAT,LeaderShares AlphaFactor Tactical Focused ETF,avg_dollar_volume_30d_below_15m_usd,97582.45,41
LSBK,LSBK,"Lake Shore Bancorp, Inc. - Common Stock",avg_dollar_volume_30d_below_15m_usd,145330.25,41
LSCP,LSCP,Natixis Loomis Sayles Dynamic Core Plus ETF,avg_dollar_volume_30d_below_15m_usd,5059305.51,10
LSE,LSE,"Leishen Energy Holding Co., Ltd. - Class A Ordinary Shares",avg_dollar_volume_30d_below_15m_usd,98112.86,41
LSEQ,LSEQ,Harbor Long-Short Equity ETF,avg_dollar_volume_30d_below_15m_usd,62865.23,41
LSF,LSF,"Laird Superfood, Inc. Common Stock",avg_dollar_volume_30d_below_15m_usd,301331.53,41
LSGR,LSGR,Natixis Loomis Sayles Focused Growth ETF,avg_dollar_volume_30d_below_15m_usd,3214547.91,41
LSH,LSH,Lakeside Holding Limited - Common Stock,avg_dollar_volume_30d_below_15m_usd,74314.22,41
LST,LST,Leuthold Select Industries ETF,avg_dollar_volume_30d_below_15m_usd,3927144.54,41
LSTA,LSTA,"Lisata Therapeutics, Inc. - Common Stock",avg_dollar_volume_30d_below_15m_usd,543396.73,40
LSTB,LSTB,Natixis Loomis Sayles Total Return Bond ETF,avg_dollar_volume_30d_below_15m_usd,5150201.02,10
LSVD,LSVD,LSV Disciplined Value ETF,avg_dollar_volume_30d_below_15m_usd,73721.27,41
LTAX,LTAX,Nomura Tax-Free USA ETF,avg_dollar_volume_30d_below_15m_usd,15610.63,41
LTBR,LTBR,Lightbridge Corporation - Common Stock,avg_dollar_volume_30d_below_15m_usd,9787997.68,41
LTCC,LTCC,Canary Litecoin ETF,avg_dollar_volume_30d_below_15m_usd,168115.85,41
LTL,LTL,ProShares Ultra Communication Services,avg_dollar_volume_30d_below_15m_usd,58330.14,41
LTPZ,LTPZ,Pimco 15  Year U.S. TIPS Index Exchange-Traded Fund,avg_dollar_volume_30d_below_15m_usd,7332823.65,41
LTRN,LTRN,Lantern Pharma Inc. - Common Stock,avg_dollar_volume_30d_below_15m_usd,742624.69,41
LTRX,LTRX,"Lantronix, Inc. - Common Stock",avg_dollar_volume_30d_below_15m_usd,10642764.6,41
LTTI,LTTI,FT Vest 20+ Year Treasury & Target Income ETF,avg_dollar_volume_30d_below_15m_usd,120733.6,41
LUCD,LUCD,Lucid Diagnostics Inc. - Common Stock,avg_dollar_volume_30d_below_15m_usd,1525425.11,41
LUCK,LUCK,Lucky Strike Entertainment Corporation Class A Common Stock,avg_dollar_volume_30d_below_15m_usd,1104199.84,41
LUCY,LUCY,"Innovative Eyewear, Inc. - Common Stock",avg_dollar_volume_30d_below_15m_usd,10109268.34,41
LUD,LUD,Luda Technology Group Limited Ordinary Shares,avg_dollar_volume_30d_below_15m_usd,510506.08,41
LULG,LULG,Leverage Shares 2X Long LULU Daily ETF,avg_dollar_volume_30d_below_15m_usd,1391050.56,41
LUNG,LUNG,Pulmonx Corporation - Common Stock,avg_dollar_volume_30d_below_15m_usd,653249.16,41
LVDS,LVDS,JPMorgan Fundamental Data Science Large Value ETF,avg_dollar_volume_30d_below_15m_usd,132053.22,41
LVHD,LVHD,Franklin U.S. Low Volatility High Dividend Index ETF,avg_dollar_volume_30d_below_15m_usd,3143899.19,41
LVIG,LVIG,Longview Advantage Fixed Income ETF,avg_dollar_volume_30d_below_15m_usd,283132.24,40
LVLN,LVLN,State Street SPDR S&P Leveraged Loan ETF,avg_dollar_volume_30d_below_15m_usd,173091.67,40
LVLU,LVLU,"Lulu's Fashion Lounge Holdings, Inc. - Common Stock",avg_dollar_volume_30d_below_15m_usd,103186.86,40
LVO,LVO,"LiveOne, Inc. - Common Stock",avg_dollar_volume_30d_below_15m_usd,473504.63,41
LVWR,LVWR,"LiveWire Group, Inc. Common Stock",avg_dollar_volume_30d_below_15m_usd,385360.75,41
LWAY,LWAY,"Lifeway Foods, Inc. - Common Stock",avg_dollar_volume_30d_below_15m_usd,5533573.85,41
LXEO,LXEO,"Lexeo Therapeutics, Inc. - Common Stock",avg_dollar_volume_30d_below_15m_usd,4244589.05,41
LXFR,LXFR,Luxfer Holdings PLC Ordinary Shares,avg_dollar_volume_30d_below_15m_usd,2776364.01,41
LXRX,LXRX,"Lexicon Pharmaceuticals, Inc. - Common Stock",avg_dollar_volume_30d_below_15m_usd,8702350.02,41
LXU,LXU,"LSB Industries, Inc. Common Stock",avg_dollar_volume_30d_below_15m_usd,10195010.74,41
LYEL,LYEL,"Lyell Immunopharma, Inc. - Common Stock",avg_dollar_volume_30d_below_15m_usd,2834296.26,41
LYLD,LYLD,Cambria Large Cap Shareholder Yield ETF,avg_dollar_volume_30d_below_15m_usd,26808.09,41
LYTS,LYTS,LSI Industries Inc. - Common Stock,avg_dollar_volume_30d_below_15m_usd,12473667.91,41
LZM,LZM,Lifezone Metals Limited Ordinary Shares,avg_dollar_volume_30d_below_15m_usd,2805792.71,41
LZMH,LZMH,LZ Technology Holdings Limited - Class B Ordinary Shares,avg_dollar_volume_30d_below_15m_usd,605811.01,41
MAAS,MAAS,Maase Inc. - Class A Ordinary Shares,avg_dollar_volume_30d_below_15m_usd,1995990.18,41
MAAY,MAAY,GraniteShares YieldBOOST MARA ETF,avg_dollar_volume_30d_below_15m_usd,84243.13,41
MADE,MADE,iShares U.S. Manufacturing ETF,avg_dollar_volume_30d_below_15m_usd,781412.69,41
MAGA,MAGA,Point Bridge America First ETF,avg_dollar_volume_30d_below_15m_usd,85129.79,41
MAGC,MAGC,Roundhill China Magnificent Seven ETF,avg_dollar_volume_30d_below_15m_usd,125127.24,41
MAGG,MAGG,Madison Aggregate Bond ETF,avg_dollar_volume_30d_below_15m_usd,102274.81,41
MAGH,MAGH,Magnitude International Ltd - Ordinary Shares,avg_dollar_volume_30d_below_15m_usd,0.0,40
MAGN,MAGN,Magnera Corporation Common Stock,avg_dollar_volume_30d_below_15m_usd,4159883.01,41
MAGO,MAGO,Tuttle Capital Magnificent 7 Income Blast ETF,avg_dollar_volume_30d_below_15m_usd,46778.27,41
MAGX,MAGX,Roundhill Daily 2X Long Magnificent Seven ETF,avg_dollar_volume_30d_below_15m_usd,4121429.63,41
MAGY,MAGY,Roundhill Magnificent Seven Covered Call ETF,avg_dollar_volume_30d_below_15m_usd,3121974.07,41
MAIA,MAIA,"MAIA Biotechnology, Inc. Common Stock",avg_dollar_volume_30d_below_15m_usd,1227021.38,41
MAKO,MAKO,Mako Mining Corp - Common Stock,avg_dollar_volume_30d_below_15m_usd,1260825.62,41
MAKX,MAKX,ProShares S&P Kensho Smart Factories ETF,avg_dollar_volume_30d_below_15m_usd,129467.63,41
MAMA,MAMA,"Mama's Creations, Inc. - Common Stock",avg_dollar_volume_30d_below_15m_usd,12889474.93,41
MAMB,MAMB,Monarch Ambassador Income Index ETF,avg_dollar_volume_30d_below_15m_usd,520138.9,41
MAMK,MAMK,MaxsMaking Inc. - Class A Ordinary Shares,avg_dollar_volume_30d_below_15m_usd,0.0,40
MAMO,MAMO,Massimo Group - Common Stock,avg_dollar_volume_30d_below_15m_usd,534457.02,41
MANI,MANI,Man Active Income ETF,avg_dollar_volume_30d_below_15m_usd,107966.0,40
MAPP,MAPP,Harbor Multi-Asset Explorer ETF,avg_dollar_volume_30d_below_15m_usd,10384.87,41
MARM,MARM,FT Vest U.S. Equity Max Buffer ETF - March,avg_dollar_volume_30d_below_15m_usd,127393.32,41
MARO,MARO,YieldMax MARA Option Income Strategy ETF,avg_dollar_volume_30d_below_15m_usd,3993682.55,41
MARS,MARS,Roundhill Space & Technology ETF,avg_dollar_volume_30d_below_15m_usd,7422691.69,41
MART,MART,AllianzIM U.S. Large Cap Buffer10 Mar ETF,avg_dollar_volume_30d_below_15m_usd,33255.91,41
MARU,MARU,AllianzIM U.S. Equity Buffer15 Uncapped Mar ETF,avg_dollar_volume_30d_below_15m_usd,32454.02,41
MARW,MARW,AllianzIM U.S. Large Cap Buffer20 Mar ETF,avg_dollar_volume_30d_below_15m_usd,87992.15,41
MARZ,MARZ,TrueShares Structured Outcome (March) ETF,avg_dollar_volume_30d_below_15m_usd,373072.68,41
MASS,MASS,908 Devices Inc. - Common Stock,avg_dollar_volume_30d_below_15m_usd,2779885.69,41
MATE,MATE,Man Active Trend Enhanced ETF,avg_dollar_volume_30d_below_15m_usd,179774.17,40
MATH,MATH,Metalpha Technology Holding Limited - Ordinary Shares,avg_dollar_volume_30d_below_15m_usd,80241.21,40
MATV,MATV,"Mativ Holdings, Inc. Common Stock",avg_dollar_volume_30d_below_15m_usd,4269156.28,41
MATW,MATW,Matthews International Corporation - Class A Common Stock,avg_dollar_volume_30d_below_15m_usd,9510332.67,41
MAUG,MAUG,Pacer Swan SOS Moderate (August) ETF,avg_dollar_volume_30d_below_15m_usd,5623.15,41
MAVF,MAVF,Matrix Advisors Value ETF,avg_dollar_volume_30d_below_15m_usd,61667.5,41
MAX,MAX,"MediaAlpha, Inc. Class A Common Stock",avg_dollar_volume_30d_below_15m_usd,7838488.58,41
MAXI,MAXI,Simplify Bitcoin Strategy PLUS Income ETF,avg_dollar_volume_30d_below_15m_usd,251486.71,41
MAXJ,MAXJ,iShares Large Cap Max Buffer Jun ETF,avg_dollar_volume_30d_below_15m_usd,1869488.58,41
MAYC,MAYC,Corgi U.S. Equities 10% Structured Buffer ETF - May Series,avg_dollar_volume_30d_below_15m_usd,55170.25,41
MAYM,MAYM,FT Vest U.S. Equity Max Buffer ETF - May,avg_dollar_volume_30d_below_15m_usd,176798.51,41
MAYP,MAYP,PGIM S&P 500 Buffer 12 ETF - May,avg_dollar_volume_30d_below_15m_usd,107447.74,41
MAYS,MAYS,"J. W. Mays, Inc. - Common Stock",avg_dollar_volume_30d_below_15m_usd,88209.37,40
MAYT,MAYT,AllianzIM U.S. Large Cap Buffer10 May ETF,avg_dollar_volume_30d_below_15m_usd,1051702.61,41
MAYU,MAYU,AllianzIM U.S. Equity Buffer15 Uncapped May ETF,avg_dollar_volume_30d_below_15m_usd,363816.47,41
MAYW,MAYW,AllianzIM U.S. Large Cap Buffer20 May ETF,avg_dollar_volume_30d_below_15m_usd,2712101.61,41
MAYZ,MAYZ,TrueShares Structured Outcome (May) ETF,avg_dollar_volume_30d_below_15m_usd,322931.18,41
MB,MB,MasterBeef Group - Ordinary Shares,avg_dollar_volume_30d_below_15m_usd,77322.26,41
MBAI,MBAI,Check-Cap Ltd. - Ordinary Share,avg_dollar_volume_30d_below_15m_usd,91649.47,41
MBBA,MBBA,iShares Mortgage-Backed Securities Active ETF,avg_dollar_volume_30d_below_15m_usd,1402841.72,41
MBBB,MBBB,VanEck Moody's Analytics BBB Corporate Bond ETF,avg_dollar_volume_30d_below_15m_usd,14808.37,41
MBBC,MBBC,"Marathon Bancorp, Inc. - Common Stock",avg_dollar_volume_30d_below_15m_usd,252311.15,40
MBCE,MBCE,Monarch Blue Chips Elite Index ETF,avg_dollar_volume_30d_below_15m_usd,997966.36,41
MBI,MBI,MBIA Inc. Common Stock,avg_dollar_volume_30d_below_15m_usd,2021089.83,41
MBIN,MBIN,Merchants Bancorp - Common Stock,avg_dollar_volume_30d_below_15m_usd,8326361.7,41
MBIO,MBIO,"Mustang Bio, Inc. - Common Stock",avg_dollar_volume_30d_below_15m_usd,156634.33,41
MBND,MBND,State Street Nuveen Municipal Bond ETF,avg_dollar_volume_30d_below_15m_usd,148418.5,41
MBOT,MBOT,Microbot Medical Inc.  - Common Stock,avg_dollar_volume_30d_below_15m_usd,2083377.0,41
MBOX,MBOX,Freedom Day Dividend ETF,avg_dollar_volume_30d_below_15m_usd,157022.26,41
MBRX,MBRX,"Moleculin Biotech, Inc. - Common Stock",avg_dollar_volume_30d_below_15m_usd,2415140.9,41
MBS,MBS,Angel Oak Mortgage-Backed Securities ETF,avg_dollar_volume_30d_below_15m_usd,410379.3,41
MBSD,MBSD,FlexShares Disciplined Duration MBS Index Fund,avg_dollar_volume_30d_below_15m_usd,204802.74,41
MBSF,MBSF,Regan Floating Rate MBS ETF,avg_dollar_volume_30d_below_15m_usd,1250308.82,41
MBSX,MBSX,Regan Fixed Rate MBS ETF,avg_dollar_volume_30d_below_15m_usd,137336.58,41
MBUU,MBUU,"Malibu Boats, Inc. - Common Stock",avg_dollar_volume_30d_below_15m_usd,8435354.73,41
MBWM,MBWM,Mercantile Bank Corporation - Common Stock,avg_dollar_volume_30d_below_15m_usd,7941354.7,41
MCB,MCB,Metropolitan Bank Holding Corp. Common Stock,avg_dollar_volume_30d_below_15m_usd,12593829.56,41
MCBS,MCBS,"MetroCity Bankshares, Inc. - Common Stock",avg_dollar_volume_30d_below_15m_usd,3321268.25,41
MCDS,MCDS,JPMorgan Fundamental Data Science Mid Core ETF,avg_dollar_volume_30d_below_15m_usd,7525.37,40
MCFT,MCFT,"MasterCraft Boat Holdings, Inc. - Common Stock",avg_dollar_volume_30d_below_15m_usd,3577913.72,41
MCH,MCH,Matthews China Active ETF,avg_dollar_volume_30d_below_15m_usd,87638.92,41
MCHB,MCHB,Mechanics Bancorp - Class A Common Stock,avg_dollar_volume_30d_below_15m_usd,7291161.43,41
MCHG,MCHG,Leverage Shares 2X Long MCHP Daily ETF,avg_dollar_volume_30d_below_15m_usd,102769.9,16
MCHS,MCHS,Matthews China Innovators Active ETF,avg_dollar_volume_30d_below_15m_usd,580282.98,41
MCHU,MCHU,Tradr 2X Long MCHP Daily ETF,avg_dollar_volume_30d_below_15m_usd,222214.05,29
MCHX,MCHX,"Marchex, Inc. - Class B Common Stock",avg_dollar_volume_30d_below_15m_usd,32822.89,41
MCI,MCI,Barings Corporate Investors Common Stock,avg_dollar_volume_30d_below_15m_usd,561173.22,41
MCOW,MCOW,Pacer S&P MidCap 400 Quality FCF Aristocrats ETF,avg_dollar_volume_30d_below_15m_usd,61302.32,41
MCRB,MCRB,"Seres Therapeutics, Inc. - Common Stock",avg_dollar_volume_30d_below_15m_usd,728601.92,41
MCRP,MCRP,Micropolis AI Robotics Ordinary Shares,avg_dollar_volume_30d_below_15m_usd,1626439.15,41
MCS,MCS,Marcus Corporation (The) Common Stock,avg_dollar_volume_30d_below_15m_usd,6147541.6,41
MCTA,MCTA,Charming Medical Limited - Class A Ordinary Shares,avg_dollar_volume_30d_below_15m_usd,0.0,40
MCVT,MCVT,Miller Convertible Total Return ETF,avg_dollar_volume_30d_below_15m_usd,241697.97,41
MDAA,MDAA,Myriad Dynamic Asset Allocation ETF,avg_dollar_volume_30d_below_15m_usd,84455.07,40
MDAI,MDAI,"Spectral AI, Inc. - Class A Common Stock",avg_dollar_volume_30d_below_15m_usd,964940.48,41
MDBH,MDBH,"MDB Capital Holdings, LLC - Class A common ",avg_dollar_volume_30d_below_15m_usd,15475.63,40
MDCR,MDCR,Pacer Swan SOS Moderate December ETF,avg_dollar_volume_30d_below_15m_usd,9812.71,18
MDCX,MDCX,Medicus Pharma Ltd. - Common Stock,avg_dollar_volume_30d_below_15m_usd,945792.02,41
MDEV,MDEV,First Trust Indxx Medical Devices ETF,avg_dollar_volume_30d_below_15m_usd,74001.34,41
MDIA,MDIA,Mediaco Holding Inc. - Class A Common Stock,avg_dollar_volume_30d_below_15m_usd,157527.54,41
MDIV,MDIV,Multi-Asset Diversified Income Index Fund,avg_dollar_volume_30d_below_15m_usd,1106838.04,41
MDLV,MDLV,Morgan Dempsey Large Cap Value ETF,avg_dollar_volume_30d_below_15m_usd,188292.72,41
MDPL,MDPL,Monarch Dividend Plus Index ETF,avg_dollar_volume_30d_below_15m_usd,371739.22,41
MDRR,MDRR,"Medalist Diversified, Inc. - Common Stock",avg_dollar_volume_30d_below_15m_usd,38031.28,40
MDST,MDST,Westwood Salient Enhanced Midstream Income ETF,avg_dollar_volume_30d_below_15m_usd,1814250.15,41
MDV,MDV,"Modiv Industrial, Inc. Class C Common Stock",avg_dollar_volume_30d_below_15m_usd,1200966.84,41
MDWD,MDWD,MediWound Ltd. - Ordinary Shares,avg_dollar_volume_30d_below_15m_usd,1600683.51,41
MDXG,MDXG,"MiMedx Group, Inc - Common Stock",avg_dollar_volume_30d_below_15m_usd,4963672.6,41
MDXH,MDXH,MDxHealth SA - Ordinary Shares,avg_dollar_volume_30d_below_15m_usd,437149.16,41
MDYG,MDYG,State Street SPDR S&P 400 Mid Cap Growth ETF,avg_dollar_volume_30d_below_15m_usd,9586321.35,41
MDYV,MDYV,State Street SPDR S&P 400 Mid Cap Value ETF,avg_dollar_volume_30d_below_15m_usd,7451606.65,41
MEAR,MEAR,iShares Short Maturity Municipal Bond Active ETF,avg_dollar_volume_30d_below_15m_usd,8320908.07,41
MED,MED,MEDIFAST INC Common Stock,avg_dollar_volume_30d_below_15m_usd,2795102.81,41
MEDI,MEDI,Harbor Health Care ETF,avg_dollar_volume_30d_below_15m_usd,193679.9,41
MEDX,MEDX,Horizon Kinetics Medical ETF,avg_dollar_volume_30d_below_15m_usd,63272.5,40
MEGL,MEGL,Magic Empire Global Limited - Class A Ordinary Shares,avg_dollar_volume_30d_below_15m_usd,81262.21,41
MEI,MEI,"Methode Electronics, Inc. Common Stock",avg_dollar_volume_30d_below_15m_usd,13042652.01,41
MEM,MEM,Matthews Emerging Markets Equity Active ETF,avg_dollar_volume_30d_below_15m_usd,132276.59,41
MEMA,MEMA,Man Active Emerging Markets Alternative ETF,avg_dollar_volume_30d_below_15m_usd,277709.45,41
MEME,MEME,Roundhill Meme Stock ETF,avg_dollar_volume_30d_below_15m_usd,2041520.33,41
MEMS,MEMS,Matthews Emerging Markets Discovery Active ETF,avg_dollar_volume_30d_below_15m_usd,24833.5,40
MEMX,MEMX,Matthews Emerging Markets ex China Active ETF,avg_dollar_volume_30d_below_15m_usd,173795.85,41
MEMY,MEMY,Tuttle Capital Meme Stock Income Blast ETF,avg_dollar_volume_30d_below_15m_usd,14869.26,41
MENS,MENS,Jyong Biotech Ltd. - Ordinary shares,avg_dollar_volume_30d_below_15m_usd,240669.72,41
MERC,MERC,Mercer International Inc. - Common Stock,avg_dollar_volume_30d_below_15m_usd,436477.27,41
METCB,METCB,"Ramaco Resources, Inc. - Class B Common Stock",avg_dollar_volume_30d_below_15m_usd,641201.94,41
METD,METD,Direxion Daily META Bear 1X ETF,avg_dollar_volume_30d_below_15m_usd,7940232.09,41
METG,METG,Leverage Shares 2X Long META Daily ETF,avg_dollar_volume_30d_below_15m_usd,37865.1,1
METL,METL,Sprott Active Metals & Miners ETF,avg_dollar_volume_30d_below_15m_usd,732821.24,41
METV,METV,Roundhill Ball Metaverse ETF,avg_dollar_volume_30d_below_15m_usd,1049292.72,41
METW,METW,Roundhill META WeeklyPay ETF,avg_dollar_volume_30d_below_15m_usd,532552.19,41
MEXX,MEXX,Direxion Daily MSCI Mexico Bull 3X ETF,avg_dollar_volume_30d_below_15m_usd,584821.72,41
MFDX,MFDX,PIMCO RAFI Dynamic Multi-Factor International Equity ETF,avg_dollar_volume_30d_below_15m_usd,775518.78,41
MFEB,MFEB,Pacer Swan SOS Moderate (February) ETF,avg_dollar_volume_30d_below_15m_usd,5631.14,41
MFEM,MFEM,PIMCO RAFI Dynamic Multi-Factor Emerging Markets Equity ETF,avg_dollar_volume_30d_below_15m_usd,875100.48,41
MFI,MFI,mF International Limited - Class A Ordinary Shares,avg_dollar_volume_30d_below_15m_usd,151944.63,40
MFIG,MFIG,Motley Fool Innovative Growth ETF,avg_dollar_volume_30d_below_15m_usd,240583.61,41
MFIN,MFIN,Medallion Financial Corp. - Common Stock,avg_dollar_volume_30d_below_15m_usd,1059916.2,41
MFLX,MFLX,First Trust Flexible Municipal High Income ETF,avg_dollar_volume_30d_below_15m_usd,118843.75,40
MFMO,MFMO,Motley Fool Momentum Factor ETF,avg_dollar_volume_30d_below_15m_usd,402414.23,41
MFP,MFP,"Midera Food Processing, Inc. - Common Stock",avg_dollar_volume_30d_below_15m_usd,8370291.64,1
MFSB,MFSB,MFS Active Core Plus Bond ETF,avg_dollar_volume_30d_below_15m_usd,2870540.54,41
MFSG,MFSG,MFS Active Growth ETF,avg_dollar_volume_30d_below_15m_usd,1740170.11,41
MFSI,MFSI,MFS Active International ETF,avg_dollar_volume_30d_below_15m_usd,6366125.92,41
MFSM,MFSM,MFS Active Intermediate Muni Bond ETF,avg_dollar_volume_30d_below_15m_usd,374628.59,41
MFSV,MFSV,MFS Active Value ETF,avg_dollar_volume_30d_below_15m_usd,3794090.02,41
MFUL,MFUL,Mindful Conservative ETF,avg_dollar_volume_30d_below_15m_usd,10289.78,41
MFUS,MFUS,PIMCO RAFI Dynamic Multi-Factor U.S. Equity ETF,avg_dollar_volume_30d_below_15m_usd,941617.78,41
MFUT,MFUT,Cambria Chesapeake Pure Trend ETF,avg_dollar_volume_30d_below_15m_usd,157595.74,41
MFVL,MFVL,Motley Fool Value Factor ETF,avg_dollar_volume_30d_below_15m_usd,83552.21,40
MG,MG,Mistras Group Inc Common Stock,avg_dollar_volume_30d_below_15m_usd,3914835.82,41
MGIH,MGIH,Millennium Group International Holdings Limited - Ordinary Shares,avg_dollar_volume_30d_below_15m_usd,113057.07,41
MGKX,MGKX,Corgi U.S. Mega-Cap Growth 2x Daily ETF,avg_dollar_volume_30d_below_15m_usd,14852.81,25
MGLD,MGLD,"The Marygold Companies, Inc. Common Stock",avg_dollar_volume_30d_below_15m_usd,28942.9,41
MGMT,MGMT,Ballast Small/Mid Cap ETF,avg_dollar_volume_30d_below_15m_usd,434041.92,41
MGN,MGN,Megan Holdings Limited - Class A Ordinary Shares,avg_dollar_volume_30d_below_15m_usd,3787302.61,41
MGNR,MGNR,American Beacon Select Funds American Beacon GLG Natural Resources ETF,avg_dollar_volume_30d_below_15m_usd,4295597.67,41
MGNX,MGNX,"MacroGenics, Inc. - Common Stock",avg_dollar_volume_30d_below_15m_usd,4769872.35,41
MGOV,MGOV,First Trust Intermediate Government Opportunities ETF,avg_dollar_volume_30d_below_15m_usd,601529.24,41
MGPI,MGPI,"MGP Ingredients, Inc. - Common Stock",avg_dollar_volume_30d_below_15m_usd,3569687.63,41
MGRT,MGRT,Mega Fortune Company Limited - Ordinary Shares,avg_dollar_volume_30d_below_15m_usd,845396.11,40
MGRX,MGRX,"Mangoceuticals, Inc. - Common Stock",avg_dollar_volume_30d_below_15m_usd,559161.04,41
MGTX,MGTX,MeiraGTx Holdings plc - Ordinary Shares,avg_dollar_volume_30d_below_15m_usd,12541839.62,41
MGX,MGX,"Metagenomi Therapeutics, Inc. - Common Stock",avg_dollar_volume_30d_below_15m_usd,209647.89,41
MGYR,MGYR,"Magyar Bancorp, Inc. - Common Stock",avg_dollar_volume_30d_below_15m_usd,63629.7,40
MH,MH,"McGraw Hill, Inc. Common Stock",avg_dollar_volume_30d_below_15m_usd,10144676.62,41
MHH,MHH,"Mastech Digital, Inc Common Stock",avg_dollar_volume_30d_below_15m_usd,181334.53,41
MHIG,MHIG,Milliman Healthcare Inflation Guard ETF,avg_dollar_volume_30d_below_15m_usd,2120.87,41
MHIP,MHIP,Milliman Healthcare Inflation Plus ETF,avg_dollar_volume_30d_below_15m_usd,3910.43,41
MHY,MHY,Man Active High Yield ETF,avg_dollar_volume_30d_below_15m_usd,348457.8,40
MI,MI,NFT Limited Class A Ordinary Share,avg_dollar_volume_30d_below_15m_usd,81972.71,41
MIC,MIC,Corgi MU 2x Daily ETF,avg_dollar_volume_30d_below_15m_usd,255452.09,9
MID,MID,American Century Mid Cap Growth Impact ETF,avg_dollar_volume_30d_below_15m_usd,226623.19,41
MIDE,MIDE,Xtrackers S&P MidCap 400 Scored & Screened ETF,avg_dollar_volume_30d_below_15m_usd,25979.42,41
MIDU,MIDU,Direxion Mid Cap Bull 3X ETF,avg_dollar_volume_30d_below_15m_usd,1789312.78,41
MIG,MIG,VanEck Moody's Analytics IG Corporate Bond ETF,avg_dollar_volume_30d_below_15m_usd,63847.29,41
MIGO,MIGO,MIG Core ETF,avg_dollar_volume_30d_below_15m_usd,274318.79,41
MILK,MILK,Pacer US Cash Cows Bond ETF,avg_dollar_volume_30d_below_15m_usd,78311.69,41
MILN,MILN,Global X Millennial Consumer ETF,avg_dollar_volume_30d_below_15m_usd,354547.86,41
MIMI,MIMI,Mint Incorporation Limited - Class A Ordinary Shares,avg_dollar_volume_30d_below_15m_usd,5699900.67,41
MIND,MIND,"MIND Technology, Inc. - Common Stock",avg_dollar_volume_30d_below_15m_usd,609217.81,41
MINE,MINE,Mayfair Gold Corp. Common Shares,avg_dollar_volume_30d_below_15m_usd,136167.13,41
MINN,MINN,Mairs & Power Minnesota Municipal Bond ETF,avg_dollar_volume_30d_below_15m_usd,121812.89,41
MINO,MINO,PIMCO Municipal Income Opportunities Active Exchange-Traded Fund,avg_dollar_volume_30d_below_15m_usd,4857993.05,41
MINV,MINV,Matthews Asia Innovators Active ETF,avg_dollar_volume_30d_below_15m_usd,821303.15,41
MINY,MINY,YieldMax Strategic Metals & Mining Portfolio Option Income ETF,avg_dollar_volume_30d_below_15m_usd,183272.6,41
MIRA,MIRA,"MIRA Pharmaceuticals, Inc. - Common Stock",avg_dollar_volume_30d_below_15m_usd,114865.23,41
MISL,MISL,First Trust Indxx Aerospace & Defense ETF,avg_dollar_volume_30d_below_15m_usd,5768262.54,41
MIST,MIST,Milestone Pharmaceuticals Inc. - Common Shares,avg_dollar_volume_30d_below_15m_usd,1792750.86,41
MITQ,MITQ,"Moving iMage Technologies, Inc. Common Stock",avg_dollar_volume_30d_below_15m_usd,35857.23,41
MIVL,MIVL,MFS Active International Value ETF,avg_dollar_volume_30d_below_15m_usd,860723.8,23
MJ,MJ,Amplify Alternative Harvest ETF,avg_dollar_volume_30d_below_15m_usd,1162430.86,41
MJSC,MJSC,MUFG Japan Small Cap Active ETF,avg_dollar_volume_30d_below_15m_usd,272262.28,41
MJUN,MJUN,Pacer Swan SOS Moderate June ETF,avg_dollar_volume_30d_below_15m_usd,63492.07,18
MKAM,MKAM,MKAM ETF,avg_dollar_volume_30d_below_15m_usd,14908.27,41
MKDW,MKDW,MKDWELL Tech Inc. - Ordinary Shares,avg_dollar_volume_30d_below_15m_usd,169676.94,41
MKOR,MKOR,Matthews Korea Active ETF,avg_dollar_volume_30d_below_15m_usd,1331102.84,41
MKTN,MKTN,Federated Hermes MDT Market Neutral ETF,avg_dollar_volume_30d_below_15m_usd,853908.01,40
MKTW,MKTW,"MarketWise, Inc. - Class A Common Stock",avg_dollar_volume_30d_below_15m_usd,277414.97,41
MKZR,MKZR,"MacKenzie Realty Capital, Inc. - Common Stock",avg_dollar_volume_30d_below_15m_usd,47750.99,41
MLCI,MLCI,Mount Logan Capital Inc. - Common Stock,avg_dollar_volume_30d_below_15m_usd,121375.6,40
MLDR,MLDR,Global X Intermediate-Term Treasury Ladder ETF,avg_dollar_volume_30d_below_15m_usd,15924.49,41
MLEC,MLEC,Moolec Science SA - Ordinary Shares,avg_dollar_volume_30d_below_15m_usd,179554.48,41
MLGO,MLGO,"MicroAlgo, Inc. - Ordinary Shares",avg_dollar_volume_30d_below_15m_usd,617534.22,41
MLN,MLN,VanEck Long Muni ETF,avg_dollar_volume_30d_below_15m_usd,3293819.25,41
MLP,MLP,"Maui Land & Pineapple Company, Inc. Common Stock",avg_dollar_volume_30d_below_15m_usd,335136.37,41
MLPA,MLPA,Global X MLP ETF,avg_dollar_volume_30d_below_15m_usd,9431175.41,41
MLPD,MLPD,Global X MLP & Energy Infrastructure Covered Call ETF,avg_dollar_volume_30d_below_15m_usd,215829.75,41
MLR,MLR,"Miller Industries, Inc. Common Stock",avg_dollar_volume_30d_below_15m_usd,3808670.09,41
MLSS,MLSS,"Milestone Scientific, Inc. Common Stock",avg_dollar_volume_30d_below_15m_usd,63558.02,41
MMA,MMA,Mixed Martial Arts Group Limited Ordinary Shares,avg_dollar_volume_30d_below_15m_usd,941217.25,41
MMAR,MMAR,Pacer Swan SOS Moderate March ETF,avg_dollar_volume_30d_below_15m_usd,10704.21,18
MMAX,MMAX,iShares Large Cap Max Buffer Mar ETF,avg_dollar_volume_30d_below_15m_usd,157712.38,41
MMAY,MMAY,Pacer Swan SOS Moderate (May) ETF,avg_dollar_volume_30d_below_15m_usd,30439.35,41
MMCA,MMCA,NYLI MacKay California Muni Intermediate ETF,avg_dollar_volume_30d_below_15m_usd,476665.14,41
MMI,MMI,"Marcus & Millichap, Inc. Common Stock",avg_dollar_volume_30d_below_15m_usd,6415824.13,41
MMID,MMID,MFS Active Mid Cap ETF,avg_dollar_volume_30d_below_15m_usd,15233.85,41
MMIN,MMIN,NYLI MacKay Muni Insured ETF,avg_dollar_volume_30d_below_15m_usd,1619347.78,41
MMIT,MMIT,NYLI MacKay Muni Intermediate ETF,avg_dollar_volume_30d_below_15m_usd,5244504.74,41
MMK,MMK,State Street Prime Money Market ETF,avg_dollar_volume_30d_below_15m_usd,280453.3,41
MMKT,MMKT,Texas Capital Government Money Market ETF,avg_dollar_volume_30d_below_15m_usd,786011.79,41
MMMA,MMMA,NYLI MacKay Muni Allocation ETF,avg_dollar_volume_30d_below_15m_usd,19982.52,41
MMSC,MMSC,First Trust Multi-Manager Small Cap Opportunities ETF,avg_dollar_volume_30d_below_15m_usd,131935.0,41
MMSD,MMSD,NYLI MacKay Muni Short Duration ETF,avg_dollar_volume_30d_below_15m_usd,343291.0,41
MMTM,MMTM,State Street SPDR S&P 1500 Momentum Tilt ETF,avg_dollar_volume_30d_below_15m_usd,404925.36,41
MNA,MNA,NYLI Merger Arbitrage ETF,avg_dollar_volume_30d_below_15m_usd,1254308.53,41
MNBD,MNBD,ALPS BBH Intermediate Municipal Bond ETF,avg_dollar_volume_30d_below_15m_usd,194358.74,41
MNDO,MNDO,MIND C.T.I. Ltd. - Ordinary Shares,avg_dollar_volume_30d_below_15m_usd,52314.13,41
MNDR,MNDR,Mobile-health Network Solutions - Class A Ordinary Shares,avg_dollar_volume_30d_below_15m_usd,573138.35,41
MNOV,MNOV,"MediciNova, Inc. - Common Stock",avg_dollar_volume_30d_below_15m_usd,83691.38,41
MNPR,MNPR,Monopar Therapeutics Inc. - Common Stock,avg_dollar_volume_30d_below_15m_usd,11639976.09,41
MNRS,MNRS,Grayscale Bitcoin Miners ETF,avg_dollar_volume_30d_below_15m_usd,679179.69,41
MNSB,MNSB,"MainStreet Bancshares, Inc. - Common Stock",avg_dollar_volume_30d_below_15m_usd,1168785.47,41
MNSX,MNSX,Corgi MNST 2x Daily ETF,avg_dollar_volume_30d_below_15m_usd,43297.87,11
MNTK,MNTK,"Montauk Renewables, Inc. - Common Stock",avg_dollar_volume_30d_below_15m_usd,298298.74,41
MNTN,MNTN,"MNTN, Inc. Class A Common Stock",avg_dollar_volume_30d_below_15m_usd,13758809.23,41
MNVR,MNVR,Pacer Swan SOS Moderate (November) ETF,avg_dollar_volume_30d_below_15m_usd,5847.1,41
MNVT,MNVT,Moonvest ETF,avg_dollar_volume_30d_below_15m_usd,1571480.2,41
MNY,MNY,MoneyHero Limited - Class A Ordinary Shares,avg_dollar_volume_30d_below_15m_usd,69995.01,41
MNZL,MNZL,Manzil Russell Halal USA Broad Market ETF,avg_dollar_volume_30d_below_15m_usd,315783.71,41
MOB,MOB,Mobilicom Limited - Ordinary Shares,avg_dollar_volume_30d_below_15m_usd,1025750.71,41
MOBI,MOBI,"Mobia Medical, Inc. - Common Stock",avg_dollar_volume_30d_below_15m_usd,2655381.57,41
MOBX,MOBX,"Mobix Labs, Inc. - Class A Common Stock",avg_dollar_volume_30d_below_15m_usd,5078452.58,41
MODD,MODD,"Modular Medical, Inc. - common stock",avg_dollar_volume_30d_below_15m_usd,432519.38,41
MODL,MODL,VictoryShares WestEnd U.S. Sector ETF,avg_dollar_volume_30d_below_15m_usd,3243150.71,41
MOG.B,MOG-B,Moog Inc. Class B Common Stock,avg_dollar_volume_30d_below_15m_usd,166678.43,41
MOOD,MOOD,Relative Sentiment Tactical Allocation ETF,avg_dollar_volume_30d_below_15m_usd,881562.19,41
MORT,MORT,VanEck Mortgage REIT Income ETF,avg_dollar_volume_30d_below_15m_usd,9502931.54,41
MOTG,MOTG,VanEck Morningstar Global Wide Moat ETF,avg_dollar_volume_30d_below_15m_usd,55247.36,41
MOTI,MOTI,VanEck Morningstar International Moat ETF,avg_dollar_volume_30d_below_15m_usd,393648.58,41
MOTO,MOTO,Guinness Atkinson Smart Transportation & Technology ETF,avg_dollar_volume_30d_below_15m_usd,12541.63,41
MOV,MOV,Movado Group Inc. Common Stock,avg_dollar_volume_30d_below_15m_usd,12212217.95,41
MOVE,MOVE,"Corvex, Inc. - Common Stock",avg_dollar_volume_30d_below_15m_usd,962201.6,41
MPAA,MPAA,"Motorcar Parts of America, Inc. - Common Stock",avg_dollar_volume_30d_below_15m_usd,2208245.2,41
MPB,MPB,Mid Penn Bancorp - Common Stock,avg_dollar_volume_30d_below_15m_usd,6216047.47,41
MPG,MPG,Leverage Shares 2X Long MP Daily ETF,avg_dollar_volume_30d_below_15m_usd,1053956.97,41
MPL,MPL,Defiance Daily Target 2X Long MP ETF,avg_dollar_volume_30d_below_15m_usd,605943.48,41
MPLT,MPLT,"MapLight Therapeutics, Inc. - Common Stock",avg_dollar_volume_30d_below_15m_usd,13645362.34,41
MPLY,MPLY,Monopoly ETF,avg_dollar_volume_30d_below_15m_usd,107728.78,41
MPRO,MPRO,Monarch ProCap Index ETF,avg_dollar_volume_30d_below_15m_usd,817033.32,41
MPTI,MPTI,"M-tron Industries, Inc. Common Stock",avg_dollar_volume_30d_below_15m_usd,14998383.22,41
MPU,MPU,Mega Matrix Inc. Class A Ordinary Shares,avg_dollar_volume_30d_below_15m_usd,2254598.11,41
MPV,MPV,Barings Participation Investors Common Stock,avg_dollar_volume_30d_below_15m_usd,224053.03,41
MPWC,MPWC,Corgi MPWR 2x Daily ETF,avg_dollar_volume_30d_below_15m_usd,84561.51,3
MPWX,MPWX,Tradr 2X Long MPWR Daily ETF,avg_dollar_volume_30d_below_15m_usd,545043.83,41
MRA,MRA,GraniteShares Autocallable MARA ETF,avg_dollar_volume_30d_below_15m_usd,4958.72,29
MRAL,MRAL,GraniteShares 2x Long MARA Daily ETF,avg_dollar_volume_30d_below_15m_usd,7954769.54,41
MRBK,MRBK,Meridian Corporation - Common Stock,avg_dollar_volume_30d_below_15m_usd,2639439.18,41
MRCP,MRCP,PGIM S&P 500 Buffer 12 ETF - March,avg_dollar_volume_30d_below_15m_usd,76622.28,41
MRDN,MRDN,Meridian Holdings Inc. - Common Stock,avg_dollar_volume_30d_below_15m_usd,794841.42,41
MRGR,MRGR,ProShares Merger ETF,avg_dollar_volume_30d_below_15m_usd,51362.61,41
MRKR,MRKR,"Marker Therapeutics, Inc. - Common Stock",avg_dollar_volume_30d_below_15m_usd,101750.36,41
MRNO,MRNO,Murano Global Investments PLC - Ordinary Shares,avg_dollar_volume_30d_below_15m_usd,299591.89,41
MRNX,MRNX,Defiance Daily Target 2X Long MRNA ETF,avg_dollar_volume_30d_below_15m_usd,1465203.66,41
MRNY,MRNY,YieldMax MRNA Option Income Strategy ETF,avg_dollar_volume_30d_below_15m_usd,3325888.58,41
MRSK,MRSK,Toews Agility Shares Managed Risk ETF,avg_dollar_volume_30d_below_15m_usd,1278957.58,41
MRT,MRT,"Marti Technologies, Inc. Class A Ordinary Shares",avg_dollar_volume_30d_below_15m_usd,102179.91,41
MSAI,MSAI,"MultiSensor AI Holdings, Inc. - Common Stock",avg_dollar_volume_30d_below_15m_usd,3032651.11,41
MSBI,MSBI,"Midland States Bancorp, Inc. - Common Stock",avg_dollar_volume_30d_below_15m_usd,4986835.34,41
MSBT,MSBT,Common Units of Beneficial Interest of Morgan Stanley Bitcoin Trust,avg_dollar_volume_30d_below_15m_usd,13682027.5,41
MSEP,MSEP,Pacer Swan SOS Moderate September ETF,avg_dollar_volume_30d_below_15m_usd,6839.17,22
MSEX,MSEX,Middlesex Water Company - Common Stock,avg_dollar_volume_30d_below_15m_usd,8735619.33,41
MSFC,MSFC,Corgi MSFT 2x Daily ETF,avg_dollar_volume_30d_below_15m_usd,40473.73,9
MSFO,MSFO,YieldMax MSFT Option Income Strategy ETF,avg_dollar_volume_30d_below_15m_usd,939282.09,41
MSFW,MSFW,Roundhill MSFT WeeklyPay ETF,avg_dollar_volume_30d_below_15m_usd,580289.93,41
MSFX,MSFX,T-Rex 2X Long Microsoft Daily Target ETF,avg_dollar_volume_30d_below_15m_usd,5718156.94,41
MSFY,MSFY,Kurv Yield Premium Strategy Microsoft (MSFT) ETF,avg_dollar_volume_30d_below_15m_usd,271417.62,41
MSGM,MSGM,Motorsport Games Inc. - Class A Common Stock,avg_dollar_volume_30d_below_15m_usd,202880.8,41
MSGY,MSGY,Masonglory Limited - Ordinary Shares,avg_dollar_volume_30d_below_15m_usd,647364.21,41
MSIX,MSIX,Corgi MSI 2x Daily ETF,avg_dollar_volume_30d_below_15m_usd,24672.3,11
MSLC,MSLC,Morgan Stanley Pathway Large Cap Equity ETF,avg_dollar_volume_30d_below_15m_usd,5771903.61,41
MSLE,MSLE,Satellos Bioscience Inc. - Common Stock,avg_dollar_volume_30d_below_15m_usd,402156.56,41
MSMR,MSMR,McElhenny Sheffield Managed Risk ETF,avg_dollar_volume_30d_below_15m_usd,841166.55,41
MSN,MSN,Emerson Radio Corporation Common Stock,avg_dollar_volume_30d_below_15m_usd,60452.57,41
MSOX,MSOX,AdvisorShares MSOS Daily Leveraged ETF,avg_dollar_volume_30d_below_15m_usd,9070557.32,41
MSR,MSR,GraniteShares Autocallable MSTR ETF,avg_dollar_volume_30d_below_15m_usd,5759.47,38
MSS,MSS,Maison Solutions Inc. - Class A Common Stock,avg_dollar_volume_30d_below_15m_usd,1677836.06,41
MSSM,MSSM,Morgan Stanley Pathway Small-Mid Cap Equity ETF,avg_dollar_volume_30d_below_15m_usd,2150961.02,41
MSSS,MSSS,Monarch Select Subsector Index ETF,avg_dollar_volume_30d_below_15m_usd,429925.68,41
MSST,MSST,YieldMax MSTR Performance & Distribution Target 25 ETF,avg_dollar_volume_30d_below_15m_usd,40572.27,41
MST,MST,Defiance Leveraged Long + Income MSTR ETF,avg_dollar_volume_30d_below_15m_usd,1527829.57,41
MSTB,MSTB,LHA Market State Tactical Beta ETF,avg_dollar_volume_30d_below_15m_usd,509759.98,41
MSTC,MSTC,Corgi MSTR 2x Daily ETF,avg_dollar_volume_30d_below_15m_usd,93646.52,9
MSTI,MSTI,Madison Short Term Strategic Income ETF,avg_dollar_volume_30d_below_15m_usd,27659.34,41
MSTP,MSTP,GraniteShares 2x Long MSTR Daily ETF,avg_dollar_volume_30d_below_15m_usd,1173539.23,41
MSTQ,MSTQ,LHA Market State Tactical Q ETF,avg_dollar_volume_30d_below_15m_usd,75251.67,41
MSTW,MSTW,Roundhill MSTR WeeklyPay ETF,avg_dollar_volume_30d_below_15m_usd,2697979.72,41
MTA,MTA,Metalla Royalty & Streaming Ltd. Common Shares,avg_dollar_volume_30d_below_15m_usd,3836441.63,41
MTBA,MTBA,Simplify MBS ETF,avg_dollar_volume_30d_below_15m_usd,7591549.73,41
MTC,MTC,"MMTec, Inc. - Common Shares",avg_dollar_volume_30d_below_15m_usd,296024.96,41
MTEK,MTEK,Maris-Tech Ltd. - ordinary shares,avg_dollar_volume_30d_below_15m_usd,1121649.62,41
MTEN,MTEN,Mingteng International Corporation Inc. - Class A Ordinary Shares,avg_dollar_volume_30d_below_15m_usd,13555824.95,41
MTEX,MTEX,"Mannatech, Incorporated - Common Stock",avg_dollar_volume_30d_below_15m_usd,76938.83,40
MTGP,MTGP,WisdomTree Mortgage Plus Bond Fund,avg_dollar_volume_30d_below_15m_usd,290739.34,41
MTNB,MTNB,"Matinas Biopharma Holdings, Inc. Common Stock",avg_dollar_volume_30d_below_15m_usd,42840.82,41
MTNE,MTNE,CH4 Natural Solutions Corporation Class A Ordinary Shares,avg_dollar_volume_30d_below_15m_usd,232273.25,13
MTRA,MTRA,Invesco International Growth Focus ETF,avg_dollar_volume_30d_below_15m_usd,250909.15,41
MTRX,MTRX,Matrix Service Company - Common Stock,avg_dollar_volume_30d_below_15m_usd,3470863.11,41
MTSG,MTSG,Leverage Shares 2X Long MTSI Daily ETF,avg_dollar_volume_30d_below_15m_usd,60541.85,12
MTUS,MTUS,Metallus Inc. Common Shares,avg_dollar_volume_30d_below_15m_usd,7129700.5,41
MTVA,MTVA,MetaVia Inc.  - Common Stock,avg_dollar_volume_30d_below_15m_usd,2858174.77,41
MTW,MTW,"Manitowoc Company, Inc. (The) Common Stock",avg_dollar_volume_30d_below_15m_usd,3637241.3,41
MTYY,MTYY,GraniteShares YieldBOOST MSTR ETF,avg_dollar_volume_30d_below_15m_usd,73935.18,40
MULT,MULT,Franklin Multisector Income ETF,avg_dollar_volume_30d_below_15m_usd,6770.77,40
MUNA,MUNA,Northern Trust 2030 Tax-Exempt Distributing Ladder ETF,avg_dollar_volume_30d_below_15m_usd,39620.0,41
MUNB,MUNB,Northern Trust 2035 Tax-Exempt Distributing Ladder ETF,avg_dollar_volume_30d_below_15m_usd,34662.12,41
MUNC,MUNC,Northern Trust 2045 Tax-Exempt Distributing Ladder ETF,avg_dollar_volume_30d_below_15m_usd,16744.36,40
MUND,MUND,Northern Trust 2055 Tax-Exempt Distributing Ladder ETF,avg_dollar_volume_30d_below_15m_usd,11428.61,41
MUNX,MUNX,AMG GW&K Muni Income ETF,avg_dollar_volume_30d_below_15m_usd,104082.58,40
MUNY,MUNY,Vanguard New York Tax-Exempt Bond ETF,avg_dollar_volume_30d_below_15m_usd,5243919.69,41
MUSE,MUSE,TCW Multisector Credit Income ETF,avg_dollar_volume_30d_below_15m_usd,34588.83,41
MUSI,MUSI,American Century Multisector Income ETF,avg_dollar_volume_30d_below_15m_usd,1020209.74,41
MUSQ,MUSQ,MUSQ Global Music Industry Index ETF,avg_dollar_volume_30d_below_15m_usd,16757.3,41
MUST,MUST,Columbia Multi-Sector Municipal Income ETF,avg_dollar_volume_30d_below_15m_usd,2061993.63,41
MUYY,MUYY,GraniteShares YieldBOOST MU ETF,avg_dollar_volume_30d_below_15m_usd,1947670.71,41
MVAL,MVAL,VanEck Morningstar Wide Moat Value ETF,avg_dollar_volume_30d_below_15m_usd,40041.96,41
MVBF,MVBF,MVB Financial Corp. - Common Stock,avg_dollar_volume_30d_below_15m_usd,1587499.74,41
MVFD,MVFD,Monarch Volume Factor Dividend Tree Index ETF,avg_dollar_volume_30d_below_15m_usd,362876.63,41
MVFG,MVFG,Monarch Volume Factor Global Unconstrained Index ETF,avg_dollar_volume_30d_below_15m_usd,749371.48,41
MVIS,MVIS,"MicroVision, Inc. - Common Stock",avg_dollar_volume_30d_below_15m_usd,4219973.61,41
MVPA,MVPA,Miller Value Partners Appreciation ETF,avg_dollar_volume_30d_below_15m_usd,33479.41,41
MVPL,MVPL,Miller Value Partners Leverage ETF,avg_dollar_volume_30d_below_15m_usd,16733.53,41
MVST,MVST,"Microvast Holdings, Inc. - Common Stock",avg_dollar_volume_30d_below_15m_usd,4919193.49,41
MVV,MVV,ProShares Ultra MidCap400,avg_dollar_volume_30d_below_15m_usd,999796.83,41
MWG,MWG,Multi Ways Holdings Limited Class A Ordinary Shares,avg_dollar_volume_30d_below_15m_usd,76606.43,41
MWYN,MWYN,"Marwynn Holdings, Inc. - Common stock",avg_dollar_volume_30d_below_15m_usd,277116.02,40
MXC,MXC,Mexco Energy Corporation Common Stock,avg_dollar_volume_30d_below_15m_usd,88349.65,41
MXCT,MXCT,"MaxCyte, Inc. - Common Stock",avg_dollar_volume_30d_below_15m_usd,1653657.17,41
MXI,MXI,iShares Global Materials ETF,avg_dollar_volume_30d_below_15m_usd,2062792.58,41
MYCF,MYCF,State Street My2026 Corporate Bond ETF,avg_dollar_volume_30d_below_15m_usd,340783.5,40
MYCG,MYCG,State Street My2027 Corporate Bond ETF,avg_dollar_volume_30d_below_15m_usd,193454.99,41
MYCH,MYCH,State Street My2028 Corporate Bond ETF,avg_dollar_volume_30d_below_15m_usd,5542358.08,41
MYCI,MYCI,State Street My2029 Corporate Bond ETF,avg_dollar_volume_30d_below_15m_usd,140010.66,40
MYCJ,MYCJ,State Street My2030 Corporate Bond ETF,avg_dollar_volume_30d_below_15m_usd,158968.82,40
MYCK,MYCK,State Street My2031 Corporate Bond ETF,avg_dollar_volume_30d_below_15m_usd,62896.48,40
MYCL,MYCL,State Street My2032 Corporate Bond ETF,avg_dollar_volume_30d_below_15m_usd,21654.58,40
MYCM,MYCM,State Street My2033 Corporate Bond ETF,avg_dollar_volume_30d_below_15m_usd,17738.42,40
MYCN,MYCN,State Street My2034 Corporate Bond ETF,avg_dollar_volume_30d_below_15m_usd,16813.6,41
MYCO,MYCO,State Street My2035 Corporate Bond ETF,avg_dollar_volume_30d_below_15m_usd,18343.87,40
MYE,MYE,"Myers Industries, Inc. Common Stock",avg_dollar_volume_30d_below_15m_usd,14859769.64,41
MYFW,MYFW,"First Western Financial, Inc. - Common Stock",avg_dollar_volume_30d_below_15m_usd,2207257.33,41
MYGN,MYGN,"Myriad Genetics, Inc. - Common Stock",avg_dollar_volume_30d_below_15m_usd,8452964.73,41
MYHA,MYHA,State Street My2027 High Yield Corporate Bond ETF,avg_dollar_volume_30d_below_15m_usd,3828.97,40
MYHB,MYHB,State Street My2028 High Yield Corporate Bond ETF,avg_dollar_volume_30d_below_15m_usd,2581.23,40
MYHC,MYHC,State Street My2029 High Yield Corporate Bond ETF,avg_dollar_volume_30d_below_15m_usd,27236.93,40
MYHD,MYHD,State Street My2030 High Yield Corporate Bond ETF,avg_dollar_volume_30d_below_15m_usd,16285.6,40
MYHE,MYHE,State Street My2031 High Yield Corporate Bond ETF,avg_dollar_volume_30d_below_15m_usd,17794.67,40
MYLD,MYLD,Cambria Micro and SmallCap Shareholder Yield ETF,avg_dollar_volume_30d_below_15m_usd,285805.77,41
MYMF,MYMF,State Street My2026 Municipal Bond ETF,avg_dollar_volume_30d_below_15m_usd,6219.07,40
MYMG,MYMG,State Street My2027 Municipal Bond ETF,avg_dollar_volume_30d_below_15m_usd,19698.73,40
MYMH,MYMH,State Street My2028 Municipal Bond ETF,avg_dollar_volume_30d_below_15m_usd,7771.48,40
MYMI,MYMI,State Street My2029 Municipal Bond ETF,avg_dollar_volume_30d_below_15m_usd,38183.67,40
MYMJ,MYMJ,State Street My2030 Municipal Bond ETF,avg_dollar_volume_30d_below_15m_usd,22588.83,40
MYMK,MYMK,State Street My2031 Municipal Bond ETF,avg_dollar_volume_30d_below_15m_usd,35964.63,40
MYO,MYO,Myomo Inc. Common Stock,avg_dollar_volume_30d_below_15m_usd,1450171.1,41
MYPS,MYPS,"PLAYSTUDIOS, Inc.  - Class A Common Stock",avg_dollar_volume_30d_below_15m_usd,693032.74,41
MYSE,MYSE,"Myseum.AI, Inc. - Common Stock",avg_dollar_volume_30d_below_15m_usd,1664187.31,41
MYSZ,MYSZ,"My Size, Inc. - Common Stock",avg_dollar_volume_30d_below_15m_usd,97248.78,40
MYY,MYY,ProShares Short MidCap400,avg_dollar_volume_30d_below_15m_usd,138789.97,41
MZZ,MZZ,ProShares UltraShort MidCap400,avg_dollar_volume_30d_below_15m_usd,103312.11,41
NABL,NABL,"N-able, Inc. Common Stock",avg_dollar_volume_30d_below_15m_usd,8298785.13,41
NACP,NACP,Impact Shares NAACP Minority Empowerment ETF,avg_dollar_volume_30d_below_15m_usd,190392.5,41
NAGE,NAGE,"Niagen Bioscience, Inc. - Common Stock",avg_dollar_volume_30d_below_15m_usd,2630083.66,41
NAII,NAII,"Natural Alternatives International, Inc. - Common Stock",avg_dollar_volume_30d_below_15m_usd,68526.88,41
NAKA,NAKA,Nakamoto Inc. - Common Stock,avg_dollar_volume_30d_below_15m_usd,1787044.66,41
NAMM,NAMM,Namib Minerals - Ordinary Shares,avg_dollar_volume_30d_below_15m_usd,4034097.27,41
NANC,NANC,Unusual Whales Subversive Democratic Trading ETF,avg_dollar_volume_30d_below_15m_usd,1127394.79,41
NANR,NANR,State Street SPDR S&P North American Natural Resources ETF,avg_dollar_volume_30d_below_15m_usd,2185672.69,41
NAPR,NAPR,Innovator Growth-100 Power Buffer ETF - April,avg_dollar_volume_30d_below_15m_usd,859572.11,41
NATH,NATH,"Nathan's Famous, Inc. - Common Stock",avg_dollar_volume_30d_below_15m_usd,2600160.35,40
NATO,NATO,Themes Transatlantic Defense ETF,avg_dollar_volume_30d_below_15m_usd,1251624.11,41
NATR,NATR,"Nature's Sunshine Products, Inc. - Common Stock",avg_dollar_volume_30d_below_15m_usd,2964876.93,41
NAUG,NAUG,Innovator Growth-100 Power Buffer ETF - August,avg_dollar_volume_30d_below_15m_usd,1487848.06,41
NAUT,NAUT,"Nautilus Biotechnology, Inc. - Common Stock",avg_dollar_volume_30d_below_15m_usd,1758543.18,41
NAVI,NAVI,Navient Corporation - Common Stock,avg_dollar_volume_30d_below_15m_usd,10471716.35,41
NBBK,NBBK,"NB Bancorp, Inc. - Common Stock",avg_dollar_volume_30d_below_15m_usd,4870537.3,41
NBCE,NBCE,Neuberger China Equity ETF,avg_dollar_volume_30d_below_15m_usd,26035.76,41
NBCM,NBCM,Neuberger Commodity Strategy ETF,avg_dollar_volume_30d_below_15m_usd,2463843.69,41
NBCR,NBCR,Neuberger Core Equity ETF,avg_dollar_volume_30d_below_15m_usd,2214633.78,41
NBDS,NBDS,Neuberger Disrupters ETF,avg_dollar_volume_30d_below_15m_usd,3896883.02,41
NBET,NBET,Neuberger Energy Transition & Infrastructure ETF,avg_dollar_volume_30d_below_15m_usd,152287.62,41
NBFC,NBFC,Neuberger Flexible Credit Income ETF,avg_dollar_volume_30d_below_15m_usd,47867.2,41
NBFR,NBFR,Innovator Nasdaq-100 Managed 10 Buffer ETF,avg_dollar_volume_30d_below_15m_usd,82801.7,40
NBGX,NBGX,Neuberger Growth ETF,avg_dollar_volume_30d_below_15m_usd,16863.18,41
NBIE,NBIE,Neuberger International Core Equity ETF,avg_dollar_volume_30d_below_15m_usd,690031.21,41
NBJP,NBJP,Neuberger Japan Equity ETF,avg_dollar_volume_30d_below_15m_usd,657385.03,41
NBOS,NBOS,Neuberger Option Strategy ETF,avg_dollar_volume_30d_below_15m_usd,2270720.1,41
NBSD,NBSD,Neuberger Short Duration Income ETF,avg_dollar_volume_30d_below_15m_usd,9779120.97,41
NBSM,NBSM,Neuberger Small-Mid Cap ETF,avg_dollar_volume_30d_below_15m_usd,4551352.66,41
NBTR,NBTR,Neuberger Total Return Bond ETF,avg_dollar_volume_30d_below_15m_usd,20947.37,41
NC,NC,"NACCO Industries, Inc. Common Stock",avg_dollar_volume_30d_below_15m_usd,703313.83,41
NCDL,NCDL,Nuveen Churchill Direct Lending Corp. Common Stock,avg_dollar_volume_30d_below_15m_usd,2594001.71,41
NCEL,NCEL,NewcelX Ltd. - Ordinary Shares,avg_dollar_volume_30d_below_15m_usd,204639.97,41
NCEW,NCEW,New Century Logistics (BVI) Limited - Ordinary Shares,avg_dollar_volume_30d_below_15m_usd,34531.43,40
NCI,NCI,Neo-Concept International Group Holdings Limited - Class A Ordinary Shares,avg_dollar_volume_30d_below_15m_usd,4997879.85,41
NCIQ,NCIQ,Hashdex Nasdaq CME Crypto Index ETF,avg_dollar_volume_30d_below_15m_usd,941588.29,41
NCL,NCL,Northann Corp. Common Stock,avg_dollar_volume_30d_below_15m_usd,82792.17,40
NCLO,NCLO,Nuveen AA-BBB CLO ETF,avg_dollar_volume_30d_below_15m_usd,1395773.27,41
NCMI,NCMI,"National CineMedia, Inc. - Common Stock",avg_dollar_volume_30d_below_15m_usd,1664696.35,41
NCPB,NCPB,Nuveen Core Plus Bond ETF,avg_dollar_volume_30d_below_15m_usd,205655.21,40
NCPL,NCPL,Netcapital Inc. - Common Stock,avg_dollar_volume_30d_below_15m_usd,2347962.15,41
NCRA,NCRA,"Nocera, Inc. - common stock",avg_dollar_volume_30d_below_15m_usd,6091791.79,40
NCSM,NCSM,"NCS Multistage Holdings, Inc. - Common Stock",avg_dollar_volume_30d_below_15m_usd,1417169.75,41
NCT,NCT,Intercont (Cayman) Limited - Class A Ordinary shares,avg_dollar_volume_30d_below_15m_usd,6263327.98,41
NDAA,NDAA,Ned Davis Research 360 Dynamic Allocation ETF,avg_dollar_volume_30d_below_15m_usd,26005.14,41
NDEC,NDEC,Innovator Growth-100 Power Buffer ETF - December,avg_dollar_volume_30d_below_15m_usd,956985.99,41
NDIA,NDIA,Global X India Active ETF,avg_dollar_volume_30d_below_15m_usd,507142.76,41
NDIV,NDIV,Amplify Energy & Natural Resources Covered Call ETF,avg_dollar_volume_30d_below_15m_usd,498576.8,41
NDLS,NDLS,Noodles & Company - Class A Common Stock,avg_dollar_volume_30d_below_15m_usd,493349.81,41
NDOW,NDOW,Anydrus Advantage ETF,avg_dollar_volume_30d_below_15m_usd,268417.09,41
NDRA,NDRA,ENDRA Life Sciences Inc. - Common Stock,avg_dollar_volume_30d_below_15m_usd,192870.57,41
NECB,NECB,"NorthEast Community Bancorp, Inc. - Common Stock",avg_dollar_volume_30d_below_15m_usd,1341552.15,41
NEGG,NEGG,"Newegg Commerce, Inc. - Common Shares",avg_dollar_volume_30d_below_15m_usd,1519174.81,41
NEHI,NEHI,NEOS Ethereum High Income ETF,avg_dollar_volume_30d_below_15m_usd,1920152.09,41
NELS,NELS,Nelson Select ETF,avg_dollar_volume_30d_below_15m_usd,212581.73,41
NEMD,NEMD,Neuberger Emerging Markets Debt Hard Currency ETF,avg_dollar_volume_30d_below_15m_usd,653907.31,41
NEMG,NEMG,Leverage Shares 2x Long NEM Daily ETF,avg_dollar_volume_30d_below_15m_usd,223423.9,41
NEON,NEON,Neonode Inc. - Common Stock,avg_dollar_volume_30d_below_15m_usd,347437.09,41
NEOV,NEOV,NeoVolta Inc. - Common Stock,avg_dollar_volume_30d_below_15m_usd,9391268.36,41
NEPH,NEPH,"Nephros, Inc. - Common Stock",avg_dollar_volume_30d_below_15m_usd,41926.36,41
NERD,NERD,Roundhill Video Games ETF,avg_dollar_volume_30d_below_15m_usd,47591.64,41
NERV,NERV,"Minerva Neurosciences, Inc - Common Stock",avg_dollar_volume_30d_below_15m_usd,1284530.17,41
NETG,NETG,Leverage Shares 2X Long NET Daily ETF,avg_dollar_volume_30d_below_15m_usd,2545675.54,41
NETL,NETL,Colterpoint Net Lease Real Estate ETF,avg_dollar_volume_30d_below_15m_usd,347131.2,41
NEUP,NEUP,Neuphoria Therapeutics Inc. - Common Stock,avg_dollar_volume_30d_below_15m_usd,381562.16,41
NEWP,NEWP,New Pacific Metals Corp. Common Shares,avg_dollar_volume_30d_below_15m_usd,4149042.84,41
NEWT,NEWT,"NewtekOne, Inc. - Common Stock",avg_dollar_volume_30d_below_15m_usd,3491202.53,41
NEWZ,NEWZ,StockSnips AI-Powered Sentiment US All Cap ETF,avg_dollar_volume_30d_below_15m_usd,28299.03,40
NEXA,NEXA,Nexa Resources S.A. Common Shares,avg_dollar_volume_30d_below_15m_usd,11849572.08,41
NEXM,NEXM,NexMetals Mining Corp. - Common Stock,avg_dollar_volume_30d_below_15m_usd,75431.6,41
NEXN,NEXN,Nexxen International Ltd. - Ordinary Shares,avg_dollar_volume_30d_below_15m_usd,2685733.77,41
NFBK,NFBK,"Northfield Bancorp, Inc. - Common Stock",avg_dollar_volume_30d_below_15m_usd,5324228.04,41
NFE,NFE,New Fortress Energy Inc. - Class A Common Stock,avg_dollar_volume_30d_below_15m_usd,2355869.64,41
NFEB,NFEB,Innovator Growth-100 Power Buffer ETF - February,avg_dollar_volume_30d_below_15m_usd,136209.79,41
NFGC,NFGC,New Found Gold Corp Common Shares,avg_dollar_volume_30d_below_15m_usd,2845888.64,41
NFLP,NFLP,Kurv Yield Premium Strategy Netflix (NFLX) ETF,avg_dollar_volume_30d_below_15m_usd,85886.2,41
NFLT,NFLT,Virtus Newfleet Multi-Sector Bond ETF,avg_dollar_volume_30d_below_15m_usd,2024421.26,41
NFLU,NFLU,T-Rex 2X Long NFLX Daily Target ETF,avg_dollar_volume_30d_below_15m_usd,4316621.42,41
NFLW,NFLW,Roundhill NFLX WeeklyPay ETF,avg_dollar_volume_30d_below_15m_usd,402583.76,41
NFLY,NFLY,YieldMax NFLX Option Income Strategy ETF,avg_dollar_volume_30d_below_15m_usd,696571.68,41
NFRA,NFRA,FlexShares STOXX Global Broad Infrastructure Index Fund,avg_dollar_volume_30d_below_15m_usd,5340943.27,41
NFRX,NFRX,Harrison Street Infrastructure Active ETF,avg_dollar_volume_30d_below_15m_usd,6233.83,40
NFTY,NFTY,First Trust India Nifty 50 Equal Weight ETF,avg_dollar_volume_30d_below_15m_usd,1422140.17,41
NFX,NFX,Corgi NFLX 2x Daily ETF,avg_dollar_volume_30d_below_15m_usd,150.81,1
NFXS,NFXS,Direxion Daily NFLX Bear 1X ETF,avg_dollar_volume_30d_below_15m_usd,477895.1,41
NGEN,NGEN,NervGen Pharma Corp. - Common stock,avg_dollar_volume_30d_below_15m_usd,1728800.43,41
NGHT,NGHT,Nicholas Bitcoin and Treasuries AfterDark ETF,avg_dollar_volume_30d_below_15m_usd,245560.7,40
NGIF,NGIF,Nuveen Global Infrastructure Fund: ETF Class Shares,avg_dollar_volume_30d_below_15m_usd,610262.69,25
NGNE,NGNE,Neurogene Inc. - Common Stock,avg_dollar_volume_30d_below_15m_usd,7534172.43,41
NGS,NGS,"Natural Gas Services Group, Inc. Common Stock",avg_dollar_volume_30d_below_15m_usd,5660230.21,41
NGVC,NGVC,"Natural Grocers by Vitamin Cottage, Inc. Common Stock",avg_dollar_volume_30d_below_15m_usd,4106624.01,41
NHIC,NHIC,NewHold Investment Corp III - Class A Ordinary shares,avg_dollar_volume_30d_below_15m_usd,2853110.89,41
NHIV,NHIV,NewHold Investment Corp IV - Class A Ordinary Shares,avg_dollar_volume_30d_below_15m_usd,94013.3,22
NHP,NHP,"National Healthcare Properties, Inc. - Class A Common Stock",avg_dollar_volume_30d_below_15m_usd,14256371.7,41
NHTC,NHTC,Natural Health Trends Corp. - Common Stock,avg_dollar_volume_30d_below_15m_usd,98085.25,41
NHYB,NHYB,Nuveen High Yield Corporate Bond ETF,avg_dollar_volume_30d_below_15m_usd,2098044.5,40
NHYM,NHYM,Nuveen High Yield Municipal Income ETF,avg_dollar_volume_30d_below_15m_usd,933891.78,41
NICO,NICO,Hexis Active Nicotine Engagement ETF,avg_dollar_volume_30d_below_15m_usd,24474.37,41
NIHI,NIHI,NEOS MSCI EAFE High Income ETF,avg_dollar_volume_30d_below_15m_usd,2331752.81,41
NIKL,NIKL,Sprott Nickel Miners ETF,avg_dollar_volume_30d_below_15m_usd,1679457.73,41
NINE,NINE,"Nine Energy Service, Inc. Common Stock",avg_dollar_volume_30d_below_15m_usd,1028076.49,41
NIOG,NIOG,Leverage Shares 2X Long NIO Daily ETF,avg_dollar_volume_30d_below_15m_usd,395310.96,41
NIQ,NIQ,NIQ Global Intelligence plc Ordinary Shares,avg_dollar_volume_30d_below_15m_usd,12360205.9,41
NISM,NISM,NYLI International Small-Mid Cap Equity ETF,avg_dollar_volume_30d_below_15m_usd,13442.87,39
NITE,NITE,The Nightview Fund NITE,avg_dollar_volume_30d_below_15m_usd,9793.19,41
NIVF,NIVF,NewGenIvf Group Limited - Class A Ordinary Shares,avg_dollar_volume_30d_below_15m_usd,5764446.73,41
NIXT,NIXT,Research Affiliates Deletions ETF,avg_dollar_volume_30d_below_15m_usd,73773.01,40
NIXX,NIXX,"Nixxy, Inc. - Common Stock",avg_dollar_volume_30d_below_15m_usd,6780719.81,41
NJAN,NJAN,Innovator Growth-100 Power Buffer ETF - January,avg_dollar_volume_30d_below_15m_usd,943116.04,41
NJNK,NJNK,Columbia U.S. High Yield ETF,avg_dollar_volume_30d_below_15m_usd,99022.91,41
NJUL,NJUL,Innovator Growth-100 Power Buffer ETF - July,avg_dollar_volume_30d_below_15m_usd,1985602.75,41
NJUN,NJUN,Innovator Growth-100 Power Buffer ETF - June,avg_dollar_volume_30d_below_15m_usd,5831647.03,41
NKLR,NKLR,Terra Innovatum Global N.V. - Ordinary shares,avg_dollar_volume_30d_below_15m_usd,1488116.97,41
NKSH,NKSH,"National Bankshares, Inc. - Common Stock",avg_dollar_volume_30d_below_15m_usd,994901.36,41
NKTX,NKTX,"Nkarta, Inc. - Common Stock",avg_dollar_volume_30d_below_15m_usd,1920711.8,41
NL,NL,"NLI Holdings, Inc. Common Stock",avg_dollar_volume_30d_below_15m_usd,444986.03,41
NLOP,NLOP,Net Lease Office Properties Common Shares of Beneficial Interest,avg_dollar_volume_30d_below_15m_usd,1747349.68,41
NLSI,NLSI,NEOS Long/Short Equity Income ETF,avg_dollar_volume_30d_below_15m_usd,118902.06,41
NMAD,NMAD,"Nomad Power Solutions, Inc. - Common Stock",avg_dollar_volume_30d_below_15m_usd,3203610.21,41
NMAR,NMAR,Innovator Growth-100 Power Buffer ETF - March,avg_dollar_volume_30d_below_15m_usd,162714.19,41
NMAX,NMAX,"Newsmax, Inc. Class B Common Stock",avg_dollar_volume_30d_below_15m_usd,12511808.18,41
NMAY,NMAY,Innovator Growth-100 Power Buffer ETF - May,avg_dollar_volume_30d_below_15m_usd,600012.59,41
NMB,NMB,Simplify National Muni Bond ETF,avg_dollar_volume_30d_below_15m_usd,133287.32,41
NMBL,NMBL,NovaTide Flexible Allocation ETF,avg_dollar_volume_30d_below_15m_usd,52706.81,41
NMFC,NMFC,New Mountain Finance Corporation - Common Stock,avg_dollar_volume_30d_below_15m_usd,4897714.39,41
NMG,NMG,Nouveau Monde Graphite Inc. Common Shares,avg_dollar_volume_30d_below_15m_usd,1306524.4,41
NMRA,NMRA,"Neumora Therapeutics, Inc. - Common Stock",avg_dollar_volume_30d_below_15m_usd,4717318.85,41
NMTC,NMTC,NeuroOne Medical Technologies Corporation - Common Stock,avg_dollar_volume_30d_below_15m_usd,89799.0,41
NNNN,NNNN,Anbio Biotechnology - Class A Ordinary Shares,avg_dollar_volume_30d_below_15m_usd,759399.08,41
NNOV,NNOV,Innovator Growth-100 Power Buffer ETF - November,avg_dollar_volume_30d_below_15m_usd,610295.28,41
NNOX,NNOX,NANO-X IMAGING LTD - Ordinary Shares,avg_dollar_volume_30d_below_15m_usd,3777939.19,41
NNVC,NNVC,"NanoViricides, Inc. Common Stock",avg_dollar_volume_30d_below_15m_usd,2399321.57,41
NOA,NOA,North American Construction Group Ltd. Common Shares (no par),avg_dollar_volume_30d_below_15m_usd,1915679.04,41
NOCT,NOCT,Innovator Growth-100 Power Buffer ETF- October,avg_dollar_volume_30d_below_15m_usd,691035.67,41
NODE,NODE,VanEck Onchain Economy ETF,avg_dollar_volume_30d_below_15m_usd,559208.71,41
NODK,NODK,"NI Holdings, Inc. - Common Stock",avg_dollar_volume_30d_below_15m_usd,468677.15,40
NOEM,NOEM,CO2 Energy Transition Corp. - Common Stock,avg_dollar_volume_30d_below_15m_usd,54067.04,40
NOEQ,NOEQ,Northern Trust US Equity ETF,avg_dollar_volume_30d_below_15m_usd,2237.19,41
NOMA,NOMA,NOMADAR Corp. - Class A Common Stock,avg_dollar_volume_30d_below_15m_usd,35944.03,41
NOMD,NOMD,Nomad Foods Limited Ordinary Shares,avg_dollar_volume_30d_below_15m_usd,13761296.72,41
NORW,NORW,Global X MSCI Norway ETF,avg_dollar_volume_30d_below_15m_usd,3908131.3,41
NOVM,NOVM,FT Vest U.S. Equity Max Buffer ETF - November,avg_dollar_volume_30d_below_15m_usd,41166.0,41
NOVP,NOVP,PGIM S&P 500 Buffer 12 ETF - November,avg_dollar_volume_30d_below_15m_usd,100541.03,41
NOVZ,NOVZ,TrueShares Structured Outcome (November) ETF,avg_dollar_volume_30d_below_15m_usd,361558.16,41
NPB,NPB,"Northpointe Bancshares, Inc. Common Stock",avg_dollar_volume_30d_below_15m_usd,3348017.65,41
NPCE,NPCE,"Neuropace, Inc. - Common Stock",avg_dollar_volume_30d_below_15m_usd,2745980.27,41
NPFE,NPFE,NPF Core Equity ETF,avg_dollar_volume_30d_below_15m_usd,162505.84,41
NPFI,NPFI,Nuveen Preferred and Income ETF,avg_dollar_volume_30d_below_15m_usd,302284.8,41
NPWR,NPWR,NET Power Inc. Class A Common Stock,avg_dollar_volume_30d_below_15m_usd,1347721.56,41
NRC,NRC,NRC Health - Common Stock,avg_dollar_volume_30d_below_15m_usd,2986792.29,41
NRDS,NRDS,"NerdWallet, Inc. - Class A Common Stock",avg_dollar_volume_30d_below_15m_usd,6868758.13,41
NRDY,NRDY,Nerdy Inc. Class A Common Stock,avg_dollar_volume_30d_below_15m_usd,825471.36,41
NREF,NREF,"NexPoint Real Estate Finance, Inc. Common Stock",avg_dollar_volume_30d_below_15m_usd,1186264.97,41
NRES,NRES,Xtrackers RREEF Global Natural Resources ETF,avg_dollar_volume_30d_below_15m_usd,20426.73,40
NRIM,NRIM,Northrim BanCorp Inc - Common Stock,avg_dollar_volume_30d_below_15m_usd,4573974.63,41
NRSH,NRSH,Aztlan North America Nearshoring Stock Selection ETF,avg_dollar_volume_30d_below_15m_usd,51045.91,41
NRSN,NRSN,NeuroSense Therapeutics Ltd. - Ordinary Shares,avg_dollar_volume_30d_below_15m_usd,140801.65,41
NRXP,NRXP,"NRX Pharmaceuticals, Inc. - Common Stock",avg_dollar_volume_30d_below_15m_usd,5194247.73,41
NRXS,NRXS,"Neuraxis, Inc. Common Stock",avg_dollar_volume_30d_below_15m_usd,746027.06,41
NSCI,NSCI,Nuveen Securitized Income ETF,avg_dollar_volume_30d_below_15m_usd,695976.74,41
NSEP,NSEP,Innovator Growth-100 Power Buffer ETF - September,avg_dollar_volume_30d_below_15m_usd,192921.48,41
NSI,NSI,National Security Emerging Markets Index ETF,avg_dollar_volume_30d_below_15m_usd,54421.86,40
NSPR,NSPR,InspireMD Inc. - Common Stock,avg_dollar_volume_30d_below_15m_usd,114591.11,41
NSRX,NSRX,Nasus Pharma Ltd. Ordinary Shares,avg_dollar_volume_30d_below_15m_usd,122473.01,41
NSTS,NSTS,"NSTS Bancorp, Inc. - Common Stock",avg_dollar_volume_30d_below_15m_usd,155189.41,40
NSYS,NSYS,Nortech Systems Incorporated - Common Stock,avg_dollar_volume_30d_below_15m_usd,478935.01,41
NTB,NTB,Bank of N.T. Butterfield & Son Limited (The) Voting Ordinary Shares,avg_dollar_volume_30d_below_15m_usd,13584652.3,41
NTCL,NTCL,NETCLASS TECHNOLOGY INC - Class A Ordinary Shares,avg_dollar_volume_30d_below_15m_usd,9118530.77,41
NTGR,NTGR,"NETGEAR, Inc. - Common Stock",avg_dollar_volume_30d_below_15m_usd,9179145.97,41
NTHI,NTHI,"NeOnc Technologies Holdings, Inc. - Common Stock",avg_dollar_volume_30d_below_15m_usd,454621.36,41
NTIC,NTIC,Northern Technologies International Corporation - Common Stock,avg_dollar_volume_30d_below_15m_usd,87144.18,41
NTIP,NTIP,"Network-1 Technologies, Inc. Common Stock",avg_dollar_volume_30d_below_15m_usd,58391.18,41
NTRB,NTRB,Nutriband Inc. - Common Stock,avg_dollar_volume_30d_below_15m_usd,42789.17,41
NTRL,NTRL,First Trust Equity Market Neutral ETF,avg_dollar_volume_30d_below_15m_usd,123018.65,41
NTRP,NTRP,"NextTrip, Inc. - Common Stock",avg_dollar_volume_30d_below_15m_usd,134126.37,41
NTSD,NTSD,WisdomTree Efficient U.S. Plus International Equity Fund,avg_dollar_volume_30d_below_15m_usd,358457.08,41
NTSE,NTSE,WisdomTree Emerging Markets Efficient Core Fund,avg_dollar_volume_30d_below_15m_usd,241259.54,41
NTSI,NTSI,WisdomTree International Efficient Core Fund,avg_dollar_volume_30d_below_15m_usd,1452226.9,41
NTSX,NTSX,WisdomTree U.S. Efficient Core Fund,avg_dollar_volume_30d_below_15m_usd,3094210.64,41
NTWK,NTWK,NETSOL Technologies Inc. - Common Stock,avg_dollar_volume_30d_below_15m_usd,147361.95,41
NUAG,NUAG,Nuveen Enhanced Yield U.S. Aggregate Bond ETF,avg_dollar_volume_30d_below_15m_usd,237002.86,41
NUBD,NUBD,Nuveen ESG U.S. Aggregate Bond ETF,avg_dollar_volume_30d_below_15m_usd,1606072.98,41
NUCL,NUCL,Eagle Nuclear Energy Corp. - Common stock,avg_dollar_volume_30d_below_15m_usd,4473651.58,41
NUDG,NUDG,Nuveen Dividend Growth Fund: ETF Class Shares,avg_dollar_volume_30d_below_15m_usd,613388.02,25
NUDM,NUDM,Nuveen ESG International Developed Markets Equity ETF,avg_dollar_volume_30d_below_15m_usd,1641998.91,41
NUDV,NUDV,Nuveen ESG Dividend ETF,avg_dollar_volume_30d_below_15m_usd,177528.69,41
NUEM,NUEM,Nuveen ESG Emerging Markets Equity ETF,avg_dollar_volume_30d_below_15m_usd,1108278.32,41
NUG,NUG,Leverage Shares 2X Long NU Daily ETF,avg_dollar_volume_30d_below_15m_usd,159004.19,41
NUGO,NUGO,Nuveen Growth Opportunities ETF,avg_dollar_volume_30d_below_15m_usd,8163406.34,41
NUGY,NUGY,GraniteShares YieldBOOST Gold Miners ETF,avg_dollar_volume_30d_below_15m_usd,215965.35,41
NUHY,NUHY,Nuveen ESG High Yield Corporate Bond ETF,avg_dollar_volume_30d_below_15m_usd,329095.67,41
NUIF,NUIF,Nuveen US Infrastructure ETF,avg_dollar_volume_30d_below_15m_usd,1174259.23,13
NUKX,NUKX,Nicholas Nuclear Income ETF,avg_dollar_volume_30d_below_15m_usd,255098.42,41
NUKZ,NUKZ,Range Nuclear Renaissance Index ETF,avg_dollar_volume_30d_below_15m_usd,7378583.79,41
NULC,NULC,Nuveen ESG Large-Cap ETF,avg_dollar_volume_30d_below_15m_usd,202550.9,41
NULG,NULG,Nuveen ESG Large-Cap Growth ETF,avg_dollar_volume_30d_below_15m_usd,7709007.45,41
NULV,NULV,Nuveen ESG Large-Cap Value ETF,avg_dollar_volume_30d_below_15m_usd,3633222.65,41
NUMG,NUMG,Nuveen ESG Mid-Cap Growth ETF,avg_dollar_volume_30d_below_15m_usd,1304552.57,41
NUMI,NUMI,Nuveen Municipal Income ETF,avg_dollar_volume_30d_below_15m_usd,101980.44,41
NUMV,NUMV,Nuveen ESG Mid-Cap Value ETF,avg_dollar_volume_30d_below_15m_usd,1197218.32,41
NURE,NURE,Nuveen Short-Term REIT ETF,avg_dollar_volume_30d_below_15m_usd,163783.17,41
NUS,NUS,"Nu Skin Enterprises, Inc. Common Stock",avg_dollar_volume_30d_below_15m_usd,4148400.29,41
NUSA,NUSA,Nuveen ESG 1-5 Year U.S. Aggregate Bond ETF,avg_dollar_volume_30d_below_15m_usd,151729.14,41
NUSB,NUSB,Nuveen Ultra Short Income ETF,avg_dollar_volume_30d_below_15m_usd,12026.74,40
NUSC,NUSC,Nuveen ESG Small-Cap ETF,avg_dollar_volume_30d_below_15m_usd,6879750.85,41
NUTR,NUTR,Nusatrip Incorporated - Common Stock,avg_dollar_volume_30d_below_15m_usd,0.0,40
NUWE,NUWE,"Nuwellis, Inc. - Common Stock",avg_dollar_volume_30d_below_15m_usd,838463.6,41
NVA,NVA,Nova Minerals Corp Common Stock,avg_dollar_volume_30d_below_15m_usd,1860119.08,41
NVBT,NVBT,AllianzIM U.S. Large Cap Buffer10 Nov ETF,avg_dollar_volume_30d_below_15m_usd,61971.56,41
NVBU,NVBU,AllianzIM U.S. Equity Buffer15 Uncapped Nov ETF,avg_dollar_volume_30d_below_15m_usd,88088.06,41
NVBW,NVBW,AllianzIM U.S. Large Cap Buffer20 Nov ETF,avg_dollar_volume_30d_below_15m_usd,143333.42,41
NVC,NVC,Corgi NVDA 2x Daily ETF,avg_dollar_volume_30d_below_15m_usd,39002.96,9
NVCT,NVCT,"Nuvectis Pharma, Inc. - Common Stock",avg_dollar_volume_30d_below_15m_usd,8170404.62,41
NVDB,NVDB,ProShares Ultra NVDA,avg_dollar_volume_30d_below_15m_usd,977493.1,41
NVDD,NVDD,Direxion Daily NVDA Bear 1X ETF,avg_dollar_volume_30d_below_15m_usd,4200874.11,41
NVDG,NVDG,Leverage Shares 2X Long NVDA Daily ETF,avg_dollar_volume_30d_below_15m_usd,5594704.86,41
NVDS,NVDS,Tradr 1.5X Short NVDA Daily ETF,avg_dollar_volume_30d_below_15m_usd,6992939.81,41
NVDW,NVDW,Roundhill NVDA WeeklyPay ETF,avg_dollar_volume_30d_below_15m_usd,2838916.81,41
NVGS,NVGS,Navigator Holdings Ltd. Ordinary Shares (Marshall Islands),avg_dollar_volume_30d_below_15m_usd,9615392.37,41
NVII,NVII,REX NVDA Growth & Income ETF,avg_dollar_volume_30d_below_15m_usd,4228555.2,41
NVIR,NVIR,Horizon Kinetics Energy and Remediation ETF,avg_dollar_volume_30d_below_15m_usd,22644.22,41
NVIT,NVIT,YieldMax NVDA Performance & Distribution Target 25 ETF,avg_dollar_volume_30d_below_15m_usd,271652.13,41
NVNI,NVNI,Nvni Group Limited - Ordinary Shares,avg_dollar_volume_30d_below_15m_usd,877251.0,41
NVNO,NVNO,enVVeno Medical Corporation - Common Stock,avg_dollar_volume_30d_below_15m_usd,90898.62,41
NVOH,NVOH,Novo Nordisk A/S B Shares ADRhedged,avg_dollar_volume_30d_below_15m_usd,45789.95,41
NVOX,NVOX,Defiance Daily Target 2X Long NVO ETF,avg_dollar_volume_30d_below_15m_usd,6763956.9,41
NVPS,NVPS,PurePlay Nvidia Ecosystem Picks & Shovels Index ETF,avg_dollar_volume_30d_below_15m_usd,997295.45,13
NVRI,NVRI,Enviri Corporation Common Stock,avg_dollar_volume_30d_below_15m_usd,13872679.31,41
NVTC,NVTC,Corgi NVTS 2x Daily ETF,avg_dollar_volume_30d_below_15m_usd,88547.39,3
NVVE,NVVE,Nuvve Holding Corp. - Common Stock,avg_dollar_volume_30d_below_15m_usd,10920029.19,41
NVYY,NVYY,GraniteShares YieldBOOST NVDA ETF,avg_dollar_volume_30d_below_15m_usd,1030380.34,41
NWFL,NWFL,Norwood Financial Corp. - Common Stock,avg_dollar_volume_30d_below_15m_usd,1383041.25,41
NWTG,NWTG,"Newton Golf Company, Inc. - Common Stock",avg_dollar_volume_30d_below_15m_usd,53617.18,41
NX,NX,Quanex Building Products Corporation Common Stock,avg_dollar_volume_30d_below_15m_usd,7513976.81,41
NXB,NXB,NextBoat Inc. Common Stcok,avg_dollar_volume_30d_below_15m_usd,93954.03,41
NXDR,NXDR,"Nextdoor Holdings, Inc. Class A Common Stock",avg_dollar_volume_30d_below_15m_usd,5931287.22,41
NXGL,NXGL,"NexGel, Inc - Common Stock",avg_dollar_volume_30d_below_15m_usd,221536.45,41
NXL,NXL,"Nexalin Technology, Inc. - Common Stock",avg_dollar_volume_30d_below_15m_usd,139177.17,41
NXP,NXP,Nuveen Select Tax Free Income Portfolio Common Stock,avg_dollar_volume_30d_below_15m_usd,1901179.17,41
NXPG,NXPG,Leverage Shares 2X Long NXPI Daily ETF,avg_dollar_volume_30d_below_15m_usd,80846.65,26
NXPL,NXPL,NextPlat Corp - Common Stock,avg_dollar_volume_30d_below_15m_usd,234115.05,41
NXPX,NXPX,Tradr 2X Long NXPI Daily ETF,avg_dollar_volume_30d_below_15m_usd,88291.32,29
NXTC,NXTC,"NextCure, Inc. - Common Stock",avg_dollar_volume_30d_below_15m_usd,369965.66,41
NXTE,NXTE,AXS Green Alpha ETF,avg_dollar_volume_30d_below_15m_usd,284053.78,41
NXTG,NXTG,First Trust Indxx NextG ETF,avg_dollar_volume_30d_below_15m_usd,2645586.88,40
NXTI,NXTI,Simplify Next Intangible Core Index ETF,avg_dollar_volume_30d_below_15m_usd,14554.38,41
NXTT,NXTT,Next Technology Holding Inc. - Ordinary Shares,avg_dollar_volume_30d_below_15m_usd,225771.09,41
NXUS,NXUS,Nuveen International Aggregate Bond ETF,avg_dollar_volume_30d_below_15m_usd,5186602.16,41
NXXT,NXXT,"NextNRG, Inc. - Common Stock",avg_dollar_volume_30d_below_15m_usd,2237827.86,41
NYAX,NYAX,Nayax Ltd. - Ordinary Shares,avg_dollar_volume_30d_below_15m_usd,1028212.58,41
NYC,NYC,American Strategic Investment Co. Class A Common Stock,avg_dollar_volume_30d_below_15m_usd,349461.48,41
NYF,NYF,iShares New York Muni Bond ETF,avg_dollar_volume_30d_below_15m_usd,7190238.77,41
NYM,NYM,AB New York Intermediate Municipal ETF,avg_dollar_volume_30d_below_15m_usd,1779108.47,41
NYNY,NYNY,Corgi NYC Based ETF,avg_dollar_volume_30d_below_15m_usd,20489.92,41
NYSX,NYSX,Global X NYSE 100 ETF,avg_dollar_volume_30d_below_15m_usd,680201.0,41
NYXH,NYXH,Nyxoah SA - Ordinary Shares,avg_dollar_volume_30d_below_15m_usd,810238.28,41
NYYY,NYYY,xETFs NVDA Daily Income ETF,avg_dollar_volume_30d_below_15m_usd,14745.53,37
NZAC,NZAC,State Street SPDR MSCI ACWI Climate Paris Aligned ETF,avg_dollar_volume_30d_below_15m_usd,230702.7,40
OABI,OABI,"OmniAb, Inc. - Common Stock",avg_dollar_volume_30d_below_15m_usd,1431171.84,41
OACP,OACP,OneAscent Core Plus Bond ETF,avg_dollar_volume_30d_below_15m_usd,1106773.31,41
OAEM,OAEM,OneAscent Emerging Markets ETF,avg_dollar_volume_30d_below_15m_usd,591956.28,41
OAIM,OAIM,OneAscent International Equity ETF,avg_dollar_volume_30d_below_15m_usd,929386.22,41
OAKG,OAKG,Oakmark Global Large Cap ETF,avg_dollar_volume_30d_below_15m_usd,89963.63,40
OAKI,OAKI,Oakmark International Large Cap ETF,avg_dollar_volume_30d_below_15m_usd,277461.57,40
OAKM,OAKM,Oakmark U.S. Large Cap ETF,avg_dollar_volume_30d_below_15m_usd,5821790.57,41
OALC,OALC,OneAscent Large Cap Core ETF,avg_dollar_volume_30d_below_15m_usd,798925.66,41
OARK,OARK,YieldMax Innovation Option Income Strategy ETF,avg_dollar_volume_30d_below_15m_usd,314050.67,41
OASC,OASC,OneAscent Enhanced Small and Mid Cap ETF,avg_dollar_volume_30d_below_15m_usd,337929.83,41
OBE,OBE,Obsidian Energy Ltd. Common Shares,avg_dollar_volume_30d_below_15m_usd,6594319.39,41
OBIL,OBIL,US Treasury 12 Month Bill ETF,avg_dollar_volume_30d_below_15m_usd,1945585.78,41
OBIO,OBIO,"Orchestra BioMed Holdings, Inc. - Ordinary Shares",avg_dollar_volume_30d_below_15m_usd,1731112.86,41
OBK,OBK,"Origin Bancorp, Inc. Common Stock",avg_dollar_volume_30d_below_15m_usd,7004310.71,41
OBND,OBND,State Street Loomis Sayles Opportunistic Bond ETF,avg_dollar_volume_30d_below_15m_usd,128253.54,41
OBOR,OBOR,KraneShares MSCI One Belt One Road Index ETF,avg_dollar_volume_30d_below_15m_usd,24409.76,41
OBT,OBT,"Orange County Bancorp, Inc. - Common Stock",avg_dollar_volume_30d_below_15m_usd,3071292.1,41
OBTC,OBTC,Osprey Bitcoin Trust,avg_dollar_volume_30d_below_15m_usd,278283.04,40
OCDB,OCDB,Aptus October Deep Buffer ETF,avg_dollar_volume_30d_below_15m_usd,13550.29,41
OCG,OCG,Oriental Culture Holding LTD - Ordinary Shares,avg_dollar_volume_30d_below_15m_usd,952305.48,41
OCGN,OCGN,"Ocugen, Inc. - Common Stock",avg_dollar_volume_30d_below_15m_usd,11892465.53,41
OCIO,OCIO,ClearShares OCIO ETF,avg_dollar_volume_30d_below_15m_usd,53970.84,41
OCS,OCS,Oculis Holding AG - Ordinary shares,avg_dollar_volume_30d_below_15m_usd,14119870.71,41
OCTB,OCTB,Aptus October Buffer ETF,avg_dollar_volume_30d_below_15m_usd,81450.05,41
OCTH,OCTH,Innovator Premium Income 20 Barrier ETF - October,avg_dollar_volume_30d_below_15m_usd,99315.47,41
OCTJ,OCTJ,Innovator Premium Income 30 Barrier ETF - October,avg_dollar_volume_30d_below_15m_usd,106765.25,41
OCTM,OCTM,FT Vest U.S. Equity Max Buffer ETF - October,avg_dollar_volume_30d_below_15m_usd,67263.03,41
OCTP,OCTP,PGIM S&P 500 Buffer 12 ETF - October,avg_dollar_volume_30d_below_15m_usd,185124.98,41
OCTT,OCTT,AllianzIM U.S. Large Cap Buffer10 Oct ETF,avg_dollar_volume_30d_below_15m_usd,582972.01,41
OCTU,OCTU,AllianzIM U.S. Equity Buffer15 Uncapped Oct ETF,avg_dollar_volume_30d_below_15m_usd,236780.62,41
OCTW,OCTW,AllianzIM U.S. Large Cap Buffer20 Oct ETF,avg_dollar_volume_30d_below_15m_usd,7735310.95,41
OCTZ,OCTZ,TrueShares Structured Outcome (October) ETF,avg_dollar_volume_30d_below_15m_usd,344784.6,41
ODC,ODC,Oil-Dri Corporation Of America Common Stock,avg_dollar_volume_30d_below_15m_usd,11469946.62,41
ODDS,ODDS,Pacer BlueStar Digital Entertainment ETF,avg_dollar_volume_30d_below_15m_usd,14924.32,41
ODDZ,ODDZ,Corgi Sports Betting & Gambling ETF,avg_dollar_volume_30d_below_15m_usd,15265.57,41
ODHY,ODHY,Obra Defensive High Yield ETF,avg_dollar_volume_30d_below_15m_usd,997.89,40
ODTE,ODTE,VegaShares SPX NDX RTY Premium Income ETF,avg_dollar_volume_30d_below_15m_usd,207141.61,41
ODTX,ODTX,"Odyssey Therapeutics, Inc. - Common Stock",avg_dollar_volume_30d_below_15m_usd,6037778.24,41
ODV,ODV,Osisko Development Corp. Common Shares,avg_dollar_volume_30d_below_15m_usd,6912480.13,41
ODYS,ODYS,Odysight.ai Inc. - Common Stock,avg_dollar_volume_30d_below_15m_usd,197103.83,41
OEC,OEC,Orion S.A. Common Shares,avg_dollar_volume_30d_below_15m_usd,4479305.82,41
OEFA,OEFA,ALPS O'Shares International Developed Quality Dividend ETF,avg_dollar_volume_30d_below_15m_usd,197748.93,41
OEI,OEI,Optimized Equity Income ETF,avg_dollar_volume_30d_below_15m_usd,181448.48,40
OESX,OESX,"Orion Energy Systems, Inc. - Common Stock",avg_dollar_volume_30d_below_15m_usd,604986.13,41
OFAL,OFAL,OFA Group - Class A Ordinary Shares,avg_dollar_volume_30d_below_15m_usd,232741.78,41
OFIX,OFIX,Orthofix Medical Inc.  - Common Stock,avg_dollar_volume_30d_below_15m_usd,4440609.28,41
OFLX,OFLX,"Omega Flex, Inc. - Common Stock",avg_dollar_volume_30d_below_15m_usd,1257838.32,41
OFRM,OFRM,"Once Upon a Farm, PBC Common Stock",avg_dollar_volume_30d_below_15m_usd,10975739.45,41
OGC,OGC,OceanaGold Corporation Common Shares,avg_dollar_volume_30d_below_15m_usd,9697512.1,41
OGEN,OGEN,Oragenics Inc. Common Stock,avg_dollar_volume_30d_below_15m_usd,28413.95,41
OGI,OGI,Organigram Global Inc. - Common Shares,avg_dollar_volume_30d_below_15m_usd,534434.19,41
OGIG,OGIG,ALPS O'Shares Global Internet Giants ETF,avg_dollar_volume_30d_below_15m_usd,510483.55,41
OGSP,OGSP,Obra High Grade Structured Products ETF,avg_dollar_volume_30d_below_15m_usd,4641.42,40
OILK,OILK,ProShares K-1 Free Crude Oil ETF,avg_dollar_volume_30d_below_15m_usd,11434108.26,41
OILT,OILT,Texas Capital Texas Oil Index ETF,avg_dollar_volume_30d_below_15m_usd,78671.22,41
OIO,OIO,OIO Group - Ordinary Shares,avg_dollar_volume_30d_below_15m_usd,74176.71,41
OIS,OIS,"Oil States International, Inc. Common Stock",avg_dollar_volume_30d_below_15m_usd,6496360.97,41
OKLC,OKLC,Corgi OKLO 2x Daily ETF,avg_dollar_volume_30d_below_15m_usd,78718.89,3
OKLS,OKLS,Defiance Daily Target 2X Short OKLO ETF,avg_dollar_volume_30d_below_15m_usd,7379052.82,41
OKTG,OKTG,Leverage Shares 2X Long OKTA Daily ETF,avg_dollar_volume_30d_below_15m_usd,1726871.43,41
OKUR,OKUR,"OnKure Therapeutics, Inc. - Class A Common Stock",avg_dollar_volume_30d_below_15m_usd,2017176.8,41
OKYO,OKYO,OKYO Pharma Limited - Ordinary Shares,avg_dollar_volume_30d_below_15m_usd,133105.01,41
OLB,OLB,"The OLB Group, Inc. - Common Stock",avg_dollar_volume_30d_below_15m_usd,95277.41,41
OLOX,OLOX,Olenox Industries Inc. - Common Stock,avg_dollar_volume_30d_below_15m_usd,9452590.36,41
OLP,OLP,"One Liberty Properties, Inc. Common Stock",avg_dollar_volume_30d_below_15m_usd,1937966.85,41
OM,OM,"Outset Medical, Inc. - Common Stock",avg_dollar_volume_30d_below_15m_usd,1329169.79,41
OMEX,OMEX,"Odyssey Marine Exploration, Inc. - Common Stock",avg_dollar_volume_30d_below_15m_usd,672784.85,41
OMFL,OMFL,Invesco Russell 1000 Dynamic Multifactor ETF,avg_dollar_volume_30d_below_15m_usd,9388974.01,41
OMFS,OMFS,Invesco Russell 2000 Dynamic Multifactor ETF,avg_dollar_volume_30d_below_15m_usd,779868.58,41
OMH,OMH,Ohmyhome Limited - Class A Ordinary Shares,avg_dollar_volume_30d_below_15m_usd,243530.67,41
OMSE,OMSE,OMS Energy Technologies Inc. - Ordinary Shares,avg_dollar_volume_30d_below_15m_usd,96583.21,41
ONCO,ONCO,"Onconetix, Inc.  - Common Stock",avg_dollar_volume_30d_below_15m_usd,765698.47,41
ONCY,ONCY,Oncolytics Biotech Inc. - Common Stock,avg_dollar_volume_30d_below_15m_usd,1392184.78,41
OND,OND,ProShares On-Demand ETF,avg_dollar_volume_30d_below_15m_usd,14344.81,41
ONDC,ONDC,Corgi ONDS 2x Daily ETF,avg_dollar_volume_30d_below_15m_usd,85424.88,3
ONDG,ONDG,Leverage Shares 2X Long ONDS Daily ETF,avg_dollar_volume_30d_below_15m_usd,9979989.91,41
ONDU,ONDU,Tradr 2X Long ONDS Daily ETF,avg_dollar_volume_30d_below_15m_usd,1870429.13,41
ONEG,ONEG,OneConstruction Group Limited - Ordinary Shares,avg_dollar_volume_30d_below_15m_usd,1073764.11,41
ONEH,ONEH,TrueShares Equity Hedge ETF,avg_dollar_volume_30d_below_15m_usd,68877.29,41
ONEO,ONEO,State Street SPDR Russell 1000 Momentum Focus ETF,avg_dollar_volume_30d_below_15m_usd,55217.01,41
ONEV,ONEV,State Street SPDR Russell 1000 Low Volatility Focus ETF,avg_dollar_volume_30d_below_15m_usd,4092258.44,41
ONEW,ONEW,OneWater Marine Inc. - Class A Common Stock,avg_dollar_volume_30d_below_15m_usd,1052429.05,41
ONEY,ONEY,State Street SPDR Russell 1000 Yield Focus ETF,avg_dollar_volume_30d_below_15m_usd,4197937.86,41
ONEZ,ONEZ,TrueShares Seasonality Laddered Buffered ETF,avg_dollar_volume_30d_below_15m_usd,929004.63,41
ONFO,ONFO,Onfolio Holdings Inc. - Common Stock,avg_dollar_volume_30d_below_15m_usd,1487687.31,41
ONG,ONG,Leverage Shares 2X Long ON Daily ETF,avg_dollar_volume_30d_below_15m_usd,448790.51,26
ONIT,ONIT,Onity Group Inc. Common Stock,avg_dollar_volume_30d_below_15m_usd,2794415.1,41
ONL,ONL,Orion Properties Inc. Common Stock,avg_dollar_volume_30d_below_15m_usd,1579811.26,41
ONLN,ONLN,ProShares Online Retail ETF,avg_dollar_volume_30d_below_15m_usd,305942.91,41
ONMD,ONMD,OneMedNet Corp - Class A Common Stock,avg_dollar_volume_30d_below_15m_usd,222628.51,41
ONOF,ONOF,Global X Adaptive U.S. Risk Management ETF,avg_dollar_volume_30d_below_15m_usd,281996.7,41
ONT,ONT,"Onterris, Inc. Common Stock",avg_dollar_volume_30d_below_15m_usd,12519739.81,41
ONTX,ONTX,Corgi ONTO 2x Daily ETF,avg_dollar_volume_30d_below_15m_usd,697921.84,11
ONX,ONX,Tradr 2X Long ON Daily ETF,avg_dollar_volume_30d_below_15m_usd,756035.02,29
OOMA,OOMA,"Ooma, Inc. Common Stock",avg_dollar_volume_30d_below_15m_usd,6707615.38,41
OOSP,OOSP,Obra Opportunistic Structured Products ETF,avg_dollar_volume_30d_below_15m_usd,78281.92,41
OPAD,OPAD,Offerpad Solutions Inc. Class A Common Stock,avg_dollar_volume_30d_below_15m_usd,514198.17,41
OPAL,OPAL,OPAL Fuels Inc. - Class A Common Stock,avg_dollar_volume_30d_below_15m_usd,692009.17,41
OPBK,OPBK,OP Bancorp - Common Stock,avg_dollar_volume_30d_below_15m_usd,761855.07,41
OPEG,OPEG,Leverage Shares 2X Long OPEN Daily ETF,avg_dollar_volume_30d_below_15m_usd,424615.94,41
OPER,OPER,ETF ClearShares Ultra-Short Maturity ETF,avg_dollar_volume_30d_below_15m_usd,776237.02,41
OPEX,OPEX,Tradr 2X Long OPEN Daily ETF,avg_dollar_volume_30d_below_15m_usd,1707447.28,41
OPFI,OPFI,OppFi Inc. Class A Common Stock,avg_dollar_volume_30d_below_15m_usd,7139849.67,41
OPHC,OPHC,"OptimumBank Holdings, Inc. Common Stock",avg_dollar_volume_30d_below_15m_usd,175903.29,41
OPK,OPK,"Opko Health, Inc. - Common Stock",avg_dollar_volume_30d_below_15m_usd,4372368.89,41
OPPE,OPPE,WisdomTree European Opportunities Fund,avg_dollar_volume_30d_below_15m_usd,865023.99,41
OPPJ,OPPJ,WisdomTree Japan Opportunities Fund,avg_dollar_volume_30d_below_15m_usd,4139159.25,41
OPRT,OPRT,Oportun Financial Corporation - common stock,avg_dollar_volume_30d_below_15m_usd,3264612.49,41
OPRX,OPRX,OptimizeRx Corporation - Common Stock,avg_dollar_volume_30d_below_15m_usd,2272161.38,41
OPTH,OPTH,Optimi Health Corp. - Common Shares,avg_dollar_volume_30d_below_15m_usd,745929.13,34
OPTT,OPTT,"Ocean Power Technologies, Inc. Common Stock",avg_dollar_volume_30d_below_15m_usd,1537317.68,41
OPTX,OPTX,"Syntec Optics Holdings, Inc. - Class A Common Stock",avg_dollar_volume_30d_below_15m_usd,11725284.66,41
OPTZ,OPTZ,Optimize Strategy Index ETF,avg_dollar_volume_30d_below_15m_usd,139159.26,41
OPXS,OPXS,"Optex Systems Holdings, Inc. - Common Stock",avg_dollar_volume_30d_below_15m_usd,555780.29,41
OPY,OPY,"Oppenheimer Holdings, Inc. Class A Common Stock (DE)",avg_dollar_volume_30d_below_15m_usd,13085906.22,41
ORAC,ORAC,Corgi ORCL 2x Daily ETF,avg_dollar_volume_30d_below_15m_usd,857085.33,8
ORBX,ORBX,Global X Space Tech ETF,avg_dollar_volume_30d_below_15m_usd,7873862.9,41
ORCS,ORCS,Direxion Daily ORCL Bear 1X ETF,avg_dollar_volume_30d_below_15m_usd,3775474.91,41
ORGO,ORGO,Organogenesis Holdings Inc.  - Class A ,avg_dollar_volume_30d_below_15m_usd,2027922.27,41
ORIO,ORIO,Orion Digital Corp. - Common Shares,avg_dollar_volume_30d_below_15m_usd,29181.82,41
ORIQ,ORIQ,Origin Investment Corp I - Ordinary Shares,avg_dollar_volume_30d_below_15m_usd,156338.2,40
ORKT,ORKT,Orangekloud Technology Inc. - Class A Ordinary Shares,avg_dollar_volume_30d_below_15m_usd,386523.08,41
ORLG,ORLG,Leverage Shares 2X Long ORLY Daily ETF,avg_dollar_volume_30d_below_15m_usd,44761.57,40
ORMP,ORMP,Oramed Pharmaceuticals Inc. - Common Stock,avg_dollar_volume_30d_below_15m_usd,1818693.83,41
ORN,ORN,"Orion Group Holdings, Inc. Common",avg_dollar_volume_30d_below_15m_usd,6681358.82,41
ORO,ORO,Arrow Valtoro ETF,avg_dollar_volume_30d_below_15m_usd,3537.51,41
ORR,ORR,Militia Long/Short Equity ETF,avg_dollar_volume_30d_below_15m_usd,4275634.16,41
ORRF,ORRF,"Orrstown Financial Services, Inc. - Common Stock",avg_dollar_volume_30d_below_15m_usd,6219776.71,41
OSBC,OSBC,"Old Second Bancorp, Inc. - Common Stock",avg_dollar_volume_30d_below_15m_usd,8222258.22,41
OSCG,OSCG,Leverage Shares 2X Long OSCR Daily ETF,avg_dollar_volume_30d_below_15m_usd,223934.32,40
OSCV,OSCV,Opus Small Cap Value ETF,avg_dollar_volume_30d_below_15m_usd,2345234.95,41
OSCX,OSCX,Defiance Daily Target 2x Long OSCR ETF,avg_dollar_volume_30d_below_15m_usd,921558.43,41
OSEA,OSEA,Harbor International Compounders ETF,avg_dollar_volume_30d_below_15m_usd,1795536.07,41
OSG,OSG,"Octave Specialty Group, Inc. Common Stock",avg_dollar_volume_30d_below_15m_usd,3075630.08,41
OSPN,OSPN,OneSpan Inc. - Common Stock,avg_dollar_volume_30d_below_15m_usd,6860843.8,41
OSRH,OSRH,"OSR Health, Inc. - Common Stock",avg_dollar_volume_30d_below_15m_usd,343005.23,41
OSSL,OSSL,Defiance Daily Target 2X Long OSS ETF,avg_dollar_volume_30d_below_15m_usd,78128.46,30
OST,OST,"Ostin Technology Group Co., Ltd. - Class A Ordinary Shares",avg_dollar_volume_30d_below_15m_usd,0.0,40
OSTX,OSTX,OS Therapies Incorporated Common Stock,avg_dollar_volume_30d_below_15m_usd,1591299.03,41
OSUR,OSUR,"OraSure Technologies, Inc. - Common Stock",avg_dollar_volume_30d_below_15m_usd,2961045.12,41
OTGL,OTGL,OTG Latin America ETF,avg_dollar_volume_30d_below_15m_usd,32177.78,41
OUSA,OUSA,ALPS O'Shares U.S. Quality Dividend ETF,avg_dollar_volume_30d_below_15m_usd,1192823.43,41
OUSM,OUSM,ALPS O'Shares U.S. Small-Cap Quality Dividend ETF,avg_dollar_volume_30d_below_15m_usd,2637917.08,41
OVB,OVB,Overlay Shares Core Bond ETF,avg_dollar_volume_30d_below_15m_usd,270763.04,41
OVBC,OVBC,Ohio Valley Banc Corp. - Common Stock,avg_dollar_volume_30d_below_15m_usd,2149189.47,41
OVF,OVF,Overlay Shares Foreign Equity ETF,avg_dollar_volume_30d_below_15m_usd,559026.22,41
OVID,OVID,Ovid Therapeutics Inc. - Common Stock,avg_dollar_volume_30d_below_15m_usd,7711403.66,41
OVL,OVL,Overlay Shares Large Cap Equity ETF,avg_dollar_volume_30d_below_15m_usd,5710259.87,41
OVLH,OVLH,Overlay Shares Hedged Large Cap Equity ETF,avg_dollar_volume_30d_below_15m_usd,435201.67,41
OVLY,OVLY,Oak Valley Bancorp (CA) - Common Stock,avg_dollar_volume_30d_below_15m_usd,2230467.21,41
OVM,OVM,Overlay Shares Municipal Bond ETF,avg_dollar_volume_30d_below_15m_usd,364154.45,41
OVS,OVS,Overlay Shares Small Cap Equity ETF,avg_dollar_volume_30d_below_15m_usd,334984.16,41
OVT,OVT,Overlay Shares Short Term Bond ETF,avg_dollar_volume_30d_below_15m_usd,265943.76,41
OWLS,OWLS,OBOOK Holdings Inc. - Class A Common Shares,avg_dollar_volume_30d_below_15m_usd,166639.07,41
OWLT,OWLT,"Owlet, Inc. Class A Common Stock",avg_dollar_volume_30d_below_15m_usd,1323876.86,41
OWN,OWN,Inside Ownership 100 ETF,avg_dollar_volume_30d_below_15m_usd,96145.26,25
OWNB,OWNB,Bitwise Bitcoin Standard Corporations ETF,avg_dollar_volume_30d_below_15m_usd,245003.56,41
OWNS,OWNS,Quaker Investment Trust CCM Affordable Housing MBS ETF,avg_dollar_volume_30d_below_15m_usd,264236.88,41
OXBR,OXBR,Oxbridge Re Holdings Limited - Ordinary Shares,avg_dollar_volume_30d_below_15m_usd,131563.94,41
OZEM,OZEM,Roundhill GLP-1 & Weight Loss ETF,avg_dollar_volume_30d_below_15m_usd,872768.02,41
PAAU,PAAU,T-REX 2X Long PAAS Daily Target ETF,avg_dollar_volume_30d_below_15m_usd,133122.4,41
PAB,PAB,PGIM Active Aggregate Bond ETF,avg_dollar_volume_30d_below_15m_usd,332112.09,41
PABD,PABD,iShares Paris-Aligned Climate Optimized MSCI World ex USA ETF,avg_dollar_volume_30d_below_15m_usd,483583.93,40
PABU,PABU,iShares Paris-Aligned Climate Optimized MSCI USA ETF,avg_dollar_volume_30d_below_15m_usd,2072612.56,40
PACB,PACB,"Pacific Biosciences of California, Inc. - Common Stock",avg_dollar_volume_30d_below_15m_usd,9234910.56,41
PACK,PACK,Ranpak Holdings Corp Class A Common Stock,avg_dollar_volume_30d_below_15m_usd,3785603.79,41
PAHC,PAHC,Phibro Animal Health Corporation - Class A Common Stock,avg_dollar_volume_30d_below_15m_usd,10075606.06,41
PAL,PAL,"Proficient Auto Logistics, Inc. - Common Stock",avg_dollar_volume_30d_below_15m_usd,2391815.52,41
PALC,PALC,Pacer Lunt Large Cap Multi-Factor Alternator ETF,avg_dollar_volume_30d_below_15m_usd,414604.37,41
PALD,PALD,Direxion Daily PANW Bear 1X ETF,avg_dollar_volume_30d_below_15m_usd,807265.09,41
PALI,PALI,"Palisade Bio, Inc. - Common Stock",avg_dollar_volume_30d_below_15m_usd,7500775.1,41
PALU,PALU,Direxion Daily PANW Bull 2X ETF,avg_dollar_volume_30d_below_15m_usd,11266992.93,41
PAMC,PAMC,Pacer Lunt MidCap Multi-Factor Alternator ETF,avg_dollar_volume_30d_below_15m_usd,113283.4,41
PAMT,PAMT,PAMT CORP - Common Stock,avg_dollar_volume_30d_below_15m_usd,299117.31,41
PANG,PANG,Leverage Shares 2X Long PANW Daily ETF,avg_dollar_volume_30d_below_15m_usd,2087116.05,41
PANL,PANL,Pangaea Logistics Solutions Ltd. - Common Stock,avg_dollar_volume_30d_below_15m_usd,4338178.88,41
PAPI,PAPI,Parametric Equity Premium Income ETF,avg_dollar_volume_30d_below_15m_usd,1787560.67,41
PAPL,PAPL,Pineapple Financial Inc. Common Stock,avg_dollar_volume_30d_below_15m_usd,88103.39,41
PAPR,PAPR,Innovator U.S. Equity Power Buffer ETF - April,avg_dollar_volume_30d_below_15m_usd,1233260.9,41
PARK,PARK,"Park Dental Partners, Inc. - Common Stock",avg_dollar_volume_30d_below_15m_usd,692430.48,41
PASG,PASG,"Passage Bio, Inc. - Common Stock",avg_dollar_volume_30d_below_15m_usd,593326.6,41
PASW,PASW,"Ping An Biomedical Co., Ltd. - Class A Ordinary Shares",avg_dollar_volume_30d_below_15m_usd,70804.44,40
PATN,PATN,Pacer Nasdaq International Patent Leaders ETF,avg_dollar_volume_30d_below_15m_usd,3712405.29,41
PATX,PATX,Tradr 2X Long PATH Daily ETF,avg_dollar_volume_30d_below_15m_usd,1106109.64,41
PAUG,PAUG,Innovator U.S. Equity Power Buffer ETF - August,avg_dollar_volume_30d_below_15m_usd,1940293.24,41
PAVM,PAVM,PAVmed Inc. - Common Stock,avg_dollar_volume_30d_below_15m_usd,114701.3,41
PAWZ,PAWZ,ProShares Pet Care ETF,avg_dollar_volume_30d_below_15m_usd,333088.85,41
PAX,PAX,Patria Investments Limited - Class A Common Shares,avg_dollar_volume_30d_below_15m_usd,9744983.48,41
PAYH,PAYH,TrueShares S&P Autocallable High Income ETF,avg_dollar_volume_30d_below_15m_usd,329684.86,41
PAYM,PAYM,TrueShares S&P Autocallable Defensive Income ETF,avg_dollar_volume_30d_below_15m_usd,921475.37,41
PAYR,PAYR,Federated Hermes Enhanced Income ETF,avg_dollar_volume_30d_below_15m_usd,748484.36,41
PAYS,PAYS,"Paysign, Inc. - Common Stock",avg_dollar_volume_30d_below_15m_usd,4558619.83,41
PBAP,PBAP,PGIM S&P 500 Buffer 20 ETF - April,avg_dollar_volume_30d_below_15m_usd,148464.88,41
PBAU,PBAU,PGIM S&P 500 Buffer 20 ETF - August,avg_dollar_volume_30d_below_15m_usd,160083.27,40
PBD,PBD,Invesco Global Clean Energy ETF,avg_dollar_volume_30d_below_15m_usd,1319267.69,41
PBDC,PBDC,Putnam BDC Income ETF,avg_dollar_volume_30d_below_15m_usd,3405584.27,41
PBDE,PBDE,PGIM S&P 500 Buffer 20 ETF - December,avg_dollar_volume_30d_below_15m_usd,374116.47,41
PBE,PBE,Invesco Biotechnology & Genome ETF,avg_dollar_volume_30d_below_15m_usd,697763.69,41
PBEU,PBEU,Portfolio Building Block European Banks Index ETF,avg_dollar_volume_30d_below_15m_usd,9499709.96,41
PBFB,PBFB,PGIM S&P 500 Buffer 20 ETF - February,avg_dollar_volume_30d_below_15m_usd,140909.73,41
PBFR,PBFR,PGIM Laddered S&P 500 Buffer 20 ETF,avg_dollar_volume_30d_below_15m_usd,1943079.35,41
PBFS,PBFS,"Pioneer Bancorp, Inc. - Common Stock",avg_dollar_volume_30d_below_15m_usd,368564.97,41
PBHC,PBHC,"Pathfinder Bancorp, Inc. - Common Stock",avg_dollar_volume_30d_below_15m_usd,207929.27,40
PBJ,PBJ,Invesco Food & Beverage ETF,avg_dollar_volume_30d_below_15m_usd,1134644.84,41
PBJA,PBJA,PGIM S&P 500 Buffer 20 ETF - January,avg_dollar_volume_30d_below_15m_usd,134426.25,41
PBJL,PBJL,PGIM S&P 500 Buffer 20 ETF - July,avg_dollar_volume_30d_below_15m_usd,862389.72,41
PBJN,PBJN,PGIM S&P 500 Buffer 20 ETF - June,avg_dollar_volume_30d_below_15m_usd,1195838.19,41
PBK,PBK,PowerBank Corporation - Common Stock,avg_dollar_volume_30d_below_15m_usd,5914785.28,41
PBL,PBL,PGIM Portfolio Ballast ETF,avg_dollar_volume_30d_below_15m_usd,215863.51,41
PBM,PBM,Psyence Biomedical Ltd. - Common Shares,avg_dollar_volume_30d_below_15m_usd,220342.35,41
PBMR,PBMR,PGIM S&P 500 Buffer 20 ETF - March,avg_dollar_volume_30d_below_15m_usd,487496.33,41
PBMY,PBMY,PGIM S&P 500 Buffer 20 ETF - May,avg_dollar_volume_30d_below_15m_usd,146742.57,41
PBNV,PBNV,PGIM S&P 500 Buffer 20 ETF - November,avg_dollar_volume_30d_below_15m_usd,150832.06,41
PBOC,PBOC,PGIM S&P 500 Buffer 20 ETF - October,avg_dollar_volume_30d_below_15m_usd,254740.31,41
PBOG,PBOG,Portfolio Building Block Integrated Oil and Gas and Exploration and Production Index ETF,avg_dollar_volume_30d_below_15m_usd,4425989.8,41
PBOT,PBOT,Pictet AI & Automation ETF,avg_dollar_volume_30d_below_15m_usd,29327.82,40
PBP,PBP,Invesco S&P 500 BuyWrite ETF,avg_dollar_volume_30d_below_15m_usd,902453.93,41
PBPH,PBPH,Portfolio Building Block World Pharma and Biotech Index ETF,avg_dollar_volume_30d_below_15m_usd,5251491.55,41
PBQQ,PBQQ,PGIM Laddered Nasdaq-100 Buffer 12 ETF,avg_dollar_volume_30d_below_15m_usd,990038.02,41
PBRG,PBRG,Leverage Shares 2X Long PBR Daily ETF,avg_dollar_volume_30d_below_15m_usd,59381.55,40
PBSC,PBSC,Pacer Barings Secured Credit Flex ETF,avg_dollar_volume_30d_below_15m_usd,3414132.27,12
PBSE,PBSE,PGIM S&P 500 Buffer 20 ETF - September,avg_dollar_volume_30d_below_15m_usd,146921.52,41
PBTP,PBTP,Invesco 0-5 Yr US TIPS ETF,avg_dollar_volume_30d_below_15m_usd,1560858.37,41
PBYI,PBYI,Puma Biotechnology Inc - Common Stock,avg_dollar_volume_30d_below_15m_usd,2313628.99,41
PC,PC,Premium Catering (Holdings) Limited - Ordinary Shares,avg_dollar_volume_30d_below_15m_usd,0.0,40
PCB,PCB,PCB Bancorp - Common Stock,avg_dollar_volume_30d_below_15m_usd,960573.99,41
PCCE,PCCE,Polen Capital China Growth ETF,avg_dollar_volume_30d_below_15m_usd,5553.26,41
PCEB,PCEB,Polen Euro High Yield Bond ETF,avg_dollar_volume_30d_below_15m_usd,405853.99,41
PCEF,PCEF,Invesco CEF Income Composite ETF,avg_dollar_volume_30d_below_15m_usd,2082812.34,41
PCFI,PCFI,Polen Floating Rate Income ETF,avg_dollar_volume_30d_below_15m_usd,68949.27,41
PCGG,PCGG,Polen Capital Global Growth ETF,avg_dollar_volume_30d_below_15m_usd,27482.19,41
PCHI,PCHI,Polen High Income ETF,avg_dollar_volume_30d_below_15m_usd,108967.88,41
PCI,PCI,PGIM Corporate Bond 5-10 Year ETF,avg_dollar_volume_30d_below_15m_usd,61034.71,41
PCIG,PCIG,Polen Capital International Growth ETF,avg_dollar_volume_30d_below_15m_usd,52791.37,41
PCL,PCL,PGIM Corporate Bond 10+ Year ETF,avg_dollar_volume_30d_below_15m_usd,1015327.09,41
PCLC,PCLC,Polen 5Perspectives Large Growth ETF,avg_dollar_volume_30d_below_15m_usd,10226.86,36
PCLG,PCLG,Polen Focus Growth ETF,avg_dollar_volume_30d_below_15m_usd,747186.13,41
PCLN,PCLN,Pictet Cleaner Planet ETF,avg_dollar_volume_30d_below_15m_usd,5072.48,41
PCLO,PCLO,VIRTUS SEIX AAA Private Credit CLO ETF,avg_dollar_volume_30d_below_15m_usd,247710.38,41
PCMM,PCMM,BondBloxx Private Credit CLO ETF,avg_dollar_volume_30d_below_15m_usd,1146947.21,41
PCPI,PCPI,PIMCO Inflation PLUS Active Exchange-Traded Fund,avg_dollar_volume_30d_below_15m_usd,818413.09,41
PCPP,PCPP,Porter & Company Porter Portfolio Index ETF,avg_dollar_volume_30d_below_15m_usd,982193.61,23
PCR,PCR,Simplify VettaFi Private Credit Strategy ETF,avg_dollar_volume_30d_below_15m_usd,8569.77,41
PCRX,PCRX,"Pacira BioSciences, Inc. - Common Stock",avg_dollar_volume_30d_below_15m_usd,10374718.04,41
PCS,PCS,PGIM Corporate Bond 0-5 Year ETF,avg_dollar_volume_30d_below_15m_usd,34309.77,41
PCSA,PCSA,"Processa Pharmaceuticals, Inc. - Common Stock",avg_dollar_volume_30d_below_15m_usd,144425.79,41
PCSC,PCSC,Perceptive Capital Solutions Corp - Class A Ordinary Shares,avg_dollar_volume_30d_below_15m_usd,2072794.65,41
PCSG,PCSG,Polen 5Perspectives Small-Mid Growth ETF,avg_dollar_volume_30d_below_15m_usd,27618.12,36
PCY,PCY,Invesco Emerging Markets Sovereign Debt ETF,avg_dollar_volume_30d_below_15m_usd,7215289.29,41
PCYO,PCYO,Pure Cycle Corporation - Common Stock,avg_dollar_volume_30d_below_15m_usd,699076.55,41
PDBA,PDBA,Invesco Agriculture Commodity Strategy No K-1 ETF,avg_dollar_volume_30d_below_15m_usd,12348179.21,41
PDCC,PDCC,Pearl Diver Credit Company Inc. Common Stock,avg_dollar_volume_30d_below_15m_usd,90011.31,41
PDDL,PDDL,GraniteShares 2x Long PDD Daily ETF,avg_dollar_volume_30d_below_15m_usd,1040327.1,41
PDEC,PDEC,Innovator U.S. Equity Power Buffer ETF - December,avg_dollar_volume_30d_below_15m_usd,2086806.63,41
PDEX,PDEX,"Pro-Dex, Inc. - Common Stock",avg_dollar_volume_30d_below_15m_usd,4352478.43,41
PDLB,PDLB,"Ponce Financial Group, Inc. - Common Stock",avg_dollar_volume_30d_below_15m_usd,1770545.23,41
PDN,PDN,Invesco RAFI Developed Markets ex-U.S. Small-Mid ETF,avg_dollar_volume_30d_below_15m_usd,894360.47,41
PDP,PDP,Invesco Dorsey Wright Momentum ETF,avg_dollar_volume_30d_below_15m_usd,3593042.72,41
PDS,PDS,Precision Drilling Corporation Common Stock,avg_dollar_volume_30d_below_15m_usd,8373287.03,41
PDSB,PDSB,PDS Biotechnology Corporation - Common Stock,avg_dollar_volume_30d_below_15m_usd,742935.43,41
PEBK,PEBK,"Peoples Bancorp of North Carolina, Inc. - Common Stock",avg_dollar_volume_30d_below_15m_usd,1532487.86,41
PEBO,PEBO,Peoples Bancorp Inc. - Common Stock,avg_dollar_volume_30d_below_15m_usd,9164798.38,41
PED,PED,Pedevco Corp. Common Stock,avg_dollar_volume_30d_below_15m_usd,762636.54,41
PEJ,PEJ,Invesco Leisure and Entertainment ETF,avg_dollar_volume_30d_below_15m_usd,3386980.62,41
PEMX,PEMX,Putnam Emerging Markets ex-China ETF,avg_dollar_volume_30d_below_15m_usd,469164.1,41
PEPG,PEPG,PepGen Inc. - Common Stock,avg_dollar_volume_30d_below_15m_usd,1103357.02,41
PEPS,PEPS,Parametric Equity Plus ETF,avg_dollar_volume_30d_below_15m_usd,23081.25,40
PERF,PERF,Perfect Corp. Class A Ordinary Share,avg_dollar_volume_30d_below_15m_usd,125456.42,41
PERI,PERI,Perion Network Ltd - Ordinary Shares,avg_dollar_volume_30d_below_15m_usd,4904107.25,41
PESI,PESI,"Perma-Fix Environmental Services, Inc. - Common Stock",avg_dollar_volume_30d_below_15m_usd,3626911.25,41
PETS,PETS,"PetMed Express, Inc. - Common Stock",avg_dollar_volume_30d_below_15m_usd,2352492.79,41
PETZ,PETZ,"TDH Holdings, Inc. - Common Shares",avg_dollar_volume_30d_below_15m_usd,141827.2,40
PEVC,PEVC,Pacer PE/VC ETF,avg_dollar_volume_30d_below_15m_usd,7448.79,41
PEW,PEW,GrabAGun Digital Holdings Inc. Common Stock,avg_dollar_volume_30d_below_15m_usd,2297558.54,41
PEX,PEX,ProShares Global Listed Private Equity ETF,avg_dollar_volume_30d_below_15m_usd,51128.57,41
PEXL,PEXL,Pacer US Export Leaders ETF,avg_dollar_volume_30d_below_15m_usd,195124.79,41
PEY,PEY,Invesco High Yield Equity Dividend Achievers ETF,avg_dollar_volume_30d_below_15m_usd,4517339.27,41
PEZ,PEZ,Invesco Dorsey Wright Consumer Cyclicals Momentum ETF,avg_dollar_volume_30d_below_15m_usd,49767.3,40
PFAI,PFAI,Pinnacle Food Group Limited - Class A Common Shares,avg_dollar_volume_30d_below_15m_usd,5801.09,40
PFDE,PFDE,Pathfinder Disciplined US Equity ETF,avg_dollar_volume_30d_below_15m_usd,605770.8,40
PFEB,PFEB,Innovator U.S. Equity Power Buffer ETF - February,avg_dollar_volume_30d_below_15m_usd,1107415.61,41
PFFD,PFFD,Global X U.S. Preferred ETF,avg_dollar_volume_30d_below_15m_usd,12174733.59,41
PFFR,PFFR,InfraCap REIT Preferred ETF,avg_dollar_volume_30d_below_15m_usd,517163.68,41
PFFV,PFFV,Global X Variable Rate Preferred ETF,avg_dollar_volume_30d_below_15m_usd,1161198.15,41
PFI,PFI,Invesco Dorsey Wright Financial Momentum ETF,avg_dollar_volume_30d_below_15m_usd,927888.85,41
PFIG,PFIG,Invesco Fundamental Investment Grade Corporate Bond  ETF,avg_dollar_volume_30d_below_15m_usd,331012.19,41
PFIS,PFIS,Peoples Financial Services Corp.  - Common Stock,avg_dollar_volume_30d_below_15m_usd,4597270.35,41
PFLD,PFLD,AAM Low Duration Preferred and Income Securities ETF,avg_dollar_volume_30d_below_15m_usd,1335109.05,41
PFM,PFM,Invesco Dividend Achievers ETF,avg_dollar_volume_30d_below_15m_usd,867622.01,41
PFOE,PFOE,Pathfinder Focused Opportunities ETF,avg_dollar_volume_30d_below_15m_usd,472191.75,41
PFRL,PFRL,PGIM Floating Rate Income ETF,avg_dollar_volume_30d_below_15m_usd,737506.36,41
PFSA,PFSA,"Profusa, Inc. - Common Stock",avg_dollar_volume_30d_below_15m_usd,935996.45,40
PFX,PFX,PhenixFIN Corporation  - Common Stock,avg_dollar_volume_30d_below_15m_usd,31491.24,40
PFXF,PFXF,VanEck Preferred Securities ex Financials ETF,avg_dollar_volume_30d_below_15m_usd,14723472.37,41
PGC,PGC,Peapack-Gladstone Financial Corporation - Common Stock,avg_dollar_volume_30d_below_15m_usd,8327989.78,41
PGF,PGF,Invesco Financial Preferred ETF,avg_dollar_volume_30d_below_15m_usd,1879590.56,41
PGHY,PGHY,Invesco Global ex-US High Yield Corporate Bond ETF,avg_dollar_volume_30d_below_15m_usd,944156.75,41
PGJ,PGJ,Invesco Golden Dragon China ETF,avg_dollar_volume_30d_below_15m_usd,648459.5,41
PGRI,PGRI,Putnam International Stock ETF,avg_dollar_volume_30d_below_15m_usd,17859.1,41
PGRO,PGRO,Putnam Focused Large Cap Growth ETF,avg_dollar_volume_30d_below_15m_usd,928850.89,41
PHAT,PHAT,"Phathom Pharmaceuticals, Inc. - Common Stock",avg_dollar_volume_30d_below_15m_usd,11315818.22,41
PHDG,PHDG,Invesco S&P 500 Downside Hedged ETF,avg_dollar_volume_30d_below_15m_usd,1357200.93,41
PHEQ,PHEQ,Parametric Hedged Equity ETF,avg_dollar_volume_30d_below_15m_usd,654511.43,41
PHGE,PHGE,BiomX Inc. COmmon Stock,avg_dollar_volume_30d_below_15m_usd,1682134.74,41
PHIO,PHIO,Phio Pharmaceuticals Corp. - Common Stock,avg_dollar_volume_30d_below_15m_usd,191527.22,41
PHO,PHO,Invesco Water Resources ETF,avg_dollar_volume_30d_below_15m_usd,8894903.8,41
PHOE,PHOE,Phoenix Asia Holdings Limited - Ordinary Shares,avg_dollar_volume_30d_below_15m_usd,371365.55,41
PHR,PHR,"Phreesia, Inc. Common Stock",avg_dollar_volume_30d_below_15m_usd,14064438.87,41
PHUN,PHUN,"Phunware, Inc. - Common Stock",avg_dollar_volume_30d_below_15m_usd,240181.83,41
PHVS,PHVS,Pharvaris N.V. - Ordinary Shares,avg_dollar_volume_30d_below_15m_usd,14394846.17,41
PHYL,PHYL,PGIM Active High Yield Bond ETF,avg_dollar_volume_30d_below_15m_usd,4761894.85,41
PICB,PICB,Invesco International Corporate Bond ETF,avg_dollar_volume_30d_below_15m_usd,2290496.93,41
PICS,PICS,PicS N.V. - Class A Common Shares,avg_dollar_volume_30d_below_15m_usd,4704106.12,41
PID,PID,Invesco International Dividend Achievers ETF,avg_dollar_volume_30d_below_15m_usd,1866111.28,41
PIE,PIE,Invesco Dorsey Wright Emerging Markets Momentum ETF,avg_dollar_volume_30d_below_15m_usd,2043713.17,41
PIEL,PIEL,Pacer International Export Leaders ETF,avg_dollar_volume_30d_below_15m_usd,7426.08,41
PIEQ,PIEQ,Principal International Equity ETF,avg_dollar_volume_30d_below_15m_usd,3561113.14,41
PIFI,PIFI,ClearShares Piton Intermediate Fixed Income ETF,avg_dollar_volume_30d_below_15m_usd,155516.88,41
PIII,PIII,P3 Health Partners Inc. - Class A Common Stock,avg_dollar_volume_30d_below_15m_usd,977680.15,41
PILL,PILL,Direxion Daily Pharmaceutical & Medical Bull 3X ETF,avg_dollar_volume_30d_below_15m_usd,1251501.45,41
PINC,PINC,PGIM Securitized Income ETF,avg_dollar_volume_30d_below_15m_usd,15568.69,19
PINK,PINK,Simplify Health Care ETF,avg_dollar_volume_30d_below_15m_usd,6618420.64,41
PIO,PIO,Invesco Global Water ETF,avg_dollar_volume_30d_below_15m_usd,319159.51,41
PIPE,PIPE,Invesco SteelPath MLP & Energy Infrastructure ETF,avg_dollar_volume_30d_below_15m_usd,61809.27,41
PIT,PIT,VanEck Commodity Strategy ETF,avg_dollar_volume_30d_below_15m_usd,4489925.18,41
PIZ,PIZ,Invesco Dorsey Wright Developed Markets Momentum ETF,avg_dollar_volume_30d_below_15m_usd,4438832.48,41
PJAN,PJAN,Innovator U.S. Equity Power Buffer ETF - January,avg_dollar_volume_30d_below_15m_usd,3711290.1,41
PJBF,PJBF,PGIM Jennison Better Future ETF,avg_dollar_volume_30d_below_15m_usd,31119.95,41
PJFG,PJFG,PGIM Jennison Focused Growth ETF,avg_dollar_volume_30d_below_15m_usd,368595.94,41
PJFM,PJFM,PGIM Jennison Focused Mid-Cap ETF,avg_dollar_volume_30d_below_15m_usd,108093.82,41
PJFV,PJFV,PGIM Jennison Focused Value ETF,avg_dollar_volume_30d_below_15m_usd,822886.42,41
PJIO,PJIO,PGIM Jennison International Opportunities ETF,avg_dollar_volume_30d_below_15m_usd,97502.98,41
PJP,PJP,Invesco Pharmaceuticals ETF,avg_dollar_volume_30d_below_15m_usd,1623203.46,41
PJUL,PJUL,Innovator U.S. Equity Power Buffer ETF - July,avg_dollar_volume_30d_below_15m_usd,7124819.6,41
PJUN,PJUN,Innovator U.S. Equity Power Buffer ETF - June,avg_dollar_volume_30d_below_15m_usd,14443648.08,41
PJUS,PJUS,PGIM Jennison U.S. Core Equity ETF,avg_dollar_volume_30d_below_15m_usd,33657.78,33
PKB,PKB,Invesco Building & Construction ETF,avg_dollar_volume_30d_below_15m_usd,1852275.57,41
PKBK,PKBK,"Parke Bancorp, Inc. - Common Stock",avg_dollar_volume_30d_below_15m_usd,2230734.36,41
PKE,PKE,Park Aerospace Corp. Common Stock,avg_dollar_volume_30d_below_15m_usd,13898389.64,41
PKOH,PKOH,Park-Ohio Holdings Corp. - Common Stock,avg_dollar_volume_30d_below_15m_usd,2909506.12,41
PKW,PKW,Invesco BuyBack Achievers ETF,avg_dollar_volume_30d_below_15m_usd,2957052.41,41
PLA,PLA,GraniteShares Autocallable PLTR ETF,avg_dollar_volume_30d_below_15m_usd,56370.71,35
PLAG,PLAG,Planet Green Holdings Corp. Common Stock,avg_dollar_volume_30d_below_15m_usd,63889.33,41
PLBC,PLBC,Plumas Bancorp - Common Stock,avg_dollar_volume_30d_below_15m_usd,4002423.6,41
PLBL,PLBL,Polibeli Group Ltd - Class A Ordinary Shares,avg_dollar_volume_30d_below_15m_usd,2034486.07,41
PLBY,PLBY,"Playboy, Inc. - Common Stock",avg_dollar_volume_30d_below_15m_usd,1225187.33,41
PLCE,PLCE,"Children's Place, Inc. (The) - Common Stock",avg_dollar_volume_30d_below_15m_usd,2772171.86,41
PLG,PLG,Platinum Group Metals Ltd. Ordinary Shares (Canada),avg_dollar_volume_30d_below_15m_usd,1794175.4,41
PLGI,PLGI,PL Growth and Income ETF,avg_dollar_volume_30d_below_15m_usd,73299.41,41
PLGO,PLGO,Pelagos Insurance Capital Limited Common Shares,avg_dollar_volume_30d_below_15m_usd,10262933.17,41
PLOW,PLOW,"Douglas Dynamics, Inc. Common Stock",avg_dollar_volume_30d_below_15m_usd,11242384.76,41
PLRX,PLRX,"Pliant Therapeutics, Inc. - Common Stock",avg_dollar_volume_30d_below_15m_usd,504308.29,41
PLRZ,PLRZ,Polyrizon Ltd. - Ordinary Shares,avg_dollar_volume_30d_below_15m_usd,536176.21,41
PLSE,PLSE,"Pulse Biosciences, Inc - Common Stock",avg_dollar_volume_30d_below_15m_usd,9142267.97,41
PLSM,PLSM,Pulsenmore Ltd. - Ordinary Shares,avg_dollar_volume_30d_below_15m_usd,13361620.3,41
PLTA,PLTA,ProShares Ultra PLTR,avg_dollar_volume_30d_below_15m_usd,1131804.95,41
PLTG,PLTG,Leverage Shares 2X Long PLTR Daily ETF,avg_dollar_volume_30d_below_15m_usd,5829657.62,41
PLTK,PLTK,Playtika Holding Corp. - Common Stock,avg_dollar_volume_30d_below_15m_usd,5895218.4,41
PLTL,PLTL,Corgi PLTR 2x Daily ETF,avg_dollar_volume_30d_below_15m_usd,58792.25,9
PLTM,PLTM,GraniteShares Platinum Shares ETF,avg_dollar_volume_30d_below_15m_usd,3004533.05,41
PLTS,PLTS,Platinum Analytics Cayman Limited - Class A Ordinary Shares,avg_dollar_volume_30d_below_15m_usd,0.0,40
PLTW,PLTW,Roundhill PLTR WeeklyPay ETF,avg_dollar_volume_30d_below_15m_usd,3900416.22,41
PLTY,PLTY,YieldMax PLTR Option Income Strategy ETF,avg_dollar_volume_30d_below_15m_usd,6381747.32,41
PLU,PLU,Defiance Daily Target 2x Long PL ETF,avg_dollar_volume_30d_below_15m_usd,14343924.06,41
PLUL,PLUL,Leverage Shares 2X Long PLUG Daily ETF,avg_dollar_volume_30d_below_15m_usd,1090004.66,41
PLUR,PLUR,Pluri Inc. - Common Stock,avg_dollar_volume_30d_below_15m_usd,57025.58,41
PLUT,PLUT,Plutus Financial Group Limited - Ordinary Shares,avg_dollar_volume_30d_below_15m_usd,8496.5,40
PLX,PLX,"Protalix BioTherapeutics, Inc. (DE) Common Stock",avg_dollar_volume_30d_below_15m_usd,1411885.06,41
PLYX,PLYX,"Polaryx Therapeutics, Inc. - Common Stock",avg_dollar_volume_30d_below_15m_usd,547027.46,41
PLYY,PLYY,GraniteShares YieldBOOST PLTR ETF,avg_dollar_volume_30d_below_15m_usd,67142.39,40
PMAP,PMAP,PGIM S&P 500 Max Buffer ETF - April,avg_dollar_volume_30d_below_15m_usd,4903.47,41
PMAR,PMAR,Innovator U.S. Equity Power Buffer ETF - March,avg_dollar_volume_30d_below_15m_usd,833770.06,41
PMAU,PMAU,PGIM S&P 500 Max Buffer ETF - August,avg_dollar_volume_30d_below_15m_usd,1857.36,40
PMAX,PMAX,Powell Max Limited - Class A Ordinary Shares,avg_dollar_volume_30d_below_15m_usd,1046486.45,41
PMAY,PMAY,Innovator U.S. Equity Power Buffer ETF - May,avg_dollar_volume_30d_below_15m_usd,5178854.85,41
PMBS,PMBS,PIMCO Mortgage-Backed Securities Active Exchange-Traded Fund,avg_dollar_volume_30d_below_15m_usd,4896924.37,41
PMCB,PMCB,"PharmaCyte  Biotech, Inc. - Common Stock",avg_dollar_volume_30d_below_15m_usd,87702.85,41
PMDE,PMDE,PGIM S&P 500 Max Buffer ETF - December,avg_dollar_volume_30d_below_15m_usd,196782.71,41
PMEC,PMEC,Primech Holdings Ltd. - Ordinary Shares,avg_dollar_volume_30d_below_15m_usd,319261.23,41
PMFB,PMFB,PGIM S&P 500 Max Buffer ETF - February,avg_dollar_volume_30d_below_15m_usd,1820.97,41
PMI,PMI,"Picard Medical, Inc. Common Stock",avg_dollar_volume_30d_below_15m_usd,12127902.3,41
PMIO,PMIO,PGIM Municipal Income Opportunities ETF,avg_dollar_volume_30d_below_15m_usd,179898.15,41
PMJA,PMJA,PGIM S&P 500 Max Buffer ETF - January,avg_dollar_volume_30d_below_15m_usd,4384.62,41
PMJL,PMJL,PGIM S&P 500 Max Buffer ETF - July,avg_dollar_volume_30d_below_15m_usd,54557.75,41
PMJN,PMJN,PGIM S&P 500 Max Buffer ETF - June,avg_dollar_volume_30d_below_15m_usd,322378.73,41
PMMR,PMMR,PGIM S&P 500 Max Buffer ETF - March,avg_dollar_volume_30d_below_15m_usd,21915.87,41
PMMY,PMMY,PGIM S&P 500 Max Buffer ETF - May,avg_dollar_volume_30d_below_15m_usd,11428.14,41
PMN,PMN,ProMIS Neurosciences Inc. - Common Shares,avg_dollar_volume_30d_below_15m_usd,425908.8,41
PMNV,PMNV,PGIM S&P 500 Max Buffer ETF - November,avg_dollar_volume_30d_below_15m_usd,8189.05,41
PMOC,PMOC,PGIM S&P 500 Max Buffer ETF - October,avg_dollar_volume_30d_below_15m_usd,5976.93,41
PMSE,PMSE,PGIM S&P 500 Max Buffer ETF - September,avg_dollar_volume_30d_below_15m_usd,2278.97,41
PMTS,PMTS,CPI Card Group Inc. - Common Stock,avg_dollar_volume_30d_below_15m_usd,904392.78,41
PMVP,PMVP,"PMV Pharmaceuticals, Inc. - Common Stock",avg_dollar_volume_30d_below_15m_usd,344600.01,41
PN,PN,PN Smart Energy Limited - Class A Ordinary Shares,avg_dollar_volume_30d_below_15m_usd,1874688.16,41
PNBK,PNBK,Patriot National Bancorp Inc. - Common Stock,avg_dollar_volume_30d_below_15m_usd,835093.88,41
PNNT,PNNT,PennantPark Investment Corporation Common Stock,avg_dollar_volume_30d_below_15m_usd,2884266.09,41
PNOV,PNOV,Innovator U.S. Equity Power Buffer ETF - November,avg_dollar_volume_30d_below_15m_usd,1304957.07,41
PNQI,PNQI,Invesco Nasdaq Internet ETF,avg_dollar_volume_30d_below_15m_usd,1997102.15,41
PNRG,PNRG,PrimeEnergy Resources Corporation - Common Stock,avg_dollar_volume_30d_below_15m_usd,10669230.95,41
PNTG,PNTG,"The Pennant Group, Inc. - Common Stock",avg_dollar_volume_30d_below_15m_usd,11090460.59,41
POAS,POAS,Phaos Technology Holdings (Cayman) Limited Class A Ordinary Shares,avg_dollar_volume_30d_below_15m_usd,1123686.36,41
POCI,POCI,"Precision Optics Corporation, Inc. - Common stock",avg_dollar_volume_30d_below_15m_usd,245134.47,41
POCT,POCT,Innovator U.S. Equity Power Buffer ETF - October,avg_dollar_volume_30d_below_15m_usd,3526006.82,41
PODC,PODC,"PodcastOne, Inc. - Common Stock",avg_dollar_volume_30d_below_15m_usd,539041.32,41
POLA,POLA,"Polar Power, Inc. - Common Stock",avg_dollar_volume_30d_below_15m_usd,171000.44,41
PONO,PONO,"Pono Capital Four, Inc. - Class A Ordinary Shares",avg_dollar_volume_30d_below_15m_usd,22818.67,40
PONX,PONX,Tradr 2X Long PONY Daily ETF,avg_dollar_volume_30d_below_15m_usd,607152.7,41
POW,POW,VistaShares Electrification Supercycle ETF,avg_dollar_volume_30d_below_15m_usd,2095700.67,41
POWA,POWA,Invesco Bloomberg Pricing Power ETF,avg_dollar_volume_30d_below_15m_usd,426816.56,41
POWR,POWR,iShares U.S. Power Infrastructure ETF,avg_dollar_volume_30d_below_15m_usd,6209663.67,41
POWW,POWW,Outdoor Holding Company - Common Stock,avg_dollar_volume_30d_below_15m_usd,1947038.77,41
PPHC,PPHC,"Public Policy Holding Company, Inc. - Common Stock",avg_dollar_volume_30d_below_15m_usd,1152098.47,41
PPI,PPI,Astoria Real Assets ETF,avg_dollar_volume_30d_below_15m_usd,646534.47,41
PPIH,PPIH,"Perma-Pipe International Holdings, Inc. - Common Stock",avg_dollar_volume_30d_below_15m_usd,4495204.74,41
PPSI,PPSI,"Pioneer Power Solutions, Inc. - Common Stock",avg_dollar_volume_30d_below_15m_usd,809805.06,41
PPTY,PPTY,U.S. Diversified Real Estate ETF,avg_dollar_volume_30d_below_15m_usd,68971.21,41
PQAP,PQAP,PGIM Nasdaq-100 Buffer 12 ETF - April,avg_dollar_volume_30d_below_15m_usd,195028.5,40
PQDI,PQDI,Principal Spectrum Preferred and Income ETF,avg_dollar_volume_30d_below_15m_usd,130326.15,41
PQJA,PQJA,PGIM Nasdaq-100 Buffer 12 ETF - January,avg_dollar_volume_30d_below_15m_usd,204915.12,40
PQJL,PQJL,PGIM Nasdaq-100 Buffer 12 ETF - July,avg_dollar_volume_30d_below_15m_usd,228982.05,40
PQNT,PQNT,Pictet AI Enhanced International Equity ETF,avg_dollar_volume_30d_below_15m_usd,8777.99,41
PQOC,PQOC,PGIM Nasdaq-100 Buffer 12 ETF - October,avg_dollar_volume_30d_below_15m_usd,173538.58,40
PQUS,PQUS,Pictet AI Enhanced US Equity ETF,avg_dollar_volume_30d_below_15m_usd,812251.76,41
PQV,PQV,PGIM S&P 500 Quarterly Buffer 5 ETF,avg_dollar_volume_30d_below_15m_usd,2502.33,6
PQX,PQX,PGIM S&P 500 Quarterly Buffer 10 ETF,avg_dollar_volume_30d_below_15m_usd,313813.12,6
PQXV,PQXV,PGIM S&P 500 Quarterly Buffer 15 ETF,avg_dollar_volume_30d_below_15m_usd,11698.2,6
PQXX,PQXX,PGIM S&P 500 Quarterly Buffer 20 ETF,avg_dollar_volume_30d_below_15m_usd,2085.33,6
PRAA,PRAA,"PRA Group, Inc. - Common Stock",avg_dollar_volume_30d_below_15m_usd,13217968.72,41
PRAB,PRAB,State Street IG Public & Private ABS ETF,avg_dollar_volume_30d_below_15m_usd,186301.57,40
PRAE,PRAE,PlanRock Alternative Growth ETF,avg_dollar_volume_30d_below_15m_usd,56669.67,41
PRAY,PRAY,FIS Christian Stock Fund,avg_dollar_volume_30d_below_15m_usd,320581.64,41
PRCS,PRCS,Parnassus Core Select ETF,avg_dollar_volume_30d_below_15m_usd,1221113.85,41
PRE,PRE,Prenetics Global Limited - Class A Ordinary Share,avg_dollar_volume_30d_below_15m_usd,4191809.31,41
PREF,PREF,Principal Spectrum Preferred Securities Active ETF,avg_dollar_volume_30d_below_15m_usd,4192767.16,41
PRFD,PRFD,PIMCO Preferred and Capital Securities Active Exchange-Traded Fund,avg_dollar_volume_30d_below_15m_usd,462780.31,41
PRFX,PRFX,PRF Technologies Ltd. - Ordinary Shares,avg_dollar_volume_30d_below_15m_usd,12124916.68,41
PRFZ,PRFZ,Invesco RAFI US 1500 Small-Mid ETF,avg_dollar_volume_30d_below_15m_usd,5371938.47,41
PRHI,PRHI,"Presurance Holdings, Inc. - Common Stock",avg_dollar_volume_30d_below_15m_usd,121771.8,40
PRIV,PRIV,State Street IG Public & Private Credit ETF,avg_dollar_volume_30d_below_15m_usd,450576.48,41
PRIZ,PRIZ,Zacks Preferred Income ETF,avg_dollar_volume_30d_below_15m_usd,33868.12,24
PRLD,PRLD,Prelude Therapeutics Incorporated - Common Stock,avg_dollar_volume_30d_below_15m_usd,2043645.39,41
PRME,PRME,"Prime Medicine, Inc. - Common Stock",avg_dollar_volume_30d_below_15m_usd,12953900.29,41
PRMR,PRMR,PeakShares RMR Prime Equity ETF,avg_dollar_volume_30d_below_15m_usd,254901.91,40
PRN,PRN,Invesco Dorsey Wright Industrials Momentum ETF,avg_dollar_volume_30d_below_15m_usd,10927606.97,41
PRNT,PRNT,3D Printing (The) ETF,avg_dollar_volume_30d_below_15m_usd,334636.53,41
PROF,PROF,Profound Medical Corp. - common stock,avg_dollar_volume_30d_below_15m_usd,419439.45,41
PROK,PROK,ProKidney Corp. - Class A Ordinary Shares,avg_dollar_volume_30d_below_15m_usd,2476845.62,41
PROP,PROP,Prairie Operating Co. - Common Stock,avg_dollar_volume_30d_below_15m_usd,1811641.82,41
PROV,PROV,"Provident Financial Holdings, Inc. - Common Stock",avg_dollar_volume_30d_below_15m_usd,111586.95,41
PRPL,PRPL,"Purple Innovation, Inc. - Common Stock",avg_dollar_volume_30d_below_15m_usd,103958.73,41
PRPO,PRPO,"Precipio, Inc. - Common Stock",avg_dollar_volume_30d_below_15m_usd,736260.15,41
PRQR,PRQR,ProQR Therapeutics N.V. - Ordinary Shares,avg_dollar_volume_30d_below_15m_usd,1999750.16,41
PRSD,PRSD,State Street Short Duration IG Public & Private Credit ETF,avg_dollar_volume_30d_below_15m_usd,3331931.95,41
PRSO,PRSO,Peraso Inc. - Common Stock,avg_dollar_volume_30d_below_15m_usd,591178.75,41
PRTA,PRTA,Prothena Corporation plc - Ordinary Shares,avg_dollar_volume_30d_below_15m_usd,5205989.94,41
PRTH,PRTH,"Priority Technology Holdings, Inc. - Common Stock",avg_dollar_volume_30d_below_15m_usd,3446912.86,41
PRTO,PRTO,RCN Pareto Strategic Allocation ETF,avg_dollar_volume_30d_below_15m_usd,44286.52,41
PRTS,PRTS,"CarParts.com, Inc. - Common Stock",avg_dollar_volume_30d_below_15m_usd,259332.38,41
PRVS,PRVS,Parnassus Value Select ETF,avg_dollar_volume_30d_below_15m_usd,132878.8,41
PRVT,PRVT,Tema Alternative Asset Managers ETF,avg_dollar_volume_30d_below_15m_usd,12952.1,41
PRXG,PRXG,Praxis Impact Large Cap Growth ETF,avg_dollar_volume_30d_below_15m_usd,163026.44,41
PRXI,PRXI,Praxis Impact International ETF,avg_dollar_volume_30d_below_15m_usd,179346.82,11
PRXV,PRXV,Praxis Impact Large Cap Value ETF,avg_dollar_volume_30d_below_15m_usd,137300.74,41
PRZO,PRZO,ParaZero Technologies Ltd. - Ordinary Shares,avg_dollar_volume_30d_below_15m_usd,3918503.16,41
PS,PS,Pershing Square Inc. Common Stock,avg_dollar_volume_30d_below_15m_usd,9358551.23,41
PSAI,PSAI,Pacer S&P 500 3AI Top 100 ETF,avg_dollar_volume_30d_below_15m_usd,136646.81,41
PSBD,PSBD,Palmer Square Capital BDC Inc. Common Stock,avg_dollar_volume_30d_below_15m_usd,1806798.08,41
PSC,PSC,Principal U.S. Small-Cap ETF,avg_dollar_volume_30d_below_15m_usd,8504221.39,41
PSCC,PSCC,Invesco S&P SmallCap Consumer Staples ETF,avg_dollar_volume_30d_below_15m_usd,298912.97,40
PSCD,PSCD,Invesco S&P SmallCap Consumer Discretionary ETF,avg_dollar_volume_30d_below_15m_usd,79133.23,40
PSCE,PSCE,Invesco S&P SmallCap Energy ETF,avg_dollar_volume_30d_below_15m_usd,1581364.31,41
PSCF,PSCF,Invesco S&P SmallCap Financials ETF,avg_dollar_volume_30d_below_15m_usd,134054.03,40
PSCH,PSCH,Invesco S&P SmallCap Health Care ETF,avg_dollar_volume_30d_below_15m_usd,999051.52,41
PSCI,PSCI,Invesco S&P SmallCap Industrials ETF,avg_dollar_volume_30d_below_15m_usd,793534.5,40
PSCJ,PSCJ,Pacer Swan SOS Conservative (July) ETF,avg_dollar_volume_30d_below_15m_usd,16426.1,41
PSCM,PSCM,Invesco S&P SmallCap Materials ETF,avg_dollar_volume_30d_below_15m_usd,193450.97,40
PSCQ,PSCQ,Pacer Swan SOS Conservative (October) ETF,avg_dollar_volume_30d_below_15m_usd,43198.06,41
PSCT,PSCT,Invesco S&P SmallCap Information Technology ETF,avg_dollar_volume_30d_below_15m_usd,3343616.15,41
PSCU,PSCU,Invesco S&P SmallCap Utilities & Communication Services ETF,avg_dollar_volume_30d_below_15m_usd,55567.6,40
PSCW,PSCW,Pacer Swan SOS Conservative (April) ETF,avg_dollar_volume_30d_below_15m_usd,40926.39,41
PSCX,PSCX,Pacer Swan SOS Conservative (January) ETF,avg_dollar_volume_30d_below_15m_usd,44954.92,41
PSDM,PSDM,PGIM Short Duration Multi-Sector Bond ETF,avg_dollar_volume_30d_below_15m_usd,1295382.44,41
PSET,PSET,Principal Quality ETF,avg_dollar_volume_30d_below_15m_usd,139186.03,40
PSFD,PSFD,Pacer Swan SOS Flex (January) ETF,avg_dollar_volume_30d_below_15m_usd,46123.06,41
PSFE,PSFE,Paysafe Limited Common Shares,avg_dollar_volume_30d_below_15m_usd,2218093.29,41
PSFF,PSFF,Pacer Swan SOS Fund of Funds ETF,avg_dollar_volume_30d_below_15m_usd,2145078.16,41
PSFJ,PSFJ,Pacer Swan SOS Flex (July) ETF,avg_dollar_volume_30d_below_15m_usd,393533.05,41
PSFM,PSFM,Pacer Swan SOS Flex (April) ETF,avg_dollar_volume_30d_below_15m_usd,32242.49,41
PSFO,PSFO,Pacer Swan SOS Flex (October) ETF,avg_dollar_volume_30d_below_15m_usd,252034.85,41
PSH,PSH,PGIM Short Duration High Yield ETF,avg_dollar_volume_30d_below_15m_usd,1108067.18,41
PSHG,PSHG,Performance Shipping Inc. - Common Shares,avg_dollar_volume_30d_below_15m_usd,99574.95,41
PSIG,PSIG,PS International Group Ltd. - Ordinary Shares,avg_dollar_volume_30d_below_15m_usd,14471981.4,41
PSIL,PSIL,AdvisorShares Psychedelics ETF,avg_dollar_volume_30d_below_15m_usd,834989.14,41
PSK,PSK,State Street SPDR ICE Preferred Securities ETF,avg_dollar_volume_30d_below_15m_usd,2480556.17,41
PSL,PSL,Invesco Dorsey Wright Consumer Staples Momentum ETF,avg_dollar_volume_30d_below_15m_usd,154208.78,41
PSMD,PSMD,Pacer Swan SOS Moderate (January) ETF,avg_dollar_volume_30d_below_15m_usd,37938.04,41
PSMJ,PSMJ,Pacer Swan SOS Moderate (July) ETF,avg_dollar_volume_30d_below_15m_usd,300202.6,41
PSMO,PSMO,Pacer Swan SOS Moderate (October) ETF,avg_dollar_volume_30d_below_15m_usd,32597.28,41
PSMR,PSMR,Pacer Swan SOS Moderate (April) ETF,avg_dollar_volume_30d_below_15m_usd,113613.35,41
PSO,PSO,"Pearson, Plc Common Stock",avg_dollar_volume_30d_below_15m_usd,12285230.47,41
PSP,PSP,Invesco Global Listed Private Equity ETF,avg_dollar_volume_30d_below_15m_usd,3417828.06,41
PSQA,PSQA,Palmer Square CLO Senior Debt ETF,avg_dollar_volume_30d_below_15m_usd,1360762.0,41
PSQH,PSQH,"PSQ Holdings, Inc. Class A Common Stock",avg_dollar_volume_30d_below_15m_usd,149433.76,41
PSQO,PSQO,Palmer Square Credit Opportunities ETF,avg_dollar_volume_30d_below_15m_usd,718292.06,41
PSR,PSR,Invesco Active U.S. Real Estate Fund,avg_dollar_volume_30d_below_15m_usd,208266.41,41
PST,PST,ProShares UltraShort Lehman 7-10 Year Treasury,avg_dollar_volume_30d_below_15m_usd,161866.09,41
PSTP,PSTP,Innovator Power Buffer Step-Up Strategy ETF,avg_dollar_volume_30d_below_15m_usd,306924.91,41
PSTR,PSTR,PeakShares Sector Rotation ETF,avg_dollar_volume_30d_below_15m_usd,180779.66,40
PSTV,PSTV,"PLUS THERAPEUTICS, Inc. - Common Stock",avg_dollar_volume_30d_below_15m_usd,863646.11,41
PSWD,PSWD,Xtrackers Cybersecurity Select Equity ETF,avg_dollar_volume_30d_below_15m_usd,94777.54,40
PTBD,PTBD,Pacer Trendpilot US Bond ETF,avg_dollar_volume_30d_below_15m_usd,259767.73,41
PTEU,PTEU,Pacer TrendpilotTM European Index ETF,avg_dollar_volume_30d_below_15m_usd,37443.24,41
PTH,PTH,Invesco Dorsey Wright Healthcare Momentum ETF,avg_dollar_volume_30d_below_15m_usd,1720870.62,41
PTHS,PTHS,Pelthos Therapeutics Inc. Common Stock,avg_dollar_volume_30d_below_15m_usd,580755.27,41
PTIN,PTIN,Pacer Trendpilot International ETF,avg_dollar_volume_30d_below_15m_usd,631308.35,41
PTLC,PTLC,Pacer Trendpilot US Large Cap ETF,avg_dollar_volume_30d_below_15m_usd,6299375.17,41
PTLE,PTLE,PTL LTD - Class A Ordinary Shares,avg_dollar_volume_30d_below_15m_usd,327635.22,41
PTLO,PTLO,Portillo's Inc. - Class A Common Stock,avg_dollar_volume_30d_below_15m_usd,6229970.58,41
PTMC,PTMC,Pacer Trendpilot US Mid Cap ETF,avg_dollar_volume_30d_below_15m_usd,832009.92,41
PTN,PTN,"Palatin Technologies, Inc. - Common Stock",avg_dollar_volume_30d_below_15m_usd,214795.68,41
PTNM,PTNM,Pitanium Limited - Class A Ordinary Shares,avg_dollar_volume_30d_below_15m_usd,0.0,40
PTNQ,PTNQ,Pacer Trendpilot 100 ETF,avg_dollar_volume_30d_below_15m_usd,2434861.43,41
PTNT,PTNT,Corgi IP Licensing & Royalties ETF,avg_dollar_volume_30d_below_15m_usd,20975.59,41
PTRB,PTRB,PGIM Total Return Bond ETF,avg_dollar_volume_30d_below_15m_usd,6902049.74,41
PUBM,PUBM,"PubMatic, Inc. - Class A Common Stock",avg_dollar_volume_30d_below_15m_usd,7486673.57,41
PUI,PUI,Invesco Dorsey Wright Utilities Momentum ETF,avg_dollar_volume_30d_below_15m_usd,900072.68,41
PUL,PUL,GraniteShares 2x Long P Daily ETF,avg_dollar_volume_30d_below_15m_usd,17448.98,3
PULM,PULM,"Pulmatrix, Inc. - Common Stock",avg_dollar_volume_30d_below_15m_usd,124490.67,41
PUR,PUR,Defiance Daily Target 2X Long PURR ETF,avg_dollar_volume_30d_below_15m_usd,59009.2,2
PUSA,PUSA,Aureus Greenway Holdings Inc. - Common Stock,avg_dollar_volume_30d_below_15m_usd,10882473.52,41
PUSH,PUSH,PGIM Ultra Short Municipal Bond ETF,avg_dollar_volume_30d_below_15m_usd,829164.96,41
PVEX,PVEX,TrueShares ConVex Protect ETF,avg_dollar_volume_30d_below_15m_usd,299634.56,41
PVI,PVI,Invesco Floating Rate Municipal Income ETF,avg_dollar_volume_30d_below_15m_usd,252542.6,41
PW,PW,Power REIT (MD) Common Stock,avg_dollar_volume_30d_below_15m_usd,204334.59,41
PWER,PWER,Nomura Energy Transition ETF,avg_dollar_volume_30d_below_15m_usd,32849.65,41
PWRD,PWRD,TCW Transform Systems ETF,avg_dollar_volume_30d_below_15m_usd,10276194.96,41
PWRL,PWRL,Powerlaw Corp. - Common Stock,avg_dollar_volume_30d_below_15m_usd,6949473.02,30
PWRZ,PWRZ,TrueShares Eagle Global Renewable Energy Income ETF,avg_dollar_volume_30d_below_15m_usd,123.84,1
PWS,PWS,Pacer WealthShield ETF,avg_dollar_volume_30d_below_15m_usd,156600.23,41
PWV,PWV,Invesco Large Cap Value ETF,avg_dollar_volume_30d_below_15m_usd,3714075.62,41
PWZ,PWZ,Invesco California AMT-Free Municipal Bond Portfolio,avg_dollar_volume_30d_below_15m_usd,4521835.58,41
PXE,PXE,Invesco Energy Exploration & Production ETF,avg_dollar_volume_30d_below_15m_usd,2508117.0,41
PXED,PXED,"Phoenix Education Partners, Inc. Common Stock",avg_dollar_volume_30d_below_15m_usd,3283640.65,41
PXF,PXF,Invesco RAFI Developed Markets ex-U.S. ETF,avg_dollar_volume_30d_below_15m_usd,8046792.97,41
PXH,PXH,Invesco RAFI Emerging Markets ETF,avg_dollar_volume_30d_below_15m_usd,8130332.51,41
PXI,PXI,Invesco Dorsey Wright Energy Momentum ETF,avg_dollar_volume_30d_below_15m_usd,1898429.37,41
PXJ,PXJ,Invesco Oil & Gas Services ETF,avg_dollar_volume_30d_below_15m_usd,2931954.18,41
PXLW,PXLW,"Pixelworks, Inc. - Common Stock",avg_dollar_volume_30d_below_15m_usd,503768.07,41
PXS,PXS,Pyxis Tankers Inc. - Common Stock,avg_dollar_volume_30d_below_15m_usd,235719.51,41
PY,PY,Principal Value ETF,avg_dollar_volume_30d_below_15m_usd,872956.33,41
PYPD,PYPD,PolyPid Ltd. - Ordinary Shares,avg_dollar_volume_30d_below_15m_usd,909746.99,41
PYPG,PYPG,Leverage Shares 2X Long PYPL Daily ETF,avg_dollar_volume_30d_below_15m_usd,3462874.22,41
PYPU,PYPU,Direxion Daily PYPL Bull 2X ETF,avg_dollar_volume_30d_below_15m_usd,145624.62,41
PYPY,PYPY,YieldMax PYPL Option Income Strategy ETF,avg_dollar_volume_30d_below_15m_usd,250814.15,41
PYXS,PYXS,"Pyxis Oncology, Inc. - Common Stock",avg_dollar_volume_30d_below_15m_usd,2687349.95,41
PYZ,PYZ,Invesco Dorsey Wright Basic Materials Momentum ETF,avg_dollar_volume_30d_below_15m_usd,177822.88,41
PZG,PZG,Paramount Gold Nevada Corp. Common Stock,avg_dollar_volume_30d_below_15m_usd,638247.07,41
PZIV,PZIV,Pzena International Value ETF,avg_dollar_volume_30d_below_15m_usd,111064.7,40
PZLV,PZLV,Pzena U.S. Large Cap Value ETF,avg_dollar_volume_30d_below_15m_usd,47217.7,40
PZT,PZT,Invesco New York AMT-Free Municipal Bond ETF,avg_dollar_volume_30d_below_15m_usd,543718.58,41
QABA,QABA,First Trust NASDAQ ABA Community Bank Index Fund,avg_dollar_volume_30d_below_15m_usd,511946.87,40
QAI,QAI,NYLI Hedge Multi-Strategy Tracker ETF,avg_dollar_volume_30d_below_15m_usd,2369086.54,41
QALT,QALT,SEI DBi Multi-Strategy Alternative ETF,avg_dollar_volume_30d_below_15m_usd,246926.9,41
QARP,QARP,Xtrackers Russell 1000 US Quality at a Reasonable Price ETF ETF,avg_dollar_volume_30d_below_15m_usd,126371.06,41
QAT,QAT,iShares MSCI Qatar ETF,avg_dollar_volume_30d_below_15m_usd,1420805.86,40
QB,QB,ProShares Nasdaq-100 Dynamic Buffer ETF,avg_dollar_volume_30d_below_15m_usd,184508.37,40
QBER,QBER,TrueShares Quarterly Bear Hedge ETF,avg_dollar_volume_30d_below_15m_usd,766225.96,41
QBF,QBF,Innovator Uncapped Bitcoin 20 Floor ETF - Quarterly,avg_dollar_volume_30d_below_15m_usd,113230.18,41
QBIF,QBIF,AllianzIM International Equity Buffer15 ETF,avg_dollar_volume_30d_below_15m_usd,46768.61,41
QBIG,QBIG,Invesco Top QQQ ETF,avg_dollar_volume_30d_below_15m_usd,268980.66,41
QBIV,QBIV,AllianzIM International Equity Buffer5 ETF,avg_dollar_volume_30d_below_15m_usd,68281.82,41
QBKF,QBKF,AllianzIM U.S. Small Cap Buffer15 ETF,avg_dollar_volume_30d_below_15m_usd,23797.66,41
QBKV,QBKV,AllianzIM U.S. Small Cap Buffer5 ETF,avg_dollar_volume_30d_below_15m_usd,51944.83,41
QBQF,QBQF,AllianzIM Growth-100 Buffer15 ETF,avg_dollar_volume_30d_below_15m_usd,48066.52,41
QBQV,QBQV,AllianzIM Growth-100 Buffer5 ETF,avg_dollar_volume_30d_below_15m_usd,160742.66,41
QBSF,QBSF,AllianzIM U.S. Equity Buffer15 ETF,avg_dollar_volume_30d_below_15m_usd,1096260.6,41
QBSV,QBSV,AllianzIM U.S Equity Buffer5 ETF,avg_dollar_volume_30d_below_15m_usd,184455.47,41
QBUF,QBUF,Innovator Nasdaq-100 10 Buffer ETF Quarterly,avg_dollar_volume_30d_below_15m_usd,1109749.32,41
QBUL,QBUL,TrueShares Quarterly Bull Hedge ETF,avg_dollar_volume_30d_below_15m_usd,459206.32,41
QBY,QBY,GraniteShares YieldBoost QBTS ETF,avg_dollar_volume_30d_below_15m_usd,147249.49,41
QCAP,QCAP,FT Vest Nasdaq-100 Conservative Buffer ETF - April,avg_dollar_volume_30d_below_15m_usd,373354.78,41
QCJA,QCJA,FT Vest Nasdaq-100 Conservative Buffer ETF - January,avg_dollar_volume_30d_below_15m_usd,222007.98,41
QCJL,QCJL,FT Vest Nasdaq-100 Conservative Buffer ETF - July,avg_dollar_volume_30d_below_15m_usd,223859.91,41
QCLN,QCLN,First Trust NASDAQ Clean Edge Green Energy Index Fund,avg_dollar_volume_30d_below_15m_usd,14900024.25,41
QCLR,QCLR,Global X NASDAQ 100 Collar 95-110 ETF,avg_dollar_volume_30d_below_15m_usd,74782.1,40
QCLS,QCLS,"Q/C Technologies, Inc. - Common Stock",avg_dollar_volume_30d_below_15m_usd,1269799.72,41
QCMD,QCMD,Direxion Daily QCOM Bear 1X ETF,avg_dollar_volume_30d_below_15m_usd,514932.13,41
QCMU,QCMU,Direxion Daily QCOM Bull 2X ETF,avg_dollar_volume_30d_below_15m_usd,11646764.1,41
QCOC,QCOC,FT Vest Nasdaq-100 Conservative Buffer ETF - October,avg_dollar_volume_30d_below_15m_usd,369538.87,41
QCRH,QCRH,"QCR Holdings, Inc. - Common Stock",avg_dollar_volume_30d_below_15m_usd,11799775.13,41
QDEC,QDEC,FT Vest Nasdaq-100 Buffer ETF - December,avg_dollar_volume_30d_below_15m_usd,926657.49,41
QDEF,QDEF,FlexShares Quality Dividend Defensive Index Fund,avg_dollar_volume_30d_below_15m_usd,944604.52,41
QDF,QDF,FlexShares Quality Dividend Index Fund,avg_dollar_volume_30d_below_15m_usd,2122217.08,41
QDIV,QDIV,Global X S&P 500 Quality Dividend ETF,avg_dollar_volume_30d_below_15m_usd,215068.65,41
QDPL,QDPL,Pacer Metaurus US Large Cap Dividend Multiplier 400 ETF,avg_dollar_volume_30d_below_15m_usd,6152928.53,41
QDTY,QDTY,YieldMax Nasdaq 100 0DTE Covered Call Strategy ETF,avg_dollar_volume_30d_below_15m_usd,928298.36,41
QDVO,QDVO,Amplify CWP Growth & Income ETF,avg_dollar_volume_30d_below_15m_usd,9543916.72,41
QEFA,QEFA,State Street SPDR MSCI EAFE StrategicFactors ETF,avg_dollar_volume_30d_below_15m_usd,4800341.88,41
QEMM,QEMM,State Street SPDR MSCI Emerging Markets StrategicFactors ETF,avg_dollar_volume_30d_below_15m_usd,421962.16,41
QETH,QETH,Invesco Galaxy Ethereum ETF,avg_dollar_volume_30d_below_15m_usd,508161.83,41
QEW,QEW,Invesco QQQ Equal Weight ETF,avg_dollar_volume_30d_below_15m_usd,1050296.05,41
QFHD,QFHD,Pacer S&P 500 Quality FCF High Dividend ETF,avg_dollar_volume_30d_below_15m_usd,20030.54,41
QFLR,QFLR,Innovator Nasdaq-100 Managed Floor ETF,avg_dollar_volume_30d_below_15m_usd,2300230.87,41
QFRD,QFRD,Pacer S&P 500 Quality FCF R&D Leaders,avg_dollar_volume_30d_below_15m_usd,2783.35,41
QGRD,QGRD,Horizon Nasdaq-100 Defined Risk ETF,avg_dollar_volume_30d_below_15m_usd,795611.34,40
QHDG,QHDG,Innovator Hedged Nasdaq-100 ETF,avg_dollar_volume_30d_below_15m_usd,38659.65,40
QHY,QHY,WisdomTree U.S. High Yield Corporate Bond Fund,avg_dollar_volume_30d_below_15m_usd,902290.96,41
QIDX,QIDX,Indexperts Quality Earnings Focused ETF,avg_dollar_volume_30d_below_15m_usd,42558.76,41
QIG,QIG,WisdomTree U.S. Corporate Bond Fund,avg_dollar_volume_30d_below_15m_usd,21597.2,41
QINT,QINT,American Century Quality Diversified International ETF,avg_dollar_volume_30d_below_15m_usd,4371535.23,41
QIS,QIS,Simplify Multi-QIS Alternative ETF,avg_dollar_volume_30d_below_15m_usd,40923.98,41
QJL,QJL,Corgi Growth & Technology 10% Structured Buffer ETF - July Series,avg_dollar_volume_30d_below_15m_usd,204525.8,5
QJN,QJN,Corgi Growth & Technology 10% Structured Buffer ETF - June Series,avg_dollar_volume_30d_below_15m_usd,88436.28,26
QJUN,QJUN,FT Vest Nasdaq-100 Buffer ETF - June,avg_dollar_volume_30d_below_15m_usd,3300151.27,41
QLC,QLC,FlexShares US Quality Large Cap Index Fund,avg_dollar_volume_30d_below_15m_usd,3716043.14,41
QLDY,QLDY,Defiance Nasdaq 100 LightningSpread Income ETF,avg_dollar_volume_30d_below_15m_usd,2651372.7,41
QLTI,QLTI,GMO International Quality ETF,avg_dollar_volume_30d_below_15m_usd,340606.19,41
QLV,QLV,FlexShares US Quality Low Volatility Index Fund,avg_dollar_volume_30d_below_15m_usd,612844.5,41
QLVD,QLVD,FlexShares Developed Markets ex-US Quality Low Volatility Index Fund,avg_dollar_volume_30d_below_15m_usd,79796.01,41
QLVE,QLVE,FlexShares Emerging Markets  Quality Low Volatility Index Fund,avg_dollar_volume_30d_below_15m_usd,16281.69,41
QMAG,QMAG,FT Vest Nasdaq-100 Moderate Buffer ETF - August,avg_dollar_volume_30d_below_15m_usd,300285.48,41
QMAR,QMAR,FT Vest Nasdaq-100 Buffer ETF - March,avg_dollar_volume_30d_below_15m_usd,410526.64,41
QMFE,QMFE,FT Vest Nasdaq-100 Moderate Buffer ETF - February,avg_dollar_volume_30d_below_15m_usd,151293.08,41
QMID,QMID,WisdomTree U.S. MidCap Quality Growth Fund,avg_dollar_volume_30d_below_15m_usd,11295.51,41
QMMM,QMMM,QMMM Holdings Limited - Class A Ordinary Shares,avg_dollar_volume_30d_below_15m_usd,0.0,40
QMMY,QMMY,FT Vest Nasdaq-100 Moderate Buffer ETF - May,avg_dollar_volume_30d_below_15m_usd,2241479.51,41
QMNV,QMNV,FT Vest Nasdaq-100 Moderate Buffer ETF - November,avg_dollar_volume_30d_below_15m_usd,348383.23,41
QMOM,QMOM,Alpha Architect U.S. Quantitative Momentum ETF,avg_dollar_volume_30d_below_15m_usd,2425749.26,41
QMY,QMY,Corgi Growth & Technology 10% Structured Buffer ETF - May Series,avg_dollar_volume_30d_below_15m_usd,73901.06,39
QNC,QNC,Quantum eMotion Corp. Common Shares,avg_dollar_volume_30d_below_15m_usd,8833024.3,41
QNCX,QNCX,"Quince Therapeutics, Inc. - Common Stock",avg_dollar_volume_30d_below_15m_usd,590074.03,41
QNDX,QNDX,State Street SPDR Portfolio Nasdaq 100 ETF,avg_dollar_volume_30d_below_15m_usd,8634938.17,11
QNST,QNST,"QuinStreet, Inc. - Common Stock",avg_dollar_volume_30d_below_15m_usd,9367327.54,41
QNTM,QNTM,Quantum Biopharma Ltd. - Class B Subordinate Voting Shares,avg_dollar_volume_30d_below_15m_usd,1179316.76,41
QNTU,QNTU,Tradr 2X Long QNT Daily ETF,avg_dollar_volume_30d_below_15m_usd,955582.07,6
QNXT,QNXT,iShares Nasdaq-100 ex Top 30 ETF,avg_dollar_volume_30d_below_15m_usd,398392.37,41
QOWZ,QOWZ,Invesco Nasdaq Free Cash Flow Achievers ETF,avg_dollar_volume_30d_below_15m_usd,70481.49,40
QPUX,QPUX,Defiance 2X Daily Long Pure Quantum ETF,avg_dollar_volume_30d_below_15m_usd,8872239.44,41
QPX,QPX,AdvisorShares Q Dynamic Growth ETF,avg_dollar_volume_30d_below_15m_usd,106754.26,41
QQA,QQA,Invesco QQQ Income Advantage ETF,avg_dollar_volume_30d_below_15m_usd,6944842.18,41
QQDN,QQDN,ProShares UltraShort QQQ Mega,avg_dollar_volume_30d_below_15m_usd,79475.53,40
QQEW,QQEW,First Trust Nasdaq-100 Select Equal Weight ETF,avg_dollar_volume_30d_below_15m_usd,5827347.17,41
QQH,QQH,HCM Defender 100 Index ETF,avg_dollar_volume_30d_below_15m_usd,8829253.21,41
QQHG,QQHG,Invesco QQQ Hedged Advantage ETF,avg_dollar_volume_30d_below_15m_usd,107031.66,40
QQJL,QQJL,Corgi Growth & Technology 15% Structured Buffer ETF - July Series,avg_dollar_volume_30d_below_15m_usd,198511.4,5
QQJN,QQJN,Corgi Growth & Technology 15% Structured Buffer ETF - June Series,avg_dollar_volume_30d_below_15m_usd,56981.3,26
QQLV,QQLV,Invesco QQQ Low Volatility ETF,avg_dollar_volume_30d_below_15m_usd,44495.31,40
QQMG,QQMG,Invesco ESG NASDAQ 100 ETF,avg_dollar_volume_30d_below_15m_usd,1399577.82,41
QQMY,QQMY,Corgi Growth & Technology 15% Structured Buffer ETF - May Series,avg_dollar_volume_30d_below_15m_usd,68517.18,41
QQQA,QQQA,ProShares Nasdaq-100 Dorsey Wright Momentum ETF,avg_dollar_volume_30d_below_15m_usd,5260079.8,41
QQQD,QQQD,Direxion Daily Magnificent 7 Bear 1X ETF,avg_dollar_volume_30d_below_15m_usd,1950697.75,41
QQQG,QQQG,Pacer Nasdaq 100 Top 50 Cash Cows Growth Leaders ETF,avg_dollar_volume_30d_below_15m_usd,645258.1,41
QQQH,QQQH,NEOS Nasdaq-100 Hedged Equity Income ETF,avg_dollar_volume_30d_below_15m_usd,1963246.07,41
QQQJ,QQQJ,Invesco NASDAQ Next Gen 100 ETF,avg_dollar_volume_30d_below_15m_usd,6734292.11,41
QQQP,QQQP,Tradr 2X Long Innovation 100 Quarterly ETF,avg_dollar_volume_30d_below_15m_usd,384748.45,40
QQQS,QQQS,Invesco NASDAQ Future Gen 200 ETF,avg_dollar_volume_30d_below_15m_usd,482546.03,41
QQQT,QQQT,Defiance Nasdaq 100 Income Target ETF,avg_dollar_volume_30d_below_15m_usd,867511.16,41
QQQU,QQQU,Direxion Daily Magnificent 7 Bull 2X ETF,avg_dollar_volume_30d_below_15m_usd,4053948.28,41
QQQY,QQQY,Defiance Nasdaq 100 Weekly Distribution ETF,avg_dollar_volume_30d_below_15m_usd,3187779.37,41
QQUP,QQUP,ProShares Ultra QQQ Mega,avg_dollar_volume_30d_below_15m_usd,626318.56,41
QQWZ,QQWZ,Pacer Cash COWZ 100-Nasdaq 100 Rotator ETF,avg_dollar_volume_30d_below_15m_usd,395379.94,41
QQXL,QQXL,ProShares Ultra QQQ Top 30,avg_dollar_volume_30d_below_15m_usd,172038.05,41
QQXT,QQXT,First Trust NASDAQ-100 Ex-Technology Sector Index Fund,avg_dollar_volume_30d_below_15m_usd,693165.24,41
QRFT,QRFT,QRAFT AI-Enhanced U.S. Large Cap ETF,avg_dollar_volume_30d_below_15m_usd,87256.85,41
QRHC,QRHC,Quest Resource Holding Corporation - Common Stock,avg_dollar_volume_30d_below_15m_usd,69096.16,41
QRMI,QRMI,Global X NASDAQ 100 Risk Managed Income ETF,avg_dollar_volume_30d_below_15m_usd,124144.74,41
QSI,QSI,Quantum-Si Incorporated - Class A Common Stock,avg_dollar_volume_30d_below_15m_usd,6184407.26,41
QSIG,QSIG,WisdomTree U.S. Short Term Corporate Bond Fund,avg_dollar_volume_30d_below_15m_usd,293095.69,41
QSIX,QSIX,Pacer Metaurus Nasdaq 100 Dividend Multiplier 600 ETF,avg_dollar_volume_30d_below_15m_usd,64501.63,40
QSML,QSML,WisdomTree U.S. SmallCap Quality Growth Fund,avg_dollar_volume_30d_below_15m_usd,19316.99,40
QSOL,QSOL,Invesco Galaxy Solana ETF,avg_dollar_volume_30d_below_15m_usd,104323.9,41
QSPT,QSPT,FT Vest Nasdaq-100 Buffer ETF - September,avg_dollar_volume_30d_below_15m_usd,1076268.16,41
QSU,QSU,Defiance Daily Target 2X Long QS ETF,avg_dollar_volume_30d_below_15m_usd,1755097.92,41
QTAC,QTAC,Q3 All-Season Tactical Advantage ETF,avg_dollar_volume_30d_below_15m_usd,231762.09,41
QTAP,QTAP,Innovator Growth Accelerated Plus ETF - April,avg_dollar_volume_30d_below_15m_usd,200665.1,41
QTI,QTI,"QT Imaging Holdings, Inc. - Common Stock",avg_dollar_volume_30d_below_15m_usd,175980.51,41
QTJA,QTJA,Innovator Growth Accelerated Plus ETF - January,avg_dollar_volume_30d_below_15m_usd,77563.95,41
QTJL,QTJL,Innovator Growth Accelerated Plus ETF - July,avg_dollar_volume_30d_below_15m_usd,182214.06,41
QTOC,QTOC,Innovator Growth Accelerated Plus ETF - October,avg_dollar_volume_30d_below_15m_usd,112258.31,41
QTOP,QTOP,iShares Nasdaq Top 30 Stocks ETF,avg_dollar_volume_30d_below_15m_usd,6934769.95,41
QTPI,QTPI,North Square RCIM Tax-Advantaged Preferred and Income Securities ETF,avg_dollar_volume_30d_below_15m_usd,176329.53,41
QTR,QTR,Global X NASDAQ 100 Tail Risk ETF,avg_dollar_volume_30d_below_15m_usd,39641.07,40
QTRX,QTRX,Quanterix Corporation - Common Stock,avg_dollar_volume_30d_below_15m_usd,4030067.05,41
QTUP,QTUP,Defiance Long Pure Quantum ETF,avg_dollar_volume_30d_below_15m_usd,867795.82,21
QUAD,QUAD,"Quad Graphics, Inc Class A Common Stock",avg_dollar_volume_30d_below_15m_usd,1509338.18,41
QUBX,QUBX,Tradr 2X Long QUBT Daily ETF,avg_dollar_volume_30d_below_15m_usd,5902049.87,41
QUCY,QUCY,Quantum Cyber N.V. - Ordinary Shares,avg_dollar_volume_30d_below_15m_usd,11743047.0,41
QUIK,QUIK,QuickLogic Corporation - Common Stock,avg_dollar_volume_30d_below_15m_usd,9906455.7,41
QUIZ,QUIZ,Zacks Quality International ETF,avg_dollar_volume_30d_below_15m_usd,571799.31,41
QUS,QUS,State Street SPDR MSCI USA StrategicFactors ETF,avg_dollar_volume_30d_below_15m_usd,3488035.55,41
QUSA,QUSA,VistaShares Target 15 USA Quality Income ETF,avg_dollar_volume_30d_below_15m_usd,290775.36,41
QVAL,QVAL,Alpha Architect U.S. Quantitative Value ETF,avg_dollar_volume_30d_below_15m_usd,1520092.16,41
QVML,QVML,Invesco S&P 500 QVM Multi-factor ETF,avg_dollar_volume_30d_below_15m_usd,315176.16,41
QVMM,QVMM,Invesco S&P MidCap 400 QVM Multi-factor ETF,avg_dollar_volume_30d_below_15m_usd,41534.73,41
QVMS,QVMS,Invesco S&P SmallCap 600 QVM Multi-factor ETF,avg_dollar_volume_30d_below_15m_usd,104687.32,41
QVMT,QVMT,Invesco S&P 500 Concentrated QVM ETF,avg_dollar_volume_30d_below_15m_usd,754986.38,41
QVOL,QVOL,Infrastructure Capital Nasdaq Option Income ETF,avg_dollar_volume_30d_below_15m_usd,1986192.1,40
QVOY,QVOY,Q3 Active Rotation ETF,avg_dollar_volume_30d_below_15m_usd,169744.98,41
QWLD,QWLD,State Street SPDR MSCI World StrategicFactors ETF,avg_dollar_volume_30d_below_15m_usd,394338.07,41
QXL,QXL,Quantum X Labs Inc. - Common Stock,avg_dollar_volume_30d_below_15m_usd,972062.68,41
QXQ,QXQ,SGI Enhanced Nasdaq-100 ETF,avg_dollar_volume_30d_below_15m_usd,300309.05,40
QYLG,QYLG,Global X Nasdaq 100 Covered Call & Growth ETF,avg_dollar_volume_30d_below_15m_usd,1309384.44,41
RAA,RAA,SMI 3Fourteen REAL Asset Allocation ETF,avg_dollar_volume_30d_below_15m_usd,1832316.53,41
RAAA,RAAA,Reckoner Yield Enhanced AAA CLO ETF,avg_dollar_volume_30d_below_15m_usd,73041.24,41
RAAR,RAAR,Reckoner Yield Enhanced AAA CLO Reinvesting ETF,avg_dollar_volume_30d_below_15m_usd,125659.49,41
RAAX,RAAX,VanEck Real Assets ETF,avg_dollar_volume_30d_below_15m_usd,10905664.16,41
RAAY,RAAY,Reckoner Yield Enhanced AAA CLO Annual ETF,avg_dollar_volume_30d_below_15m_usd,3396.63,40
RACC,RACC,Research Alliance Corporation III - Class A Ordinary Shares,avg_dollar_volume_30d_below_15m_usd,63796.93,33
RACK,RACK,VanEck Data Center Supply Chain ETF,avg_dollar_volume_30d_below_15m_usd,3871696.97,26
RAFE,RAFE,PIMCO RAFI ESG U.S. ETF,avg_dollar_volume_30d_below_15m_usd,747141.7,41
RAIL,RAIL,"Freightcar America, Inc. - Common Stock",avg_dollar_volume_30d_below_15m_usd,2505649.4,41
RAIN,RAIN,"Rain Enhancement Technologies Holdco, Inc. - Class A Common Stock",avg_dollar_volume_30d_below_15m_usd,90364.9,40
RANI,RANI,"Rani Therapeutics Holdings, Inc. - Class A Common Stock",avg_dollar_volume_30d_below_15m_usd,623982.75,41
RANK,RANK,Defiance KSM TipRanks Analyst ETF,avg_dollar_volume_30d_below_15m_usd,27315.95,7
RAUS,RAUS,RACWI US ETF,avg_dollar_volume_30d_below_15m_usd,300869.06,41
RAVE,RAVE,"Rave Restaurant Group, Inc. - Common Stock",avg_dollar_volume_30d_below_15m_usd,231105.3,41
RAVI,RAVI,FlexShares Ultra-Short Income Fund,avg_dollar_volume_30d_below_15m_usd,6774251.32,41
RAY,RAY,Raytech Holding Limited - Ordinary Shares,avg_dollar_volume_30d_below_15m_usd,50498.07,40
RAYA,RAYA,Erayak Power Solution Group Inc. - Class A Ordinary Shares,avg_dollar_volume_30d_below_15m_usd,203119.0,41
RAYJ,RAYJ,Rayliant SMDAM Japan Equity ETF,avg_dollar_volume_30d_below_15m_usd,101502.47,41
RB,RB,ProShares Russell 2000 Dynamic Buffer ETF,avg_dollar_volume_30d_below_15m_usd,62298.46,41
RBB,RBB,RBB Bancorp - Common Stock,avg_dollar_volume_30d_below_15m_usd,5875641.47,41
RBBN,RBBN,Ribbon Communications Inc.  - Common Stock,avg_dollar_volume_30d_below_15m_usd,2539144.76,41
RBCAA,RBCAA,"Republic Bancorp, Inc. - Class A Common Stock",avg_dollar_volume_30d_below_15m_usd,10145899.75,41
RBIL,RBIL,F/m Ultrashort Treasury Inflation-Protected Security (TIPS) ETF,avg_dollar_volume_30d_below_15m_usd,2328304.09,41
RBKB,RBKB,"Rhinebeck Bancorp, Inc. - Common Stock",avg_dollar_volume_30d_below_15m_usd,609751.96,40
RBLD,RBLD,First Trust Alerian US NextGen Infrastructure ETF,avg_dollar_volume_30d_below_15m_usd,815642.0,41
RBLU,RBLU,T-REX 2X Long RBLX Daily Target ETF,avg_dollar_volume_30d_below_15m_usd,1803126.47,41
RBLY,RBLY,YieldMax RBLX Option Income Strategy ETF,avg_dollar_volume_30d_below_15m_usd,129580.23,41
RBNE,RBNE,Robin Energy Ltd. - Common Stock,avg_dollar_volume_30d_below_15m_usd,936679.42,41
RBUF,RBUF,Innovator U.S. Small Cap 10 Buffer ETF - Quarterly,avg_dollar_volume_30d_below_15m_usd,667976.53,41
RC,RC,Ready Capital Corporation Common Stock,avg_dollar_volume_30d_below_15m_usd,2620753.77,41
RCAX,RCAX,Defiance Daily Target 2x Long RCAT ETF,avg_dollar_volume_30d_below_15m_usd,8059875.34,41
RCEL,RCEL,"Avita Medical, Inc. - Common Stock",avg_dollar_volume_30d_below_15m_usd,1341857.41,41
RCGE,RCGE,RockCreek Global Equality ETF,avg_dollar_volume_30d_below_15m_usd,3536.3,40
RCKT,RCKT,"Rocket Pharmaceuticals, Inc. - Common Stock",avg_dollar_volume_30d_below_15m_usd,9394791.06,41
RCKY,RCKY,"Rocky Brands, Inc. - Common Stock",avg_dollar_volume_30d_below_15m_usd,2070486.17,41
RCLO,RCLO,Reckoner BBB-B CLO ETF,avg_dollar_volume_30d_below_15m_usd,105782.53,41
RCLR,RCLR,Reckoner BBB-B CLO Reinvesting ETF,avg_dollar_volume_30d_below_15m_usd,40064.66,41
RCLY,RCLY,Reckoner BBB-B CLO Annual ETF,avg_dollar_volume_30d_below_15m_usd,3369.9,40
RCMT,RCMT,"RCM Technologies, Inc. - Common Stock",avg_dollar_volume_30d_below_15m_usd,1828198.54,41
RCON,RCON,"Recon Technology, Ltd. - Class A Ordinary Shares",avg_dollar_volume_30d_below_15m_usd,42007.23,40
RCT,RCT,RedCloud Holdings plc - Ordinary Shares,avg_dollar_volume_30d_below_15m_usd,5377920.86,41
RCTR,RCTR,First Trust Bloomberg Nuclear Power ETF,avg_dollar_volume_30d_below_15m_usd,358279.13,41
RDCM,RDCM,Radcom Ltd. - Ordinary Shares,avg_dollar_volume_30d_below_15m_usd,3151313.28,41
RDFI,RDFI,Rareview Dynamic Fixed Income ETF,avg_dollar_volume_30d_below_15m_usd,339288.85,41
RDGT,RDGT,"Ridgetech, Inc. - Ordinary Shares",avg_dollar_volume_30d_below_15m_usd,8064033.48,41
RDI,RDI,Reading International Inc - Class A Non-voting Common Stock,avg_dollar_volume_30d_below_15m_usd,30505.67,41
RDIB,RDIB,Reading International Inc - Class B Voting Common Stock,avg_dollar_volume_30d_below_15m_usd,12429.27,40
RDIV,RDIV,Invesco S&P Ultra Dividend Revenue ETF,avg_dollar_volume_30d_below_15m_usd,4171714.02,41
RDNW,RDNW,"RideNow Group, Inc. - Class B Common Stock",avg_dollar_volume_30d_below_15m_usd,1114907.03,41
RDOG,RDOG,ALPS REIT Dividend Dogs ETF,avg_dollar_volume_30d_below_15m_usd,63948.6,41
RDTE,RDTE,Roundhill Russell 2000 0DTE Covered Call Strategy ETF,avg_dollar_volume_30d_below_15m_usd,2335601.66,41
RDTL,RDTL,GraniteShares 2x Long RDDT Daily ETF,avg_dollar_volume_30d_below_15m_usd,12146404.56,41
RDTY,RDTY,YieldMax R2000 0DTE Covered Strategy ETF,avg_dollar_volume_30d_below_15m_usd,367640.75,41
RDVT,RDVT,"Red Violet, Inc. - Common Stock ",avg_dollar_volume_30d_below_15m_usd,11586502.91,41
RDWR,RDWR,Radware Ltd. - Ordinary Shares,avg_dollar_volume_30d_below_15m_usd,6195043.39,41
RDYY,RDYY,YieldMax RDDT Option Income Strategy ETF,avg_dollar_volume_30d_below_15m_usd,859520.56,41
RDZN,RDZN,"Roadzen, Inc. - Ordinary Shares",avg_dollar_volume_30d_below_15m_usd,1132605.8,41
REA,REA,"Rare Earths Americas, Inc. Common Stock",avg_dollar_volume_30d_below_15m_usd,2864323.86,41
REAI,REAI,Intelligent Real Estate ETF,avg_dollar_volume_30d_below_15m_usd,6442.73,40
REAX,REAX,"The Real Brokerage, Inc. - Common Shares",avg_dollar_volume_30d_below_15m_usd,7119272.59,41
REBN,REBN,"Reborn Coffee, Inc. - Common Stock",avg_dollar_volume_30d_below_15m_usd,66538.58,41
RECT,RECT,Rectitude Holdings Ltd - Ordinary Shares,avg_dollar_volume_30d_below_15m_usd,13716.8,40
REED,REED,"Reed's, Inc. Common Stock",avg_dollar_volume_30d_below_15m_usd,40183.04,41
REFA,REFA,Columbia Research Enhanced International Equity ETF,avg_dollar_volume_30d_below_15m_usd,1648.13,40
REFI,REFI,"Chicago Atlantic Real Estate Finance, Inc. - Common Stock",avg_dollar_volume_30d_below_15m_usd,1851947.52,41
REFR,REFR,Research Frontiers Incorporated - Common Stock,avg_dollar_volume_30d_below_15m_usd,29246.0,41
REGL,REGL,ProShares S&P MidCap 400 Dividend Aristocrats ETF,avg_dollar_volume_30d_below_15m_usd,4123338.06,41
REGS,REGS,Columbia Large Cap Growth ETF,avg_dollar_volume_30d_below_15m_usd,121652.66,41
REI,REI,"Ring Energy, Inc. Common Stock",avg_dollar_volume_30d_below_15m_usd,6583636.85,41
REIT,REIT,ALPS Active REIT ETF,avg_dollar_volume_30d_below_15m_usd,263892.44,41
REK,REK,ProShares Short Real Estate,avg_dollar_volume_30d_below_15m_usd,121970.61,41
REKR,REKR,"Rekor Systems, Inc. - Common Stock",avg_dollar_volume_30d_below_15m_usd,1674239.66,41
RELL,RELL,"Richardson Electronics, Ltd. - Common Stock",avg_dollar_volume_30d_below_15m_usd,3348462.94,41
REM,REM,iShares Mortgage Real Estate ETF,avg_dollar_volume_30d_below_15m_usd,8901599.96,41
REMC,REMC,Columbia Research Enhanced Mid Cap ETF,avg_dollar_volume_30d_below_15m_usd,7518.9,41
REMG,REMG,Russell Investments Emerging Markets Equity ETF,avg_dollar_volume_30d_below_15m_usd,444824.04,40
RENT,RENT,"Rent the Runway, Inc. - Class A Common Stock",avg_dollar_volume_30d_below_15m_usd,382754.01,41
RENX,RENX,RenX Enterprises Corp. - Common Stock,avg_dollar_volume_30d_below_15m_usd,359060.28,41
REPX,REPX,"Riley Exploration Permian, Inc. Common Stock",avg_dollar_volume_30d_below_15m_usd,9056817.91,41
RES,RES,"RPC, Inc. Common Stock",avg_dollar_volume_30d_below_15m_usd,10956654.65,41
RESM,RESM,Columbia Research Enhanced Small Cap ETF,avg_dollar_volume_30d_below_15m_usd,8500.11,41
RETL,RETL,Direxion Daily Retail Bull 3X ETF,avg_dollar_volume_30d_below_15m_usd,5842184.4,41
RETO,RETO,"ReTo Eco-Solutions, Inc. - Class A Shares",avg_dollar_volume_30d_below_15m_usd,148797.17,40
REVB,REVB,"Revelation Biosciences, Inc. - Common Stock",avg_dollar_volume_30d_below_15m_usd,46658.09,41
REVS,REVS,Columbia Research Enhanced Value ETF,avg_dollar_volume_30d_below_15m_usd,903358.85,41
REW,REW,ProShares UltraShort Technology,avg_dollar_volume_30d_below_15m_usd,387321.41,41
REXC,REXC,Sprott Rare Earths Ex-China ETF,avg_dollar_volume_30d_below_15m_usd,1996668.52,41
REZ,REZ,iShares Residential and Multisector Real Estate ETF,avg_dollar_volume_30d_below_15m_usd,3096463.76,41
RFCI,RFCI,ALPS Dynamic Core Income ETF,avg_dollar_volume_30d_below_15m_usd,33546.18,41
RFDA,RFDA,ALPS Dynamic US Dividend Advantage ETF,avg_dollar_volume_30d_below_15m_usd,119193.35,41
RFDI,RFDI,First Trust RiverFront Dynamic Developed International ETF,avg_dollar_volume_30d_below_15m_usd,372972.89,41
RFEM,RFEM,First Trust RiverFront Dynamic Emerging Markets ETF,avg_dollar_volume_30d_below_15m_usd,216539.58,40
RFFC,RFFC,ALPS Active Equity Opportunity ETF,avg_dollar_volume_30d_below_15m_usd,62399.97,41
RFG,RFG,Invesco S&P MidCap 400 Pure Growth ETF,avg_dollar_volume_30d_below_15m_usd,460335.57,41
RFIL,RFIL,"RF Industries, Ltd. - Common Stock",avg_dollar_volume_30d_below_15m_usd,6714956.92,41
RFL,RFL,"Rafael Holdings, Inc. Class B Common Stock",avg_dollar_volume_30d_below_15m_usd,773865.1,41
RFLR,RFLR,Innovator U.S. Small Cap Managed Floor ETF,avg_dollar_volume_30d_below_15m_usd,442642.76,41
RFV,RFV,Invesco S&P MidCap 400 Pure Value ETF,avg_dollar_volume_30d_below_15m_usd,621770.33,41
RGC,RGC,Regencell Bioscience Holdings Limited - Ordinary Shares,avg_dollar_volume_30d_below_15m_usd,3527684.58,41
RGCO,RGCO,RGC Resources Inc. - Common Stock,avg_dollar_volume_30d_below_15m_usd,323354.84,41
RGEF,RGEF,Rockefeller Global Equity ETF,avg_dollar_volume_30d_below_15m_usd,159034.13,41
RGLO,RGLO,Russell Investments Global Equity ETF,avg_dollar_volume_30d_below_15m_usd,978075.89,41
RGP,RGP,"Resources Connection, Inc. - Common Stock",avg_dollar_volume_30d_below_15m_usd,2421381.44,41
RGR,RGR,"Sturm, Ruger & Company, Inc. Common Stock",avg_dollar_volume_30d_below_15m_usd,5290606.15,41
RGS,RGS,Regis Corporation - Common Stock,avg_dollar_volume_30d_below_15m_usd,154218.21,41
RGTU,RGTU,Tradr 2X Long RGTI Daily ETF,avg_dollar_volume_30d_below_15m_usd,6492581.96,41
RGYY,RGYY,GraniteShares YieldBoost RGTI ETF,avg_dollar_volume_30d_below_15m_usd,136879.84,41
RHRX,RHRX,RH Tactical Rotation ETF,avg_dollar_volume_30d_below_15m_usd,136946.99,41
RHTX,RHTX,RH Tactical Outlook ETF,avg_dollar_volume_30d_below_15m_usd,4687.94,41
RICK,RICK,"RCI Hospitality Holdings, Inc. - Common Stock",avg_dollar_volume_30d_below_15m_usd,1381841.56,41
RIET,RIET,Hoya Capital High Dividend Yield ETF,avg_dollar_volume_30d_below_15m_usd,768925.04,41
RIFR,RIFR,Russell Investments Global Infrastructure ETF,avg_dollar_volume_30d_below_15m_usd,160559.55,40
RIGL,RIGL,"Rigel Pharmaceuticals, Inc. - Common Stock",avg_dollar_volume_30d_below_15m_usd,13201997.4,41
RIGS,RIGS,ALPS Strategic Income Fund,avg_dollar_volume_30d_below_15m_usd,153651.68,41
RILA,RILA,Indexperts Gorilla Aggressive Growth ETF,avg_dollar_volume_30d_below_15m_usd,52429.33,41
RILY,RILY,"BRC Group Holdings, Inc. - Common Stock",avg_dollar_volume_30d_below_15m_usd,9001595.89,41
RIME,RIME,"Algorhythm Holdings, Inc. - Common Stock",avg_dollar_volume_30d_below_15m_usd,247654.77,41
RINF,RINF,ProShares Inflation Expectations ETF,avg_dollar_volume_30d_below_15m_usd,154696.12,41
RINT,RINT,Russell Investments International Developed Equity ETF,avg_dollar_volume_30d_below_15m_usd,468132.59,41
RIOX,RIOX,Defiance Daily Target 2X Long RIOT ETF,avg_dollar_volume_30d_below_15m_usd,10196570.11,41
RISE,RISE,Pictet Emerging Markets Rising Economies ETF,avg_dollar_volume_30d_below_15m_usd,52519.37,40
RISN,RISN,Inspire Capital Appreciation ETF,avg_dollar_volume_30d_below_15m_usd,1021170.91,41
RISR,RISR,FolioBeyond Alternative Income and Interest Rate Hedge ETF,avg_dollar_volume_30d_below_15m_usd,3754706.32,41
RITA,RITA,ETFB Green SRI REITs ETF,avg_dollar_volume_30d_below_15m_usd,31201.47,41
RITR,RITR,Reitar Logtech Holdings Limited - Ordinary shares,avg_dollar_volume_30d_below_15m_usd,956337.94,41
RIZE,RIZE,Principal Inflation Protection ETF,avg_dollar_volume_30d_below_15m_usd,9683.61,33
RJDI,RJDI,RJ Eagle GCM Dividend Select Income ETF,avg_dollar_volume_30d_below_15m_usd,891366.9,41
RJET,RJET,Republic Airways Holdings Inc. - Common Stock,avg_dollar_volume_30d_below_15m_usd,4012915.59,41
RJMI,RJMI,RJ Eagle Municipal Income ETF,avg_dollar_volume_30d_below_15m_usd,195981.82,41
RJVI,RJVI,RJ Eagle Vertical Income ETF,avg_dollar_volume_30d_below_15m_usd,57318.37,41
RKDA,RKDA,"Arcadia Biosciences, Inc. - Common Stock",avg_dollar_volume_30d_below_15m_usd,4557636.4,41
RKNG,RKNG,Defiance Retail Kings ETF,avg_dollar_volume_30d_below_15m_usd,196747.97,40
RKSG,RKSG,Ruk Strategic Growth ETF,avg_dollar_volume_30d_below_15m_usd,37389.99,41
RKTL,RKTL,Defiance Daily Target 2X Long RKT ETF,avg_dollar_volume_30d_below_15m_usd,224515.18,41
RKX,RKX,Corgi RKLB 2x Daily ETF,avg_dollar_volume_30d_below_15m_usd,71433.32,7
RLGT,RLGT,"Radiant Logistics, Inc. Common Stock",avg_dollar_volume_30d_below_15m_usd,1520826.74,41
RLMD,RLMD,"Relmada Therapeutics, Inc. - Common Stock",avg_dollar_volume_30d_below_15m_usd,13397690.2,41
RLY,RLY,State Street Multi-Asset Real Return ETF,avg_dollar_volume_30d_below_15m_usd,8012285.44,41
RLYB,RLYB,Rallybio Corporation - Common Stock,avg_dollar_volume_30d_below_15m_usd,907278.09,41
RM,RM,Regional Management Corp. Common Stock,avg_dollar_volume_30d_below_15m_usd,2424302.14,41
RMAX,RMAX,"RE/MAX Holdings, Inc. Class A Common Stock",avg_dollar_volume_30d_below_15m_usd,3066785.52,41
RMBC,RMBC,Corgi RMBS 2x Daily ETF,avg_dollar_volume_30d_below_15m_usd,105287.4,11
RMBI,RMBI,"Richmond Mutual Bancorporation, Inc. - Common Stock",avg_dollar_volume_30d_below_15m_usd,846446.87,41
RMBX,RMBX,Tradr 2X Long RMBS Daily ETF,avg_dollar_volume_30d_below_15m_usd,65951.92,6
RMCA,RMCA,Rockefeller California Municipal Bond ETF,avg_dollar_volume_30d_below_15m_usd,95611.05,41
RMCF,RMCF,"Rocky Mountain Chocolate Factory, Inc. - Common Stock",avg_dollar_volume_30d_below_15m_usd,169903.21,41
RMCO,RMCO,Royalty Management Holding Corporation - Class A Common Stock,avg_dollar_volume_30d_below_15m_usd,43770.02,41
RMHY,RMHY,Global X Adaptive Risk Managed Yield ETF,avg_dollar_volume_30d_below_15m_usd,5430128.77,10
RMIF,RMIF,LHA Risk-Managed Income ETF,avg_dollar_volume_30d_below_15m_usd,103064.54,41
RMIX,RMIX,"Suncrete, Inc. - Class A Common Stock",avg_dollar_volume_30d_below_15m_usd,11790209.65,41
RMME,RMME,Rareview Government Money Market ETF,avg_dollar_volume_30d_below_15m_usd,581771.57,41
RMNI,RMNI,"Rimini Street, Inc. - Common Stock",avg_dollar_volume_30d_below_15m_usd,2058718.84,41
RMNY,RMNY,Rockefeller New York Municipal Bond ETF,avg_dollar_volume_30d_below_15m_usd,67201.46,41
RMOP,RMOP,Rockefeller Opportunistic Municipal Bond ETF,avg_dollar_volume_30d_below_15m_usd,2804997.57,41
RMR,RMR,The RMR Group Inc. - Class A Common Stock,avg_dollar_volume_30d_below_15m_usd,2932473.66,41
RMRC,RMRC,ARMOR Core Risk-Managed ETF,avg_dollar_volume_30d_below_15m_usd,29778.55,41
RMSG,RMSG,Real Messenger Corporation - Ordinary Shares,avg_dollar_volume_30d_below_15m_usd,14283363.51,41
RMTI,RMTI,"Rockwell Medical, Inc. - Common Stock",avg_dollar_volume_30d_below_15m_usd,265044.01,41
RNA,RNA,"Atrium Therapeutics, Inc. - Common Stock",avg_dollar_volume_30d_below_15m_usd,2912196.26,41
RNAC,RNAC,"Cartesian Therapeutics, Inc. - Common Stock",avg_dollar_volume_30d_below_15m_usd,3293530.82,41
RNAZ,RNAZ,"TransCode Therapeutics, Inc. - Common Stock",avg_dollar_volume_30d_below_15m_usd,577742.8,41
RND,RND,First Trust Bloomberg R&D Leaders ETF,avg_dollar_volume_30d_below_15m_usd,115190.07,41
RNEM,RNEM,Emerging Markets Equity Select ETF,avg_dollar_volume_30d_below_15m_usd,72972.97,40
RNGR,RNGR,"Ranger Energy Services, Inc. Class A Common Stock",avg_dollar_volume_30d_below_15m_usd,3078960.19,41
RNIN,RNIN,Bushido Capital US SMID Cap Equity ETF,avg_dollar_volume_30d_below_15m_usd,154608.77,41
RNMN,RNMN,RiverNorth Market Neutral ETF,avg_dollar_volume_30d_below_15m_usd,234.5,1
RNRG,RNRG,Global X Renewable Energy Producers ETF,avg_dollar_volume_30d_below_15m_usd,252497.07,41
RNTX,RNTX,"Rein Therapeutics, Inc. - Common Stock",avg_dollar_volume_30d_below_15m_usd,539628.36,41
RNTY,RNTY,YieldMax Target 12 Real Estate Option Income ETF,avg_dollar_volume_30d_below_15m_usd,85957.79,41
RNW,RNW,ReNew Energy Global plc - Class A Shares,avg_dollar_volume_30d_below_15m_usd,8922078.44,41
RNXT,RNXT,"RenovoRx, Inc. - Common Stock",avg_dollar_volume_30d_below_15m_usd,254138.76,41
ROAM,ROAM,Hartford Multifactor Emerging Markets ETF,avg_dollar_volume_30d_below_15m_usd,1332388.52,41
ROBT,ROBT,First Trust Nasdaq Artificial Intelligence and Robotics ETF,avg_dollar_volume_30d_below_15m_usd,3170544.45,41
ROC,ROC,Rank One Computing Corporation - Common stock,avg_dollar_volume_30d_below_15m_usd,515156.31,41
ROCQ,ROCQ,JPMorgan Nasdaq Equity Premium Yield ETF,avg_dollar_volume_30d_below_15m_usd,10590338.23,41
ROCY,ROCY,JPMorgan Equity Premium Yield ETF,avg_dollar_volume_30d_below_15m_usd,5334984.78,41
RODM,RODM,Hartford Multifactor Developed Markets (ex-US) ETF,avg_dollar_volume_30d_below_15m_usd,4279633.69,41
ROE,ROE,Astoria US Equal Weight Quality Kings ETF,avg_dollar_volume_30d_below_15m_usd,963558.45,41
ROKT,ROKT,State Street SPDR S&P Kensho Final Frontiers ETF,avg_dollar_volume_30d_below_15m_usd,6809006.06,41
ROLR,ROLR,"High Roller Technologies, Inc. Common Stock",avg_dollar_volume_30d_below_15m_usd,4058814.86,41
ROM,ROM,ProShares Ultra Technology,avg_dollar_volume_30d_below_15m_usd,12422752.52,41
ROMA,ROMA,Roma Green Finance Limited - Class A Ordinary Shares,avg_dollar_volume_30d_below_15m_usd,487701.0,41
ROMO,ROMO,Strategy Shares Newfound/ReSolve Robust Momentum ETF,avg_dollar_volume_30d_below_15m_usd,131996.65,41
ROOT,ROOT,"Root, Inc. - Common Stock",avg_dollar_volume_30d_below_15m_usd,14597979.53,41
ROPE,ROPE,Coastal Compass 100 ETF,avg_dollar_volume_30d_below_15m_usd,55736.77,41
ROSC,ROSC,Hartford Multifactor Small Cap ETF,avg_dollar_volume_30d_below_15m_usd,122751.75,41
ROUS,ROUS,Hartford Multifactor U.S. Equity ETF,avg_dollar_volume_30d_below_15m_usd,3626151.04,41
RPAR,RPAR,RPAR Risk Parity ETF,avg_dollar_volume_30d_below_15m_usd,573340.11,41
RPAY,RPAY,Repay Holdings Corporation - Class A Common Stock,avg_dollar_volume_30d_below_15m_usd,2718192.01,41
RPC,RPC,"Ridgepost Capital, Inc. Class A Common Stock",avg_dollar_volume_30d_below_15m_usd,3247085.66,41
RPGL,RPGL,Republic Power Group Limited - Class A Ordinary Shares,avg_dollar_volume_30d_below_15m_usd,2956533.1,41
RPHS,RPHS,Regents Park Hedged Market Strategy ETF,avg_dollar_volume_30d_below_15m_usd,1599536.57,40
RPID,RPID,"Rapid Micro Biosystems, Inc. - Class A Common Stock",avg_dollar_volume_30d_below_15m_usd,280194.05,41
RRBI,RRBI,"Red River Bancshares, Inc. - Common Stock",avg_dollar_volume_30d_below_15m_usd,9184709.4,41
RRGB,RRGB,"Red Robin Gourmet Burgers, Inc. - Common Stock",avg_dollar_volume_30d_below_15m_usd,2073930.23,41
RSBA,RSBA,Return Stacked Bonds & Merger Arbitrage ETF,avg_dollar_volume_30d_below_15m_usd,289949.58,41
RSBT,RSBT,Return Stacked Bonds & Managed Futures ETF,avg_dollar_volume_30d_below_15m_usd,901007.54,41
RSBY,RSBY,Return Stacked Bonds & Futures Yield ETF,avg_dollar_volume_30d_below_15m_usd,261078.38,41
RSDE,RSDE,FT Vest U.S. Equity Equal Weight Buffer ETF - December,avg_dollar_volume_30d_below_15m_usd,196551.18,41
RSEE,RSEE,Rareview Systematic Equity ETF,avg_dollar_volume_30d_below_15m_usd,338359.89,41
RSIT,RSIT,Return Stacked International Stocks & Managed Futures ETF,avg_dollar_volume_30d_below_15m_usd,1430696.57,41
RSJN,RSJN,FT Vest U.S. Equity Equal Weight Buffer ETF - June,avg_dollar_volume_30d_below_15m_usd,454189.98,41
RSKD,RSKD,Riskified Ltd. Class A Ordinary Shares,avg_dollar_volume_30d_below_15m_usd,5719716.39,41
RSMC,RSMC,Rockefeller U.S. Small-Mid Cap ETF,avg_dollar_volume_30d_below_15m_usd,314600.74,41
RSMR,RSMR,FT Vest U.S. Equity Equal Weight Buffer ETF - March,avg_dollar_volume_30d_below_15m_usd,18880.27,41
RSMV,RSMV,Relative Strength Managed Volatility Strategy ETF,avg_dollar_volume_30d_below_15m_usd,264385.32,41
RSPA,RSPA,Invesco S&P 500 Equal Weight Income Advantage ETF,avg_dollar_volume_30d_below_15m_usd,9522450.41,41
RSPC,RSPC,Invesco S&P 500 Equal Weight Communication Services ETF,avg_dollar_volume_30d_below_15m_usd,601679.35,41
RSPD,RSPD,Invesco S&P 500 Equal Weight Consumer Discretionary ETF,avg_dollar_volume_30d_below_15m_usd,4155917.19,41
RSPE,RSPE,Invesco ESG S&P 500 Equal Weight ETF,avg_dollar_volume_30d_below_15m_usd,279981.36,41
RSPF,RSPF,Invesco S&P 500 Equal Weight Financial ETF,avg_dollar_volume_30d_below_15m_usd,1640123.96,41
RSPG,RSPG,Invesco S&P 500 Equal Weight Energy ETF,avg_dollar_volume_30d_below_15m_usd,12177886.57,41
RSPH,RSPH,Invesco S&P 500 Equal Weight Health Care ETF,avg_dollar_volume_30d_below_15m_usd,4781172.67,41
RSPM,RSPM,Invesco S&P 500 Equal Weight Materials ETF,avg_dollar_volume_30d_below_15m_usd,494074.14,41
RSPN,RSPN,Invesco S&P 500 Equal Weight Industrials Portfolio,avg_dollar_volume_30d_below_15m_usd,7442344.29,41
RSPR,RSPR,Invesco S&P 500 Equal Weight Real Estate ETF,avg_dollar_volume_30d_below_15m_usd,677726.14,41
RSPS,RSPS,Invesco S&P 500 Equal Weight Consumer Staples ETF,avg_dollar_volume_30d_below_15m_usd,1864535.05,41
RSPU,RSPU,Invesco S&P 500 Equal Weight Utilities ETF,avg_dollar_volume_30d_below_15m_usd,2863635.46,41
RSSB,RSSB,Return Stacked Global Stocks & Bonds ETF,avg_dollar_volume_30d_below_15m_usd,2122073.19,41
RSSE,RSSE,FT Vest U.S. Equity Equal Weight Buffer ETF  September,avg_dollar_volume_30d_below_15m_usd,68115.35,41
RSSL,RSSL,Global X Russell 2000 ETF,avg_dollar_volume_30d_below_15m_usd,3422304.32,41
RSSS,RSSS,"Research Solutions, Inc - Common Stock",avg_dollar_volume_30d_below_15m_usd,126463.31,41
RSST,RSST,Return Stacked U.S. Stocks & Managed Futures ETF,avg_dollar_volume_30d_below_15m_usd,4056518.84,41
RSSX,RSSX,Return Stacked U.S. Stocks & Gold/Bitcoin ETF,avg_dollar_volume_30d_below_15m_usd,539097.3,41
RSSY,RSSY,Return Stacked U.S. Stocks & Futures Yield ETF,avg_dollar_volume_30d_below_15m_usd,665409.13,41
RSVR,RSVR,"Reservoir Media, Inc.. - Common Stock",avg_dollar_volume_30d_below_15m_usd,687743.97,41
RTAI,RTAI,Rareview Tax Advantaged Income ETF,avg_dollar_volume_30d_below_15m_usd,29995.85,41
RTB,RTB,"RTB Digital, Inc. - Common Stock",avg_dollar_volume_30d_below_15m_usd,2228029.23,41
RTH,RTH,VanEck Retail ETF,avg_dollar_volume_30d_below_15m_usd,1283673.83,41
RTRE,RTRE,Rareview Total Return Bond ETF,avg_dollar_volume_30d_below_15m_usd,243020.21,41
RTXG,RTXG,Leverage Shares 2X Long RTX Daily ETF,avg_dollar_volume_30d_below_15m_usd,554566.89,41
RTYY,RTYY,GraniteShares YieldBoost RIOT ETF,avg_dollar_volume_30d_below_15m_usd,114924.96,41
RUBI,RUBI,Rubico Inc. - Common Stock,avg_dollar_volume_30d_below_15m_usd,10758249.46,41
RULE,RULE,Adaptive Core ETF,avg_dollar_volume_30d_below_15m_usd,61574.26,41
RUNN,RUNN,Running Oak Efficient Growth ETF,avg_dollar_volume_30d_below_15m_usd,1751583.39,41
RUSC,RUSC,Russell Investments U.S. Small Cap Equity ETF,avg_dollar_volume_30d_below_15m_usd,791348.93,40
RUSHB,RUSHB,"Rush Enterprises, Inc. - Class B Common Stock",avg_dollar_volume_30d_below_15m_usd,5880501.95,41
RVER,RVER,Trenchless Fund ETF,avg_dollar_volume_30d_below_15m_usd,302465.75,41
RVNL,RVNL,GraniteShares 2x Long RIVN Daily ETF,avg_dollar_volume_30d_below_15m_usd,2901531.14,41
RVNU,RVNU,Xtrackers Municipal Infrastructure Revenue Bond ETF,avg_dollar_volume_30d_below_15m_usd,524871.96,41
RVP,RVP,"Retractable Technologies, Inc. Common Stock",avg_dollar_volume_30d_below_15m_usd,63550.27,41
RVSB,RVSB,Riverview Bancorp Inc - Common Stock,avg_dollar_volume_30d_below_15m_usd,845531.22,41
RVSN,RVSN,Rail Vision Ltd. - Ordinary Shares,avg_dollar_volume_30d_below_15m_usd,109728.22,41
RW,RW,Rainwater Equity ETF,avg_dollar_volume_30d_below_15m_usd,43261.84,41
RWAY,RWAY,Runway Growth Finance Corp. - Common Stock,avg_dollar_volume_30d_below_15m_usd,3460838.3,41
RWEM,RWEM,Rayliant Wilshire NxtGen Emerging Markets Equity ETF,avg_dollar_volume_30d_below_15m_usd,608339.2,41
RWIN,RWIN,Rayliant NxtGen Multifactor International Equity ETF,avg_dollar_volume_30d_below_15m_usd,10840.13,40
RWJ,RWJ,Invesco S&P SmallCap 600 Revenue ETF,avg_dollar_volume_30d_below_15m_usd,4920178.27,41
RWK,RWK,Invesco S&P MidCap 400 Revenue ETF,avg_dollar_volume_30d_below_15m_usd,2176680.4,41
RWLC,RWLC,Rayliant Wilshire NxtGen US Large Cap Equity ETF,avg_dollar_volume_30d_below_15m_usd,238122.32,40
RWO,RWO,State Street SPDR Dow Jones Global Real Estate ETF,avg_dollar_volume_30d_below_15m_usd,3834358.93,41
RWX,RWX,State Street SPDR Dow Jones International Real Estate ETF,avg_dollar_volume_30d_below_15m_usd,1190300.68,41
RXD,RXD,ProShares UltraShort Health Care,avg_dollar_volume_30d_below_15m_usd,49555.95,41
RXI,RXI,iShares Global Consumer Discretionary ETF,avg_dollar_volume_30d_below_15m_usd,1532572.32,41
RXL,RXL,ProShares Ultra Health Care,avg_dollar_volume_30d_below_15m_usd,562408.96,41
RXST,RXST,"RxSight, Inc. - Common Stock",avg_dollar_volume_30d_below_15m_usd,7111346.01,41
RYAM,RYAM,Rayonier Advanced Materials Inc. Common Stock,avg_dollar_volume_30d_below_15m_usd,8097724.83,41
RYDE,RYDE,Ryde Group Ltd. Class A Ordinary Shares,avg_dollar_volume_30d_below_15m_usd,162528.46,41
RYET,RYET,Ruanyun Edai Technology Inc. - Ordinary shares,avg_dollar_volume_30d_below_15m_usd,2010233.03,41
RYLD,RYLD,Global X Russell 2000 Covered Call ETF,avg_dollar_volume_30d_below_15m_usd,8446226.73,41
RYLG,RYLG,Global X Russell 2000 Covered Call & Growth ETF,avg_dollar_volume_30d_below_15m_usd,50235.0,41
RYM,RYM,"RYTHM, Inc. - Common Stock",avg_dollar_volume_30d_below_15m_usd,313129.15,41
RYOJ,RYOJ,"rYojbaba Co., Ltd. - Common Shares",avg_dollar_volume_30d_below_15m_usd,1867052.71,41
RYZ,RYZ,Ryerson Holding Corporation Common Stock,avg_dollar_volume_30d_below_15m_usd,13454802.73,41
RZG,RZG,Invesco S&P SmallCap 600 Pure Growth ETF,avg_dollar_volume_30d_below_15m_usd,1117797.67,41
RZLT,RZLT,"Rezolute, Inc. - Common Stock (NV)",avg_dollar_volume_30d_below_15m_usd,10773937.28,41
RZV,RZV,Invesco S&P SmallCap 600 Pure Value ETF,avg_dollar_volume_30d_below_15m_usd,510648.69,41
SAA,SAA,ProShares Ultra SmallCap600,avg_dollar_volume_30d_below_15m_usd,234776.46,41
SABR,SABR,Sabre Corporation - Common Stock,avg_dollar_volume_30d_below_15m_usd,10814744.88,41
SABS,SABS,"SAB Biotherapeutics, Inc. - Common Stock",avg_dollar_volume_30d_below_15m_usd,3456308.88,41
SACH,SACH,Sachem Capital Corp. Common Shares,avg_dollar_volume_30d_below_15m_usd,225837.74,41
SAEF,SAEF,Schwab Ariel Opportunities ETF,avg_dollar_volume_30d_below_15m_usd,113341.73,41
SAFE,SAFE,Safehold Inc. New Common Stock ,avg_dollar_volume_30d_below_15m_usd,5764101.36,41
SAFT,SAFT,"Safety Insurance Group, Inc. - Common Stock",avg_dollar_volume_30d_below_15m_usd,9781845.66,41
SAFX,SAFX,"XCF Global, Inc. - Class A Common Stock",avg_dollar_volume_30d_below_15m_usd,2018118.76,41
SAGP,SAGP,Strategas Global Policy Opportunities ETF,avg_dollar_volume_30d_below_15m_usd,121209.69,41
SAGT,SAGT,SAGTEC GLOBAL LIMITED - Class A Ordinary shares,avg_dollar_volume_30d_below_15m_usd,3948804.01,41
SAIH,SAIH,SAIHEAT Limited - Class A Ordinary Shares,avg_dollar_volume_30d_below_15m_usd,26409.69,41
SAMG,SAMG,Silvercrest Asset Management Group Inc. - Common Stock,avg_dollar_volume_30d_below_15m_usd,659310.25,41
SAMM,SAMM,Strategas Macro Momentum ETF,avg_dollar_volume_30d_below_15m_usd,163425.65,41
SAMT,SAMT,Strategas Macro Thematic Opportunities ETF,avg_dollar_volume_30d_below_15m_usd,9605457.2,41
SANA,SANA,"Sana Biotechnology, Inc. - Common Stock",avg_dollar_volume_30d_below_15m_usd,12640764.76,41
SANG,SANG,Sangoma Technologies Corporation - Common Shares,avg_dollar_volume_30d_below_15m_usd,15325.9,40
SAPH,SAPH,SAP SE ADRhedged,avg_dollar_volume_30d_below_15m_usd,17464.63,41
SARK,SARK,Tradr 1X Short Innovation Daily ETF,avg_dollar_volume_30d_below_15m_usd,6576025.59,41
SASS,SASS,M.D. Sass Concentrated Value ETF,avg_dollar_volume_30d_below_15m_usd,39098.68,41
SATO,SATO,Invesco Alerian Galaxy Crypto Economy ETF,avg_dollar_volume_30d_below_15m_usd,92546.36,41
SAUG,SAUG,FT Vest U.S. Small Cap Moderate Buffer ETF - August,avg_dollar_volume_30d_below_15m_usd,136684.17,41
SAWG,SAWG,AAM Sawgrass US Large Cap Quality Growth ETF,avg_dollar_volume_30d_below_15m_usd,28372.69,41
SAWS,SAWS,AAM Sawgrass US Small Cap Quality Growth ETF,avg_dollar_volume_30d_below_15m_usd,44869.36,41
SB,SB,"Safe Bulkers, Inc Common Stock ($0.001 par value)",avg_dollar_volume_30d_below_15m_usd,5573662.21,41
SBAR,SBAR,Simplify Barrier Income ETF,avg_dollar_volume_30d_below_15m_usd,3334555.05,41
SBB,SBB,ProShares Short SmallCap600,avg_dollar_volume_30d_below_15m_usd,20530.15,41
SBC,SBC,SBC Medical Group Holdings Incorporated - Common Stock,avg_dollar_volume_30d_below_15m_usd,453396.95,41
SBEV,SBEV,"Splash Beverage Group, Inc. (NV) Common Stock",avg_dollar_volume_30d_below_15m_usd,12502611.11,41
SBFG,SBFG,"SB Financial Group, Inc. - Common Stock",avg_dollar_volume_30d_below_15m_usd,1468042.23,40
SBFM,SBFM,Sunshine Biopharma Inc. - Common stock,avg_dollar_volume_30d_below_15m_usd,1785066.48,41
SBGI,SBGI,"Sinclair, Inc. - Class A Common Stock",avg_dollar_volume_30d_below_15m_usd,7361652.61,41
SBIO,SBIO,ALPS Medical Breakthroughs ETF,avg_dollar_volume_30d_below_15m_usd,2374838.98,41
SBMT,SBMT,Silver Bow Mining Corp. Common Shares,avg_dollar_volume_30d_below_15m_usd,1284435.4,41
SBND,SBND,Columbia Short Duration Bond ETF,avg_dollar_volume_30d_below_15m_usd,993692.22,41
SBSI,SBSI,"Southside Bancshares, Inc. Common Stock",avg_dollar_volume_30d_below_15m_usd,4280497.15,41
SBTU,SBTU,T-REX 2X Long SBET Daily Target ETF,avg_dollar_volume_30d_below_15m_usd,299105.23,41
SBU,SBU,Leverage Shares 2X Long SBUX Daily ETF,avg_dollar_volume_30d_below_15m_usd,87487.79,41
SBXD,SBXD,SilverBox Corp IV Class A Ordinary Shares,avg_dollar_volume_30d_below_15m_usd,256447.74,41
SBXE,SBXE,SilverBox Corp V Class A Ordinary Shares,avg_dollar_volume_30d_below_15m_usd,867397.69,41
SCA,SCA,GraniteShares Autocallable SMCI ETF,avg_dollar_volume_30d_below_15m_usd,10664.72,29
SCAP,SCAP,Infrastructure Capital Small Cap Income ETF,avg_dollar_volume_30d_below_15m_usd,85189.78,41
SCC,SCC,ProShares UltraShort Consumer Discretionary,avg_dollar_volume_30d_below_15m_usd,231077.54,41
SCCR,SCCR,Schwab Core Bond ETF,avg_dollar_volume_30d_below_15m_usd,6565954.08,41
SCDS,SCDS,JPMorgan Fundamental Data Science Small Core ETF,avg_dollar_volume_30d_below_15m_usd,164022.47,40
SCDV,SCDV,Bahl & Gaynor Small Cap Dividend ETF,avg_dollar_volume_30d_below_15m_usd,213239.07,41
SCEC,SCEC,Sterling Capital Enhanced Core Bond ETF,avg_dollar_volume_30d_below_15m_usd,2642589.77,41
SCEP,SCEP,Sterling Capital Hedged Equity Premium Income ETF,avg_dollar_volume_30d_below_15m_usd,935837.45,41
SCHJ,SCHJ,Schwab 1-5 Year Corporate Bond ETF,avg_dollar_volume_30d_below_15m_usd,6205657.19,41
SCHL,SCHL,Scholastic Corporation - Common Stock,avg_dollar_volume_30d_below_15m_usd,14301954.46,41
SCIO,SCIO,First Trust Structured Credit Income Opportunities ETF,avg_dollar_volume_30d_below_15m_usd,4756351.72,41
SCJ,SCJ,iShares MSCI Japan Sm Cap,avg_dollar_volume_30d_below_15m_usd,5051769.84,41
SCJL,SCJL,Corgi U.S. Small-Cap 15% Structured Buffer ETF - July Series,avg_dollar_volume_30d_below_15m_usd,203924.75,5
SCJN,SCJN,Corgi U.S. Small-Cap 15% Structured Buffer ETF - June Series,avg_dollar_volume_30d_below_15m_usd,42246.29,26
SCKT,SCKT,"Socket Mobile, Inc. - Common Stock",avg_dollar_volume_30d_below_15m_usd,241647.34,41
SCL,SCL,Stepan Company Common Stock,avg_dollar_volume_30d_below_15m_usd,7946844.83,41
SCLX,SCLX,Scilex Holding Company - Common Stock,avg_dollar_volume_30d_below_15m_usd,1437843.54,41
SCLZ,SCLZ,Swan Enhanced Dividend Income ETF,avg_dollar_volume_30d_below_15m_usd,71247.41,41
SCM,SCM,Stellus Capital Investment Corporation Common Stock,avg_dollar_volume_30d_below_15m_usd,1672718.11,41
SCMC,SCMC,Sterling Capital Multi-Strategy Income ETF,avg_dollar_volume_30d_below_15m_usd,655949.22,41
SCMY,SCMY,Corgi U.S. Small-Cap 15% Structured Buffer ETF - May Series,avg_dollar_volume_30d_below_15m_usd,105725.15,41
SCNM,SCNM,Sterling Capital National Municipal Bond ETF,avg_dollar_volume_30d_below_15m_usd,1211152.32,41
SCNX,SCNX,"Scienture Holdings, Inc. - Common Stock",avg_dollar_volume_30d_below_15m_usd,211326.11,41
SCOP,SCOP,Sprott Physical Copper Trust Units,avg_dollar_volume_30d_below_15m_usd,702009.35,41
SCOR,SCOR,"comScore, Inc. - Common Stock",avg_dollar_volume_30d_below_15m_usd,348533.36,41
SCOW,SCOW,Pacer S&P SmallCap 600 Quality FCF Aristocrats ETF,avg_dollar_volume_30d_below_15m_usd,44113.09,41
SCPQ,SCPQ,Social Commerce Partners Corporation - Class A Ordinary Shares,avg_dollar_volume_30d_below_15m_usd,21620.7,40
SCSB,SCSB,Sterling Capital Short Duration Bond ETF,avg_dollar_volume_30d_below_15m_usd,49393.41,41
SCSC,SCSC,"ScanSource, Inc. - Common Stock",avg_dollar_volume_30d_below_15m_usd,11060628.65,41
SCUB,SCUB,Sterling Capital Ultra Short Bond ETF,avg_dollar_volume_30d_below_15m_usd,9591.87,41
SCUS,SCUS,Schwab Ultra-Short Income ETF,avg_dollar_volume_30d_below_15m_usd,3035669.85,41
SCWO,SCWO,374Water Inc. - common stock,avg_dollar_volume_30d_below_15m_usd,164306.37,41
SCYX,SCYX,"SCYNEXIS, Inc. - Common Stock",avg_dollar_volume_30d_below_15m_usd,382154.4,41
SCZM,SCZM,Santacruz Silver Mining Ltd. - Common Shares,avg_dollar_volume_30d_below_15m_usd,3494210.99,41
SD,SD,"SandRidge Energy, Inc. Common Stock",avg_dollar_volume_30d_below_15m_usd,4911074.64,41
SDA,SDA,SunCar Technology Group Inc. - Ordinary Shares,avg_dollar_volume_30d_below_15m_usd,841072.89,41
SDCI,SDCI,USCF SummerHaven Dynamic Commodity Strategy No K-1 Fund,avg_dollar_volume_30d_below_15m_usd,8595781.95,41
SDCP,SDCP,Virtus Newfleet Short Duration Core Plus Bond ETF,avg_dollar_volume_30d_below_15m_usd,19295.18,41
SDD,SDD,ProShares UltraShort SmallCap600,avg_dollar_volume_30d_below_15m_usd,12773.22,41
SDEM,SDEM,Global X MSCI SuperDividend Emerging Markets ETF,avg_dollar_volume_30d_below_15m_usd,108797.07,41
SDEV,SDEV,Stablecoin Development Corporation Common Stock,avg_dollar_volume_30d_below_15m_usd,1653803.81,41
SDFI,SDFI,AB Short Duration Income ETF,avg_dollar_volume_30d_below_15m_usd,1064399.5,41
SDG,SDG,iShares MSCI Global Sustainable Development Goals ETF,avg_dollar_volume_30d_below_15m_usd,487834.76,40
SDHC,SDHC,Smith Douglas Homes Corp. Class A Common Stock,avg_dollar_volume_30d_below_15m_usd,1143465.99,41
SDIV,SDIV,Global X SuperDividend ETF,avg_dollar_volume_30d_below_15m_usd,11865794.09,41
SDMF,SDMF,Simplify DBi CTA Managed Futures Index ETF,avg_dollar_volume_30d_below_15m_usd,679433.08,41
SDOG,SDOG,ALPS Sector Dividend Dogs ETF,avg_dollar_volume_30d_below_15m_usd,4850746.72,41
SDP,SDP,ProShares UltraShort Utilities,avg_dollar_volume_30d_below_15m_usd,63576.16,41
SDSI,SDSI,American Century Short Duration Strategic Income ETF,avg_dollar_volume_30d_below_15m_usd,1309065.47,41
SDST,SDST,Stardust Power Inc. - Common Stock,avg_dollar_volume_30d_below_15m_usd,427929.8,41
SDTY,SDTY,YieldMax S&P 500 0DTE Covered Call Strategy ETF,avg_dollar_volume_30d_below_15m_usd,674631.75,41
SDVD,SDVD,FT Vest SMID Rising Dividend Achievers Target Income ETF,avg_dollar_volume_30d_below_15m_usd,3882974.26,41
SEA,SEA,U.S. Global Sea to Sky Cargo ETF,avg_dollar_volume_30d_below_15m_usd,326988.63,41
SEAT,SEAT,Vivid Seats Inc. - Class A common stock,avg_dollar_volume_30d_below_15m_usd,755138.45,41
SECR,SECR,NYLI MacKay Securitized Income ETF,avg_dollar_volume_30d_below_15m_usd,58855.84,41
SECT,SECT,Main Sector Rotation ETF,avg_dollar_volume_30d_below_15m_usd,6568310.0,41
SECU,SECU,iShares Securitized Income Active ETF,avg_dollar_volume_30d_below_15m_usd,7146635.59,41
SEED,SEED,Origin Agritech Limited - Ordinary Shares,avg_dollar_volume_30d_below_15m_usd,26025.29,41
SEEM,SEEM,SEI Select Emerging Markets Equity ETF,avg_dollar_volume_30d_below_15m_usd,1995220.75,41
SEER,SEER,"Seer, Inc. - Class A Common Stock",avg_dollar_volume_30d_below_15m_usd,2944117.86,41
SEF,SEF,ProShares Short Financials,avg_dollar_volume_30d_below_15m_usd,202984.76,41
SEG,SEG,Seaport Entertainment Group Inc. Common Stock,avg_dollar_volume_30d_below_15m_usd,1848477.09,41
SEGG,SEGG,Sports Entertainment Gaming Global Corporation  - Common Stock,avg_dollar_volume_30d_below_15m_usd,1482418.34,41
SEIE,SEIE,SEI Select International Equity ETF,avg_dollar_volume_30d_below_15m_usd,3454819.99,41
SEIM,SEIM,SEI Enhanced U.S. Large Cap Momentum Factor ETF,avg_dollar_volume_30d_below_15m_usd,4696040.04,41
SEIQ,SEIQ,SEI Enhanced U.S. Large Cap Quality Factor ETF,avg_dollar_volume_30d_below_15m_usd,1679864.73,41
SEIS,SEIS,SEI Select Small Cap ETF,avg_dollar_volume_30d_below_15m_usd,1481646.02,41
SEIV,SEIV,SEI Enhanced U.S. Large Cap Value Factor ETF,avg_dollar_volume_30d_below_15m_usd,4702692.63,41
SEIX,SEIX,Virtus Seix Senior Loan ETF,avg_dollar_volume_30d_below_15m_usd,1822138.64,41
SELF,SELF,"Global Self Storage, Inc. - Common Stock",avg_dollar_volume_30d_below_15m_usd,78599.43,41
SELV,SELV,SEI Enhanced Low Volatility U.S. Large Cap ETF,avg_dollar_volume_30d_below_15m_usd,622121.45,41
SEMG,SEMG,Suncoast Select Growth ETF,avg_dollar_volume_30d_below_15m_usd,162530.76,41
SEMI,SEMI,Columbia Select Technology ETF,avg_dollar_volume_30d_below_15m_usd,396703.79,41
SEMY,SEMY,GraniteShares YieldBOOST Semiconductor ETF,avg_dollar_volume_30d_below_15m_usd,3268269.81,41
SENEB,SENEB,Seneca Foods Corp. - Class B Common Stock,avg_dollar_volume_30d_below_15m_usd,22989.13,40
SENS,SENS,"Senseonics Holdings, Inc. - Common Stock",avg_dollar_volume_30d_below_15m_usd,4839506.12,41
SEPI,SEPI,Shelton Equity Premium Income ETF,avg_dollar_volume_30d_below_15m_usd,1558462.27,41
SEPM,SEPM,FT Vest U.S. Equity Max Buffer ETF - September,avg_dollar_volume_30d_below_15m_usd,31355.66,41
SEPP,SEPP,PGIM S&P 500 Buffer 12 ETF - September,avg_dollar_volume_30d_below_15m_usd,91220.77,41
SEPT,SEPT,AllianzIM U.S. Large Cap Buffer10 Sep ETF,avg_dollar_volume_30d_below_15m_usd,2475742.84,41
SEPU,SEPU,AllianzIM U.S. Equity Buffer15 Uncapped Sep ETF,avg_dollar_volume_30d_below_15m_usd,769670.18,41
SEPW,SEPW,AllianzIM U.S. Large Cap Buffer20 Sep ETF,avg_dollar_volume_30d_below_15m_usd,343474.83,41
SEPZ,SEPZ,TrueShares Structured Outcome (September) ETF,avg_dollar_volume_30d_below_15m_usd,568095.01,41
SER,SER,"Serina Therapeutics, Inc. Common Stock",avg_dollar_volume_30d_below_15m_usd,207054.35,41
SERA,SERA,"Sera Prognostics, Inc. - Class A Common Stock",avg_dollar_volume_30d_below_15m_usd,80958.52,41
SES,SES,SES AI Corporation Class A Common Stock,avg_dollar_volume_30d_below_15m_usd,10499453.05,41
SETH,SETH,ProShares Short Ether ETF,avg_dollar_volume_30d_below_15m_usd,2482927.45,41
SETM,SETM,Sprott Critical Materials ETF,avg_dollar_volume_30d_below_15m_usd,7046360.12,41
SEV,SEV,Aptera Motors Corp. - Class B Common Stock,avg_dollar_volume_30d_below_15m_usd,494685.6,41
SFBC,SFBC,"Sound Financial Bancorp, Inc. - Common Stock",avg_dollar_volume_30d_below_15m_usd,583520.43,40
SFEB,SFEB,FT Vest U.S. Small Cap Moderate Buffer ETF - February,avg_dollar_volume_30d_below_15m_usd,102350.13,41
SFGV,SFGV,Sequoia Global Value ETF,avg_dollar_volume_30d_below_15m_usd,488309.97,40
SFHG,SFHG,Samfine Creation Holdings Group Limited - Class A Ordinary Share,avg_dollar_volume_30d_below_15m_usd,45985.4,41
SFIX,SFIX,"Stitch Fix, Inc. - Class A Common Stock",avg_dollar_volume_30d_below_15m_usd,9542023.89,41
SFLO,SFLO,VictoryShares Small Cap Free Cash Flow ETF,avg_dollar_volume_30d_below_15m_usd,2109412.35,41
SFLR,SFLR,Innovator Equity Managed Floor ETF,avg_dollar_volume_30d_below_15m_usd,9843809.65,41
SFST,SFST,"Southern First Bancshares, Inc. - Common Stock",avg_dollar_volume_30d_below_15m_usd,8735811.93,41
SFTX,SFTX,Horizon International Managed Risk ETF,avg_dollar_volume_30d_below_15m_usd,6190124.33,41
SFTY,SFTY,Horizon Managed Risk ETF,avg_dollar_volume_30d_below_15m_usd,4182090.89,41
SFWL,SFWL,Shengfeng Development Limited - Class A Ordinary Shares,avg_dollar_volume_30d_below_15m_usd,24357.45,40
SFY,SFY,SoFi Select 500 ETF,avg_dollar_volume_30d_below_15m_usd,3065597.47,41
SFYF,SFYF,SoFi Social 50 ETF,avg_dollar_volume_30d_below_15m_usd,259523.19,41
SFYI,SFYI,SoFi Social 50 Income ETF,avg_dollar_volume_30d_below_15m_usd,172662.67,3
SGA,SGA,"Saga Communications, Inc. - Class A Common Stock",avg_dollar_volume_30d_below_15m_usd,162070.57,41
SGC,SGC,"Superior Group of Companies, Inc. - Common Stock",avg_dollar_volume_30d_below_15m_usd,688657.92,41
SGDJ,SGDJ,Sprott Junior Gold Miners ETF,avg_dollar_volume_30d_below_15m_usd,5047064.75,41
SGDM,SGDM,Sprott Gold Miners ETF,avg_dollar_volume_30d_below_15m_usd,3162942.44,41
SGHT,SGHT,"Sight Sciences, Inc. - Common Stock",avg_dollar_volume_30d_below_15m_usd,945773.1,41
SGLC,SGLC,SGI U.S. Large Cap Core ETF,avg_dollar_volume_30d_below_15m_usd,491141.86,41
SGLY,SGLY,Singularity Future Technology Ltd. - Common Stock,avg_dollar_volume_30d_below_15m_usd,47197.05,41
SGMT,SGMT,Sagimet Biosciences Inc. - Series A Common Stock,avg_dollar_volume_30d_below_15m_usd,8452680.98,41
SGP,SGP,"SpyGlass Pharma, Inc. - Common Stock",avg_dollar_volume_30d_below_15m_usd,2606047.24,41
SGRP,SGRP,"SPAR Group, Inc. - Common Stock",avg_dollar_volume_30d_below_15m_usd,63724.85,41
SGRT,SGRT,SMART Earnings Growth 30 ETF,avg_dollar_volume_30d_below_15m_usd,2500799.63,41
SGRW,SGRW,Harbor Active Small Cap Growth ETF,avg_dollar_volume_30d_below_15m_usd,51968.91,41
SGU,SGU,Star Group L.P. Common Stock,avg_dollar_volume_30d_below_15m_usd,298896.84,41
SGVA,SGVA,F/m Accumulator Ultrashort Treasury Fund,avg_dollar_volume_30d_below_15m_usd,6382656.75,19
SHAG,SHAG,WisdomTree Yield Enhanced U.S. Short-Term Aggregate Bond Fund,avg_dollar_volume_30d_below_15m_usd,124821.64,41
SHBI,SHBI,"Shore Bancshares, Inc. - Common Stock",avg_dollar_volume_30d_below_15m_usd,5129389.67,41
SHDG,SHDG,Soundwatch Hedged Equity ETF,avg_dollar_volume_30d_below_15m_usd,199312.5,41
SHE,SHE,State Street SPDR MSCI USA Gender Diversity ETF,avg_dollar_volume_30d_below_15m_usd,501450.19,41
SHEH,SHEH,Shell plc ADRhedged,avg_dollar_volume_30d_below_15m_usd,233026.58,41
SHEN,SHEN,Shenandoah Telecommunications Co - Common Stock,avg_dollar_volume_30d_below_15m_usd,6187687.06,41
SHFS,SHFS,"SHF Holdings, Inc. - Class A Common Stock",avg_dollar_volume_30d_below_15m_usd,1791174.3,41
SHIM,SHIM,Shimmick Corporation - Common Stock,avg_dollar_volume_30d_below_15m_usd,632650.81,41
SHIP,SHIP,Seanergy Maritime Holdings Corp. - Common Stock,avg_dollar_volume_30d_below_15m_usd,3405521.66,41
SHM,SHM,State Street SPDR Nuveen ICE Short Term Municipal Bond ETF,avg_dollar_volume_30d_below_15m_usd,8289530.69,41
SHMD,SHMD,SCHMID Group N.V. - Class A Ordinary Shares,avg_dollar_volume_30d_below_15m_usd,6002145.41,41
SHOC,SHOC,Strive U.S. Semiconductor ETF,avg_dollar_volume_30d_below_15m_usd,3260406.12,41
SHOE,SHOE,"Shoe Station Group, Inc. - Common Stock",avg_dollar_volume_30d_below_15m_usd,9425031.92,41
SHPH,SHPH,"Shuttle Pharmaceuticals Holdings, Inc. - common stock",avg_dollar_volume_30d_below_15m_usd,6661919.58,41
SHPP,SHPP,Pacer Industrials and Logistics ETF,avg_dollar_volume_30d_below_15m_usd,5083.65,41
SHPU,SHPU,Direxion Daily SHOP Bull 2X ETF,avg_dollar_volume_30d_below_15m_usd,2275517.2,41
SHRD,SHRD,Arimathea Catholic Core Bond ETF,avg_dollar_volume_30d_below_15m_usd,665378.47,18
SHRT,SHRT,Gotham Short Strategies ETF,avg_dollar_volume_30d_below_15m_usd,22337.58,41
SHRY,SHRY,First Trust Bloomberg Shareholder Yield ETF,avg_dollar_volume_30d_below_15m_usd,38916.0,40
SHUS,SHUS,Stratified LargeCap Hedged ETF,avg_dollar_volume_30d_below_15m_usd,4690.27,40
SHYD,SHYD,VanEck Short High Yield Muni ETF,avg_dollar_volume_30d_below_15m_usd,2573683.72,41
SHYL,SHYL,Xtrackers Short Duration High Yield Bond ETF,avg_dollar_volume_30d_below_15m_usd,1258690.34,41
SHYM,SHYM,iShares Short Duration High Yield Muni Active ETF,avg_dollar_volume_30d_below_15m_usd,5296171.66,41
SI,SI,"Shoulder Innovations, Inc. Common Stock",avg_dollar_volume_30d_below_15m_usd,2540692.2,41
SIBN,SIBN,"SI-BONE, Inc. - Common Stock",avg_dollar_volume_30d_below_15m_usd,9178579.91,41
SID,SID,Companhia Siderurgica Nacional S.A. Common Stock,avg_dollar_volume_30d_below_15m_usd,5165380.05,41
SIEB,SIEB,Siebert Financial Corp. - Common Stock,avg_dollar_volume_30d_below_15m_usd,176709.81,41
SIF,SIF,"SIFCO Industries, Inc. Common Stock",avg_dollar_volume_30d_below_15m_usd,2448648.21,41
SIFI,SIFI,Harbor Ares Systematic Multi-Sector Income ETF,avg_dollar_volume_30d_below_15m_usd,10464.64,41
SIGA,SIGA,SIGA Technologies Inc. - Common Stock,avg_dollar_volume_30d_below_15m_usd,2125544.54,41
SIHY,SIHY,Harbor Ares Systematic High Yield ETF,avg_dollar_volume_30d_below_15m_usd,930875.01,41
SIJ,SIJ,ProShares UltraShort Industrials,avg_dollar_volume_30d_below_15m_usd,112395.59,41
SILC,SILC,Silicom Ltd - Ordinary Shares,avg_dollar_volume_30d_below_15m_usd,7343337.46,41
SILO,SILO,"Silo Pharma, Inc. - Common Stock",avg_dollar_volume_30d_below_15m_usd,1508230.22,41
SIMS,SIMS,State Street SPDR S&P Kensho Intelligent Structures ETF,avg_dollar_volume_30d_below_15m_usd,35615.16,41
SIMX,SIMX,Corgi SIMO 2x Daily ETF,avg_dollar_volume_30d_below_15m_usd,336112.5,11
SIND,SIND,Sinda Ltd. Common Stock,avg_dollar_volume_30d_below_15m_usd,4839816.19,9
SINT,SINT,"SiNtx Technologies, Inc. - Common Stock",avg_dollar_volume_30d_below_15m_usd,136181.84,41
SIO,SIO,Touchstone Strategic Income ETF,avg_dollar_volume_30d_below_15m_usd,745892.48,41
SIOO,SIOO,VistaShares Target 15 S&P 100 Distribution ETF,avg_dollar_volume_30d_below_15m_usd,195853.46,40
SITC,SITC,SITE Centers Corp. Common Stock,avg_dollar_volume_30d_below_15m_usd,4691172.57,41
SIXA,SIXA,ETC 6 Meridian Mega Cap Equity ETF,avg_dollar_volume_30d_below_15m_usd,427703.95,41
SIXD,SIXD,AllianzIM U.S. Large Cap 6 Month Buffer10 Jun/Dec ETF,avg_dollar_volume_30d_below_15m_usd,12945906.36,41
SIXF,SIXF,AllianzIM U.S. Large Cap 6 Month Buffer10 Feb/Aug ETF,avg_dollar_volume_30d_below_15m_usd,64839.56,41
SIXH,SIXH,ETC 6 Meridian Hedged Equity Index Option ETF,avg_dollar_volume_30d_below_15m_usd,440639.09,41
SIXJ,SIXJ,AllianzIM U.S. Large Cap 6 Month Buffer10 Jan/Jul ETF,avg_dollar_volume_30d_below_15m_usd,1079898.33,41
SIXL,SIXL,ETC 6 Meridian Low Beta Equity ETF,avg_dollar_volume_30d_below_15m_usd,132390.14,41
SIXO,SIXO,AllianzIM U.S. Large Cap 6 Month Buffer10 Apr/Oct ETF,avg_dollar_volume_30d_below_15m_usd,559426.95,41
SIXP,SIXP,AllianzIM U.S. Large Cap 6 Month Buffer10 Mar/Sep ETF,avg_dollar_volume_30d_below_15m_usd,225904.79,41
SIXS,SIXS,ETC 6 Meridian Small Cap Equity ETF,avg_dollar_volume_30d_below_15m_usd,120583.45,41
SIXZ,SIXZ,AllianzIM U.S. Large Cap 6 Month Buffer10 May/Nov ETF,avg_dollar_volume_30d_below_15m_usd,10657722.87,41
SIZE,SIZE,iShares MSCI USA Size Factor ETF,avg_dollar_volume_30d_below_15m_usd,1029437.01,41
SJ,SJ,Scienjoy Holding Corporation - Class A Ordinary Shares,avg_dollar_volume_30d_below_15m_usd,70673.58,41
SJB,SJB,ProShares Short High Yield,avg_dollar_volume_30d_below_15m_usd,2207942.87,41
SJCP,SJCP,SanJac Alpha Core Plus Bond ETF,avg_dollar_volume_30d_below_15m_usd,174475.76,40
SJLD,SJLD,SanJac Alpha Low Duration ETF,avg_dollar_volume_30d_below_15m_usd,6885.27,40
SKF,SKF,ProShares UltraShort Financials,avg_dollar_volume_30d_below_15m_usd,392846.38,41
SKIL,SKIL,Skillsoft Corp. Class A Common Stock,avg_dollar_volume_30d_below_15m_usd,874494.78,41
SKIN,SKIN,SkinHealth Systems Inc. - Class A Common Stock,avg_dollar_volume_30d_below_15m_usd,4291425.28,41
SKK,SKK,SKK Holdings Limited - Class A Ordinary Shares,avg_dollar_volume_30d_below_15m_usd,120041.2,41
SKOR,SKOR,FlexShares Credit-Scored US Corporate Bond Index Fund,avg_dollar_volume_30d_below_15m_usd,2987888.77,41
SKRE,SKRE,Tuttle Capital Daily 2X Inverse Regional Banks ETF,avg_dollar_volume_30d_below_15m_usd,273694.31,41
SKYA,SKYA,"SkyAI, Inc. - Common Stock",avg_dollar_volume_30d_below_15m_usd,459274.83,41
SKYE,SKYE,"Skye Bioscience, Inc. - Common Stock",avg_dollar_volume_30d_below_15m_usd,113973.25,41
SKYH,SKYH,Sky Harbour Group Corporation Class A Common Stock,avg_dollar_volume_30d_below_15m_usd,1568785.76,41
SKYU,SKYU,ProShares Ultra Cloud Computing,avg_dollar_volume_30d_below_15m_usd,162582.11,40
SKYX,SKYX,SKYX Platforms Corp. - Common Stock,avg_dollar_volume_30d_below_15m_usd,1684548.5,41
SLBT,SLBT,SL Science Holding Limited - Ordinary Shares,avg_dollar_volume_30d_below_15m_usd,11552327.9,41
SLDR,SLDR,Global X Short-Term Treasury Ladder ETF,avg_dollar_volume_30d_below_15m_usd,1258866.23,41
SLE,SLE,"Super League Enterprise, Inc. - Common Stock",avg_dollar_volume_30d_below_15m_usd,170715.57,40
SLGB,SLGB,Smart Logistics Global Limited - Ordinary Shares,avg_dollar_volume_30d_below_15m_usd,2424569.82,41
SLGL,SLGL,Sol-Gel Technologies Ltd. - Ordinary Shares,avg_dollar_volume_30d_below_15m_usd,2451688.31,41
SLI,SLI,Standard Lithium Ltd. Common Shares,avg_dollar_volume_30d_below_15m_usd,5916066.69,41
SLJY,SLJY,Amplify SILJ Junior Silver Miners Covered Call ETF,avg_dollar_volume_30d_below_15m_usd,1623670.44,41
SLMT,SLMT,Brera Holdings PLC - Class B Ordinary Shares,avg_dollar_volume_30d_below_15m_usd,527659.63,41
SLND,SLND,"Southland Holdings, Inc. Common Stock",avg_dollar_volume_30d_below_15m_usd,163188.95,41
SLNG,SLNG,"Stabilis Solutions, Inc. - Common Stock",avg_dollar_volume_30d_below_15m_usd,235526.23,41
SLNZ,SLNZ,TCW Senior Loan ETF,avg_dollar_volume_30d_below_15m_usd,287039.76,41
SLON,SLON,ProShares Ultra Solana ETF,avg_dollar_volume_30d_below_15m_usd,1172116.0,41
SLP,SLP,"Simulations Plus, Inc. - Common Stock",avg_dollar_volume_30d_below_15m_usd,8981324.24,41
SLQD,SLQD,iShares 0-5 Year Investment Grade Corporate Bond ETF,avg_dollar_volume_30d_below_15m_usd,10085264.15,41
SLQT,SLQT,"SelectQuote, Inc. Common Stock",avg_dollar_volume_30d_below_15m_usd,1760430.58,41
SLSN,SLSN,"Solesence, Inc. - Common stock",avg_dollar_volume_30d_below_15m_usd,103514.88,41
SLSR,SLSR,Solaris Resources Inc. Common Shares,avg_dollar_volume_30d_below_15m_usd,1332264.98,41
SLTY,SLTY,YieldMax Ultra Short Option Income Strategy ETF,avg_dollar_volume_30d_below_15m_usd,514529.12,41
SLVM,SLVM,Sylvamo Corporation Common Stock,avg_dollar_volume_30d_below_15m_usd,14510546.4,41
SLVP,SLVP,iShares MSCI Global Silver and Metals Miners ETF,avg_dollar_volume_30d_below_15m_usd,10940260.58,41
SLVR,SLVR,Sprott Silver Miners & Physical Silver ETF,avg_dollar_volume_30d_below_15m_usd,8826239.17,41
SLVX,SLVX,Nicholas Silver Income ETF,avg_dollar_volume_30d_below_15m_usd,189135.83,41
SLWS,SLWS,Wisdom Short Duration Income ETF,avg_dollar_volume_30d_below_15m_usd,134479.08,41
SLX,SLX,VanEck Steel ETF,avg_dollar_volume_30d_below_15m_usd,7215453.59,41
SLXN,SLXN,Silexion Therapeutics Corp - Ordinary Shares,avg_dollar_volume_30d_below_15m_usd,514466.23,41
SLYG,SLYG,State Street SPDR S&P 600 Small Cap Growth ETF,avg_dollar_volume_30d_below_15m_usd,14684492.05,41
SMAX,SMAX,iShares Large Cap Max Buffer Sep ETF,avg_dollar_volume_30d_below_15m_usd,235363.14,41
SMAY,SMAY,FT Vest U.S. Small Cap Moderate Buffer ETF - May,avg_dollar_volume_30d_below_15m_usd,438071.8,41
SMB,SMB,VanEck Short Muni ETF,avg_dollar_volume_30d_below_15m_usd,1170970.83,41
SMBC,SMBC,"Southern Missouri Bancorp, Inc. - Common Stock",avg_dollar_volume_30d_below_15m_usd,8930162.4,41
SMBK,SMBK,"SmartFinancial, Inc. Common Stock",avg_dollar_volume_30d_below_15m_usd,4958896.07,41
SMBS,SMBS,Schwab Mortgage-Backed Securities ETF,avg_dollar_volume_30d_below_15m_usd,14064984.48,41
SMC,SMC,Summit Midstream Corporation Common Stock,avg_dollar_volume_30d_below_15m_usd,1997231.5,41
SMCC,SMCC,Corgi SMCI 2x Daily ETF,avg_dollar_volume_30d_below_15m_usd,68602.56,7
SMCF,SMCF,Themes US Small Cap Cash Flow Champions ETF,avg_dollar_volume_30d_below_15m_usd,13133.7,40
SMCO,SMCO,Hilton Small-MidCap Opportunity ETF,avg_dollar_volume_30d_below_15m_usd,420995.25,41
SMCP,SMCP,SMART Mid Cap ETF,avg_dollar_volume_30d_below_15m_usd,78520.86,39
SMCY,SMCY,YieldMax SMCI Option Income Strategy ETF,avg_dollar_volume_30d_below_15m_usd,7288716.37,41
SMCZ,SMCZ,Defiance Daily Target 2X Short SMCI ETF,avg_dollar_volume_30d_below_15m_usd,14450091.93,41
SMDD,SMDD,UltraPro Short MidCap400,avg_dollar_volume_30d_below_15m_usd,56037.18,41
SMDV,SMDV,ProShares Russell 2000 Dividend Growers ETF,avg_dollar_volume_30d_below_15m_usd,3804384.93,41
SMDX,SMDX,Intech S&P Small-Mid Cap Diversified Alpha ETF,avg_dollar_volume_30d_below_15m_usd,5374.21,41
SMHI,SMHI,SEACOR Marine Holdings Inc. Common Stock ,avg_dollar_volume_30d_below_15m_usd,1100056.61,41
SMHX,SMHX,VanEck Fabless Semiconductor ETF,avg_dollar_volume_30d_below_15m_usd,10550387.82,41
SMID,SMID,Smith-Midland Corporation - Common Stock,avg_dollar_volume_30d_below_15m_usd,437650.27,41
SMIG,SMIG,Bahl & Gaynor Small/Mid Cap Income Growth ETF,avg_dollar_volume_30d_below_15m_usd,7401489.16,41
SMIN,SMIN,Ishares MSCI India Small Cap ETF,avg_dollar_volume_30d_below_15m_usd,13014067.41,41
SMIZ,SMIZ,Zacks Small/Mid Cap ETF,avg_dollar_volume_30d_below_15m_usd,1483188.22,41
SMJF,SMJF,SMJ International Holdings Inc. Class A Ordinary Shares,avg_dollar_volume_30d_below_15m_usd,3389095.77,41
SMLL,SMLL,Harbor Active Small Cap ETF,avg_dollar_volume_30d_below_15m_usd,48441.29,41
SMLV,SMLV,State Street SPDR US Small Cap Low Volatility Index ETF,avg_dollar_volume_30d_below_15m_usd,526977.74,41
SMMU,SMMU,Short Term Municipal Bond Active Exchange-Traded Fund,avg_dollar_volume_30d_below_15m_usd,5649660.98,41
SMMV,SMMV,iShares MSCI USA Small-Cap Min Vol Factor ETF,avg_dollar_volume_30d_below_15m_usd,458679.91,41
SMN,SMN,ProShares UltraShort Materials,avg_dollar_volume_30d_below_15m_usd,159936.48,41
SMOG,SMOG,VanEck Low Carbon Energy ETF,avg_dollar_volume_30d_below_15m_usd,518961.01,41
SMOM,SMOM,Symmetry Panoramic Sector Momentum ETF,avg_dollar_volume_30d_below_15m_usd,163195.97,40
SMOT,SMOT,VanEck Morningstar SMID Moat ETF,avg_dollar_volume_30d_below_15m_usd,916290.18,41
SMOX,SMOX,Horizon Small/Mid Cap Core Equity ETF,avg_dollar_volume_30d_below_15m_usd,596342.67,41
SMP,SMP,"Standard Motor Products, Inc. Common Stock",avg_dollar_volume_30d_below_15m_usd,6046148.09,41
SMRF,SMRF,"ALPS Nautilus SMR, Nuclear & Technology ETF",avg_dollar_volume_30d_below_15m_usd,390922.85,41
SMRI,SMRI,Bushido Capital US Equity ETF,avg_dollar_volume_30d_below_15m_usd,366806.24,41
SMRT,SMRT,"SmartRent, Inc. Class A Common Stock",avg_dollar_volume_30d_below_15m_usd,2682884.33,41
SMSI,SMSI,"Smith Micro Software, Inc. - Common Stock",avg_dollar_volume_30d_below_15m_usd,1200400.56,41
SMTG,SMTG,Leverage Shares 2X Long SMTC Daily ETF,avg_dollar_volume_30d_below_15m_usd,49862.88,12
SMTH,SMTH,ALPS Smith Core Plus Bond ETF,avg_dollar_volume_30d_below_15m_usd,10919988.6,41
SMTI,SMTI,Sanara MedTech Inc. - Common Stock,avg_dollar_volume_30d_below_15m_usd,1293784.96,41
SMTK,SMTK,"SmartKem, Inc. - Common Stock",avg_dollar_volume_30d_below_15m_usd,12024483.31,41
SMUP,SMUP,T-REX 2X Long SMR Daily Target ETF,avg_dollar_volume_30d_below_15m_usd,2340211.16,41
SMWB,SMWB,Similarweb Ltd. Ordinary Shares,avg_dollar_volume_30d_below_15m_usd,4746465.05,41
SMX,SMX,SMX (Security Matters) Public Limited Company - Ordinary Shares,avg_dollar_volume_30d_below_15m_usd,1107015.98,41
SMXT,SMXT,Solarmax Technology Inc. - Common Stock,avg_dollar_volume_30d_below_15m_usd,858627.02,41
SMYY,SMYY,GraniteShares YieldBOOST SMCI ETF,avg_dollar_volume_30d_below_15m_usd,259614.04,41
SMZ,SMZ,Tradr 2X Short SMR Daily ETF,avg_dollar_volume_30d_below_15m_usd,1303237.54,41
SNAG,SNAG,Leverage Shares 2x Long SNAP Daily ETF,avg_dollar_volume_30d_below_15m_usd,320511.38,41
SNAL,SNAL,"Snail, Inc. - Class A Common Stock",avg_dollar_volume_30d_below_15m_usd,560789.6,41
SNAV,SNAV,Mohr Sector Nav ETF,avg_dollar_volume_30d_below_15m_usd,86702.28,41
SND,SND,"Smart Sand, Inc. - Common Stock",avg_dollar_volume_30d_below_15m_usd,2520091.79,41
SNDC,SNDC,Corgi SNDK 2x Daily ETF,avg_dollar_volume_30d_below_15m_usd,617283.26,9
SNDL,SNDL,SNDL Inc. - Common Shares,avg_dollar_volume_30d_below_15m_usd,3013544.22,41
SNES,SNES,"SenesTech, Inc. - Common Stock",avg_dollar_volume_30d_below_15m_usd,72205.75,41
SNFCA,SNFCA,Security National Financial Corporation - Class A Common Stock,avg_dollar_volume_30d_below_15m_usd,376196.0,37
SNGX,SNGX,"Soligenix, Inc. - Common Stock",avg_dollar_volume_30d_below_15m_usd,9119295.69,41
SNOA,SNOA,"Sonoma Pharmaceuticals, Inc. - Common Stock",avg_dollar_volume_30d_below_15m_usd,182124.65,41
SNOU,SNOU,T-REX 2X Long SNOW Daily Target ETF,avg_dollar_volume_30d_below_15m_usd,10877881.48,41
SNOV,SNOV,FT Vest U.S. Small Cap Moderate Buffer ETF - November,avg_dollar_volume_30d_below_15m_usd,165788.78,41
SNOY,SNOY,YieldMax SNOW Option Income Strategy ETF,avg_dollar_volume_30d_below_15m_usd,1056615.28,41
SNPD,SNPD,Xtrackers S&P Dividend Aristocrats Screened ETF,avg_dollar_volume_30d_below_15m_usd,27845.09,41
SNPG,SNPG,Xtrackers S&P 500 Growth Scored & Screened ETF,avg_dollar_volume_30d_below_15m_usd,30022.76,41
SNSR,SNSR,Global X Internet of Things ETF,avg_dollar_volume_30d_below_15m_usd,1147298.52,41
SNT,SNT,Senstar Technologies Corporation - Common Shares,avg_dollar_volume_30d_below_15m_usd,95904.85,41
SNTG,SNTG,Sentage Holdings Inc. - Class A Ordinary Shares,avg_dollar_volume_30d_below_15m_usd,127015.45,41
SNTH,SNTH,MRP SynthEquity ETF,avg_dollar_volume_30d_below_15m_usd,3319033.61,41
SNTI,SNTI,"Senti Biosciences Holdings, Inc. - Common Stock",avg_dollar_volume_30d_below_15m_usd,169989.93,41
SNTQ,SNTQ,MRP SynthEquity Nasdaq 100 ETF,avg_dollar_volume_30d_below_15m_usd,5210486.72,2
SNWV,SNWV,"SANUWAVE Health, Inc. - Common Stock",avg_dollar_volume_30d_below_15m_usd,1824998.87,41
SNYR,SNYR,Synergy CHC Corp. - Common Stock,avg_dollar_volume_30d_below_15m_usd,1255517.62,41
SOAR,SOAR,"Volato Group, Inc. Class A Common Stock",avg_dollar_volume_30d_below_15m_usd,11093995.92,41
SOBR,SOBR,"SOBR Safe, Inc. - Common Stock",avg_dollar_volume_30d_below_15m_usd,151784.29,41
SOCL,SOCL,Global X Social Media ETF,avg_dollar_volume_30d_below_15m_usd,542133.04,41
SOEZ,SOEZ,Franklin Solana ETF,avg_dollar_volume_30d_below_15m_usd,159217.08,41
SOFA,SOFA,Direxion Daily SOFI Bull 2X ETF,avg_dollar_volume_30d_below_15m_usd,1309977.0,41
SOFR,SOFR,Amplify Samsung SOFR ETF,avg_dollar_volume_30d_below_15m_usd,4096898.72,41
SOLC,SOLC,Canary Marinade Solana ETF,avg_dollar_volume_30d_below_15m_usd,33696.77,40
SOLM,SOLM,Amplify Solana 3% Monthly Option Income ETF,avg_dollar_volume_30d_below_15m_usd,41307.99,41
SOLZ,SOLZ,Solana ETF,avg_dollar_volume_30d_below_15m_usd,7663048.32,41
SONM,SONM,"DNA X, Inc. - Common Stock",avg_dollar_volume_30d_below_15m_usd,144347.02,40
SOPH,SOPH,SOPHiA GENETICS SA - Ordinary Shares,avg_dollar_volume_30d_below_15m_usd,1521292.79,41
SORA,SORA,AsiaStrategy - Ordinary Shares,avg_dollar_volume_30d_below_15m_usd,25151.1,41
SOS,SOS,SOS Limited Class A Ordinary Shares,avg_dollar_volume_30d_below_15m_usd,29692.26,41
SOTK,SOTK,Sono-Tek Corporation - Common Stock,avg_dollar_volume_30d_below_15m_usd,262522.82,41
SOUX,SOUX,Defiance Daily Target 2X Long SOUN ETF,avg_dollar_volume_30d_below_15m_usd,2276863.71,41
SOVF,SOVF,Sovereign's Capital Flourish Fund,avg_dollar_volume_30d_below_15m_usd,175437.74,41
SOWG,SOWG,Sow Good Inc. - Common Stock,avg_dollar_volume_30d_below_15m_usd,390808.23,40
SOXY,SOXY,YieldMax Target 12 Semiconductor Option Income ETF,avg_dollar_volume_30d_below_15m_usd,2296318.52,41
SOYB,SOYB,Teucrium Soybean Fund ETV,avg_dollar_volume_30d_below_15m_usd,2590360.33,41
SPAI,SPAI,Safe Pro Group Inc. - Common Stock,avg_dollar_volume_30d_below_15m_usd,1328454.94,41
SPAM,SPAM,Themes Cybersecurity ETF,avg_dollar_volume_30d_below_15m_usd,157937.04,40
SPAQ,SPAQ,Horizon Kinetics SPAC Active ETF,avg_dollar_volume_30d_below_15m_usd,11234.65,40
SPBC,SPBC,Simplify US Equity PLUS Bitcoin Strategy ETF,avg_dollar_volume_30d_below_15m_usd,257305.49,40
SPBU,SPBU,AllianzIM Buffer15 Uncapped Allocation ETF,avg_dollar_volume_30d_below_15m_usd,1037939.6,41
SPBW,SPBW,AllianzIM Buffer20 Allocation ETF,avg_dollar_volume_30d_below_15m_usd,341906.08,41
SPBX,SPBX,AllianzIM 6 Month Buffer10 Allocation ETF,avg_dollar_volume_30d_below_15m_usd,503105.42,41
SPCB,SPCB,"SuperCom, Ltd. - Ordinary Shares",avg_dollar_volume_30d_below_15m_usd,922934.25,41
SPCI,SPCI,Tuttle Capital Space Industry Income Blast ETF,avg_dollar_volume_30d_below_15m_usd,964829.76,41
SPCK,SPCK,SPAC and New Issue ETF,avg_dollar_volume_30d_below_15m_usd,189939.73,40
SPCT,SPCT,Liberty One Spectrum ETF,avg_dollar_volume_30d_below_15m_usd,183224.14,40
SPD,SPD,Simplify US Equity PLUS Downside Convexity ETF,avg_dollar_volume_30d_below_15m_usd,349103.73,41
SPDF,SPDF,Defender Risk Adaptive 500 ETF,avg_dollar_volume_30d_below_15m_usd,538168.83,41
SPDG,SPDG,State Street SPDR Portfolio S&P Sector Neutral Dividend ETF,avg_dollar_volume_30d_below_15m_usd,34506.47,41
SPDV,SPDV,AAM S&P 500 High Dividend Value ETF,avg_dollar_volume_30d_below_15m_usd,315940.43,41
SPEU,SPEU,State Street SPDR Portfolio Europe ETF,avg_dollar_volume_30d_below_15m_usd,1513893.87,41
SPFF,SPFF,Global X SuperIncome Preferred ETF,avg_dollar_volume_30d_below_15m_usd,703465.59,41
SPFI,SPFI,"South Plains Financial, Inc. - Common Stock",avg_dollar_volume_30d_below_15m_usd,6799057.95,41
SPGP,SPGP,Invesco S&P 500 GARP ETF,avg_dollar_volume_30d_below_15m_usd,7672645.17,41
SPH,SPH,"Suburban Propane Partners, L.P. Common Stock",avg_dollar_volume_30d_below_15m_usd,4510123.37,41
SPHL,SPHL,Springview Holdings Ltd - Ordinary shares,avg_dollar_volume_30d_below_15m_usd,9564780.3,41
SPIN,SPIN,State Street US Equity Premium Income ETF,avg_dollar_volume_30d_below_15m_usd,125657.05,41
SPIP,SPIP,State Street SPDR Portfolio TIPS ETF,avg_dollar_volume_30d_below_15m_usd,12078942.02,41
SPIT,SPIT,F/m Emerald Special Situations ETF,avg_dollar_volume_30d_below_15m_usd,180575.95,40
SPLS,SPLS,PIMCO US Stocks PLUS Active Bond Exchange-Traded Fund,avg_dollar_volume_30d_below_15m_usd,343533.75,41
SPMC,SPMC,"Sound Point Meridian Capital, Inc. Common Stock",avg_dollar_volume_30d_below_15m_usd,312913.21,41
SPOG,SPOG,Leverage Shares 2X Long SPOT Daily ETF,avg_dollar_volume_30d_below_15m_usd,278228.77,41
SPOK,SPOK,"Spok Holdings, Inc. - Common Stock",avg_dollar_volume_30d_below_15m_usd,1790582.53,41
SPPL,SPPL,SIMPPLE LTD. - Ordinary Shares,avg_dollar_volume_30d_below_15m_usd,5130197.59,40
SPPP,SPPP,Sprott Physical Platinum and Palladium Trust,avg_dollar_volume_30d_below_15m_usd,7697579.71,41
SPRB,SPRB,"Spruce Biosciences, Inc. - Common Stock",avg_dollar_volume_30d_below_15m_usd,3740904.23,41
SPRE,SPRE,SP Funds S&P Global REIT Sharia ETF,avg_dollar_volume_30d_below_15m_usd,1533217.68,41
SPRO,SPRO,"Spero Therapeutics, Inc. - Common Stock",avg_dollar_volume_30d_below_15m_usd,3460122.6,41
SPRU,SPRU,Spruce Power Holding Corporation Class A Common Stock,avg_dollar_volume_30d_below_15m_usd,122339.37,41
SPRX,SPRX,Spear Alpha ETF,avg_dollar_volume_30d_below_15m_usd,8871712.75,41
SPSK,SPSK,SP Funds Dow Jones Global Sukuk ETF,avg_dollar_volume_30d_below_15m_usd,7356418.32,41
SPT,SPT,"Sprout Social, Inc - Class A Common Stock",avg_dollar_volume_30d_below_15m_usd,10338909.05,41
SPTB,SPTB,State Street SPDR Portfolio Treasury ETF,avg_dollar_volume_30d_below_15m_usd,1209961.28,41
SPTE,SPTE,SP Funds S&P Global Technology ETF,avg_dollar_volume_30d_below_15m_usd,3821312.54,41
SPTU,SPTU,State Street SPDR Portfolio Ultra Short T-Bill ETF,avg_dollar_volume_30d_below_15m_usd,102027.85,40
SPTX,SPTX,"Seaport Therapeutics, Inc. - Common Stock",avg_dollar_volume_30d_below_15m_usd,4106942.73,41
SPUC,SPUC,Simplify US Equity Income ETF,avg_dollar_volume_30d_below_15m_usd,222472.73,41
SPUT,SPUT,Innovator Equity Premium Income - Daily PutWrite ETF,avg_dollar_volume_30d_below_15m_usd,70605.28,41
SPUU,SPUU,Direxion Daily S&P 500 Bull 2X ETF,avg_dollar_volume_30d_below_15m_usd,4633556.01,41
SPVM,SPVM,Invesco S&P 500 Value with Momentum ETF,avg_dollar_volume_30d_below_15m_usd,1262580.62,41
SPWH,SPWH,"Sportsman's Warehouse Holdings, Inc. - Common Stock",avg_dollar_volume_30d_below_15m_usd,709164.62,41
SPWO,SPWO,SP Funds S&P World (ex-US) ETF,avg_dollar_volume_30d_below_15m_usd,2194071.53,41
SPWR,SPWR,SunPower Inc. - Common Stock,avg_dollar_volume_30d_below_15m_usd,3416972.8,41
SPXD,SPXD,Xtrackers S&P 500 Diversified Sector Weight ETF,avg_dollar_volume_30d_below_15m_usd,30461.41,41
SPXE,SPXE,ProShares S&P 500 Ex-Energy ETF,avg_dollar_volume_30d_below_15m_usd,76927.28,41
SPXN,SPXN,ProShares S&P 500 Ex-Financials ETF,avg_dollar_volume_30d_below_15m_usd,108973.3,41
SPXT,SPXT,ProShares S&P 500 Ex-Technology ETF,avg_dollar_volume_30d_below_15m_usd,1897434.6,41
SPXV,SPXV,ProShares S&P 500 Ex-Health Care ETF,avg_dollar_volume_30d_below_15m_usd,93017.64,41
SPYA,SPYA,Twin Oak Endure ETF,avg_dollar_volume_30d_below_15m_usd,4889.01,41
SPYC,SPYC,Simplify US Equity PLUS Convexity ETF,avg_dollar_volume_30d_below_15m_usd,499898.78,41
SPYH,SPYH,NEOS S&P 500 Hedged Equity Income ETF,avg_dollar_volume_30d_below_15m_usd,605004.78,41
SPYQ,SPYQ,Tradr 2X Long SPY Quarterly ETF,avg_dollar_volume_30d_below_15m_usd,2794175.1,41
SPYT,SPYT,Defiance S&P 500 Target Income ETF,avg_dollar_volume_30d_below_15m_usd,2739673.83,41
SPYX,SPYX,State Street SPDR S&P 500 Fossil Fuel Reserves Free ETF,avg_dollar_volume_30d_below_15m_usd,4084550.44,41
SQLT,SQLT,iShares MSCI USA Small-Cap Quality Factor ETF,avg_dollar_volume_30d_below_15m_usd,11458.4,41
SQLV,SQLV,Royce Quant Small-Cap Quality Value ETF,avg_dollar_volume_30d_below_15m_usd,58230.58,40
SQMX,SQMX,FT Vest U.S. Equity Quarterly Max Buffer ETF,avg_dollar_volume_30d_below_15m_usd,386585.71,41
SQS,SQS,Sapient Quality Select ETF,avg_dollar_volume_30d_below_15m_usd,570742.14,40
SRBK,SRBK,"SR Bancorp, Inc. - Common stock",avg_dollar_volume_30d_below_15m_usd,823632.25,41
SRCE,SRCE,1st Source Corporation - Common Stock,avg_dollar_volume_30d_below_15m_usd,11316338.39,41
SRET,SRET,Global X SuperDividend REIT ETF,avg_dollar_volume_30d_below_15m_usd,754238.46,41
SRFM,SRFM,Surf Air Mobility Inc. Common Stock,avg_dollar_volume_30d_below_15m_usd,10152329.17,41
SRG,SRG,Seritage Growth Properties Class A Common Stock,avg_dollar_volume_30d_below_15m_usd,776762.16,41
SRHQ,SRHQ,SRH U.S. Quality GARP ETF,avg_dollar_volume_30d_below_15m_usd,12640.19,41
SRHR,SRHR,SRH REIT Covered Call ETF,avg_dollar_volume_30d_below_15m_usd,6085.99,41
SRI,SRI,"Stoneridge, Inc. Common Stock",avg_dollar_volume_30d_below_15m_usd,2193849.54,41
SROI,SROI,Calamos Antetokounmpo Global Sustainable Equities ETF,avg_dollar_volume_30d_below_15m_usd,23225.75,41
SRS,SRS,ProShares UltraShort Real Estate,avg_dollar_volume_30d_below_15m_usd,287233.99,41
SRTA,SRTA,"Strata Critical Medical, Inc. - Class A Common Stock",avg_dollar_volume_30d_below_15m_usd,6978762.92,41
SRTS,SRTS,"Sensus Healthcare, Inc. - Common Stock",avg_dollar_volume_30d_below_15m_usd,154391.5,41
SRVR,SRVR,Pacer Data & Infrastructure Real Estate ETF,avg_dollar_volume_30d_below_15m_usd,2756607.25,41
SRXH,SRXH,SRX Global Inc. Common Stock,avg_dollar_volume_30d_below_15m_usd,14478294.47,41
SRZN,SRZN,"Surrozen, Inc. - Common Stock",avg_dollar_volume_30d_below_15m_usd,3595805.06,41
SSBI,SSBI,Summit State Bank - Common Stock,avg_dollar_volume_30d_below_15m_usd,63793.43,40
SSCP,SSCP,SMART Small Cap ETF,avg_dollar_volume_30d_below_15m_usd,80600.65,39
SSFI,SSFI,Day Hagan Smart Sector Fixed Income ETF,avg_dollar_volume_30d_below_15m_usd,180446.63,41
SSG,SSG,ProShares UltraShort Semiconductors,avg_dollar_volume_30d_below_15m_usd,14497868.76,41
SSII,SSII,SS Innovations International Inc. - Common Stock,avg_dollar_volume_30d_below_15m_usd,248757.37,41
SSK,SSK,REX-Osprey SOL + Staking ETF,avg_dollar_volume_30d_below_15m_usd,702682.91,41
SSM,SSM,Sono Group N.V. - Ordinary Shares,avg_dollar_volume_30d_below_15m_usd,26690.13,41
SSMG,SSMG,Virtus Silvant Small/Mid Growth ETF,avg_dollar_volume_30d_below_15m_usd,8184.73,41
SSMR,SSMR,Sunshine Silver Mining & Refining Company Common Stock,avg_dollar_volume_30d_below_15m_usd,5089833.1,24
SSP,SSP,E.W. Scripps Company (The) - Class A Common Stock,avg_dollar_volume_30d_below_15m_usd,2243242.58,41
SSPY,SSPY,Stratified LargeCap Index ETF,avg_dollar_volume_30d_below_15m_usd,80157.95,41
SSS,SSS,CYBER HORNET S&P 500 and Solana 75/25 Strategy ETF,avg_dollar_volume_30d_below_15m_usd,76023.1,40
SST,SST,"System1, Inc. Class A Common Stock",avg_dollar_volume_30d_below_15m_usd,307900.04,41
SSTI,SSTI,"SoundThinking, Inc. - Common Stock",avg_dollar_volume_30d_below_15m_usd,1283376.22,41
SSTK,SSTK,"Shutterstock, Inc. Common Stock",avg_dollar_volume_30d_below_15m_usd,10875191.84,41
SSUS,SSUS,Day Hagan Smart Sector ETF,avg_dollar_volume_30d_below_15m_usd,1682597.15,41
SSXU,SSXU,Day Hagan Smart Sector International ETF,avg_dollar_volume_30d_below_15m_usd,370639.43,41
SSYS,SSYS,"Stratasys, Ltd. - Common Stock",avg_dollar_volume_30d_below_15m_usd,9968865.92,41
STAK,STAK,STAK Inc. - Class A Ordinary Shares,avg_dollar_volume_30d_below_15m_usd,9951697.21,41
STAX,STAX,Nomura Tax-Free USA Short Term ETF,avg_dollar_volume_30d_below_15m_usd,323399.54,41
STBA,STBA,"S&T Bancorp, Inc. - Common Stock",avg_dollar_volume_30d_below_15m_usd,12076635.56,41
STBF,STBF,Performance Trust Short Term Bond ETF,avg_dollar_volume_30d_below_15m_usd,554810.45,41
STBQ,STBQ,Amplify Stablecoin Technology Leaders ETF,avg_dollar_volume_30d_below_15m_usd,46095.07,40
STCE,STCE,Schwab Crypto Thematic ETF,avg_dollar_volume_30d_below_15m_usd,12497942.61,41
STEM,STEM,"Stem, Inc. Class A Common Stock",avg_dollar_volume_30d_below_15m_usd,1144959.1,41
STEN,STEN,iShares Large Cap 10% Target Buffer Sep ETF,avg_dollar_volume_30d_below_15m_usd,121449.84,41
STEX,STEX,Streamex Corp. - Common Stock,avg_dollar_volume_30d_below_15m_usd,2030323.73,41
STFS,STFS,Star Fashion Culture Holdings Limited - Class A Ordinary Shares,avg_dollar_volume_30d_below_15m_usd,1105110.19,41
STGW,STGW,Stagwell Inc. - Class A Common Stock,avg_dollar_volume_30d_below_15m_usd,10927240.74,41
STHH,STHH,STMicroelectronics NV ADRhedged,avg_dollar_volume_30d_below_15m_usd,761607.99,41
STIM,STIM,"Neuronetics, Inc. - Common Stock",avg_dollar_volume_30d_below_15m_usd,1952714.39,41
STKE,STKE,Sol Strategies Inc. - Common Shares,avg_dollar_volume_30d_below_15m_usd,558695.53,41
STKS,STKS,"The ONE Group Hospitality, Inc. - Common Stock",avg_dollar_volume_30d_below_15m_usd,49412.81,41
STLR,STLR,Stellar ETF,avg_dollar_volume_30d_below_15m_usd,71170.72,41
STLU,STLU,2x Stellar ETF,avg_dollar_volume_30d_below_15m_usd,943789.31,41
STNC,STNC,Hennessy Sustainable ETF,avg_dollar_volume_30d_below_15m_usd,64702.91,40
STOT,STOT,State Street DoubleLine Short Duration Total Return Tactical ETF,avg_dollar_volume_30d_below_15m_usd,2573341.21,41
STOX,STOX,Horizon Core Equity ETF,avg_dollar_volume_30d_below_15m_usd,619917.09,41
STPZ,STPZ,PIMCO 1-5 Year U.S. TIPS Index Exchange-Traded Fund,avg_dollar_volume_30d_below_15m_usd,3783209.89,41
STRN,STRN,SMART Trend 25 ETF,avg_dollar_volume_30d_below_15m_usd,418303.75,41
STRO,STRO,"Sutro Biopharma, Inc. - Common Stock",avg_dollar_volume_30d_below_15m_usd,11612949.52,41
STRR,STRR,"Star Equity Holdings, Inc. - Common Stock",avg_dollar_volume_30d_below_15m_usd,104075.3,40
STRS,STRS,Stratus Properties Inc. - Common Stock,avg_dollar_volume_30d_below_15m_usd,2164579.16,41
STRT,STRT,STRATTEC SECURITY CORPORATION - Common Stock,avg_dollar_volume_30d_below_15m_usd,7419662.34,41
STRW,STRW,"Strawberry Fields REIT, Inc. Common Stock",avg_dollar_volume_30d_below_15m_usd,420356.01,41
STRZ,STRZ,Starz Entertainment Corp. - Common Shares,avg_dollar_volume_30d_below_15m_usd,3926067.35,41
STSM,STSM,Defiance Daily Target 2X Short TSM ETF,avg_dollar_volume_30d_below_15m_usd,367641.82,41
STTK,STTK,"Shattuck Labs, Inc. - Common Stock",avg_dollar_volume_30d_below_15m_usd,8874285.64,41
STVN,STVN,Stevanato Group S.p.A. Ordinary Shares,avg_dollar_volume_30d_below_15m_usd,6250457.07,41
STXD,STXD,Strive 1000 Dividend Growth ETF,avg_dollar_volume_30d_below_15m_usd,219277.89,41
STXE,STXE,Strive Emerging Markets Ex-China ETF,avg_dollar_volume_30d_below_15m_usd,660510.24,41
STXF,STXF,Strive 500 ETF,avg_dollar_volume_30d_below_15m_usd,2606743.12,41
STXG,STXG,Strive 1000 Growth ETF,avg_dollar_volume_30d_below_15m_usd,361312.62,41
STXK,STXK,Strive Small-Cap ETF,avg_dollar_volume_30d_below_15m_usd,233347.14,41
STXL,STXL,Defiance Daily Target 2x Long STX ETF,avg_dollar_volume_30d_below_15m_usd,10130949.35,41
STXS,STXS,"Stereotaxis, Inc. Common Stock",avg_dollar_volume_30d_below_15m_usd,924183.77,41
STXT,STXT,Strive Total Return Bond ETF,avg_dollar_volume_30d_below_15m_usd,522063.98,41
STXU,STXU,Leverage Shares 2X Long STX Daily ETF,avg_dollar_volume_30d_below_15m_usd,1300499.6,40
STXV,STXV,Strive 1000 Value ETF,avg_dollar_volume_30d_below_15m_usd,239391.85,41
STXX,STXX,Tradr 2X Long STX Daily ETF,avg_dollar_volume_30d_below_15m_usd,5012596.68,41
STYL,STYL,Corgi Lifestyle Brands ETF,avg_dollar_volume_30d_below_15m_usd,31982.86,41
SUIG,SUIG,Sui Group Holdings Limited - Common Stock,avg_dollar_volume_30d_below_15m_usd,457932.78,41
SUIL,SUIL,2x Sui ETF,avg_dollar_volume_30d_below_15m_usd,85759.75,37
SUIS,SUIS,Canary Staked SUI ETF,avg_dollar_volume_30d_below_15m_usd,86443.73,40
SUJA,SUJA,"Suja Life, Inc. - Class A Common Stock",avg_dollar_volume_30d_below_15m_usd,3827998.7,41
SUPL,SUPL,ProShares Supply Chain Logistics ETF,avg_dollar_volume_30d_below_15m_usd,36402.9,41
SUPP,SUPP,TCW Transform Supply Chain ETF,avg_dollar_volume_30d_below_15m_usd,30827.11,40
SUPX,SUPX,SuperX AI Technology Limited - Ordinary Shares,avg_dollar_volume_30d_below_15m_usd,2374765.9,41
SURE,SURE,AdvisorShares Insider Advantage ETF,avg_dollar_volume_30d_below_15m_usd,76790.83,41
SURG,SURG,"SurgePays, Inc. - Common Stock",avg_dollar_volume_30d_below_15m_usd,4661424.88,41
SURI,SURI,Simplify Propel Opportunities ETF,avg_dollar_volume_30d_below_15m_usd,53070.34,41
SUSA,SUSA,iShares ESG Optimized MSCI USA ETF,avg_dollar_volume_30d_below_15m_usd,5657758.2,41
SUSB,SUSB,iShares ESG Aware 1-5 Year USD Corporate Bond ETF,avg_dollar_volume_30d_below_15m_usd,14776689.83,41
SUSC,SUSC,iShares ESG Aware USD Corporate Bond ETF,avg_dollar_volume_30d_below_15m_usd,11218614.2,41
SUSL,SUSL,iShares ESG MSCI USA Leaders ETF,avg_dollar_volume_30d_below_15m_usd,3012071.12,40
SVA,SVA,"Sinovac Biotech, Ltd. - Ordinary Shares (Antigua/Barbudo)",avg_dollar_volume_30d_below_15m_usd,0.0,37
SVAL,SVAL,iShares US Small Cap Value Factor ETF,avg_dollar_volume_30d_below_15m_usd,634473.37,41
SVCC,SVCC,Stellar V Capital Corp. - Class A Ordinary Shares,avg_dollar_volume_30d_below_15m_usd,68688.17,40
SVCO,SVCO,"Silvaco Group, Inc. - Common Stock",avg_dollar_volume_30d_below_15m_usd,8048650.74,41
SVOL,SVOL,Simplify Volatility Premium ETF,avg_dollar_volume_30d_below_15m_usd,4565599.33,41
SVRA,SVRA,"Savara, Inc. - Common Stock",avg_dollar_volume_30d_below_15m_usd,10980349.67,41
SVRN,SVRN,OceanPal Inc. - Common Stock,avg_dollar_volume_30d_below_15m_usd,150339.11,41
SVV,SVV,"Savers Value Village, Inc. Common Stock",avg_dollar_volume_30d_below_15m_usd,8358333.78,41
SWAG,SWAG,"Stran & Company, Inc. - Common Stock",avg_dollar_volume_30d_below_15m_usd,108873.25,41
SWAN,SWAN,Amplify BlackSwan Growth & Treasury Core ETF,avg_dollar_volume_30d_below_15m_usd,313058.54,41
SWBI,SWBI,"Smith & Wesson Brands, Inc. - Common Stock",avg_dollar_volume_30d_below_15m_usd,14344941.66,41
SWIM,SWIM,"Latham Group, Inc. - Common Stock",avg_dollar_volume_30d_below_15m_usd,4838526.82,41
SWP,SWP,SWP Growth & Income ETF,avg_dollar_volume_30d_below_15m_usd,223424.78,41
SWVL,SWVL,Swvl Holdings Corp - Ordinary Shares,avg_dollar_volume_30d_below_15m_usd,65492.45,40
SXC,SXC,"SunCoke Energy, Inc. Common Stock",avg_dollar_volume_30d_below_15m_usd,12772529.07,41
SXQG,SXQG,ETC 6 Meridian Quality Growth ETF,avg_dollar_volume_30d_below_15m_usd,176517.95,41
SXTC,SXTC,"China SXT Pharmaceuticals, Inc. - Class A Ordinary Shares",avg_dollar_volume_30d_below_15m_usd,232534.95,41
SXTP,SXTP,"60 Degrees Pharmaceuticals, Inc. - Common Stock",avg_dollar_volume_30d_below_15m_usd,185194.45,41
SYFI,SYFI,AB Short Duration High Yield ETF,avg_dollar_volume_30d_below_15m_usd,4201202.93,41
SYLD,SYLD,Cambria Shareholder Yield ETF,avg_dollar_volume_30d_below_15m_usd,3171850.32,41
SYNX,SYNX,Silynxcom Ltd. Ordinary Shares,avg_dollar_volume_30d_below_15m_usd,50876.26,41
SYPR,SYPR,"Sypris Solutions, Inc. - Common Stock",avg_dollar_volume_30d_below_15m_usd,298347.35,41
SYSB,SYSB,iShares Systematic Bond ETF,avg_dollar_volume_30d_below_15m_usd,9123446.09,41
SYZ,SYZ,Lazard US Systematic Small Cap Equity ETF,avg_dollar_volume_30d_below_15m_usd,87693.08,40
SZK,SZK,ProShares UltraShort Consumer Staples,avg_dollar_volume_30d_below_15m_usd,34355.83,41
TABD,TABD,Transamerica Bond Active ETF,avg_dollar_volume_30d_below_15m_usd,24957.03,40
TACK,TACK,Fairlead Tactical Sector ETF,avg_dollar_volume_30d_below_15m_usd,519228.69,41
TACN,TACN,T. Rowe Price Active Core International Equity ETF,avg_dollar_volume_30d_below_15m_usd,46494.14,40
TACT,TACT,TransAct Technologies Incorporated - Common Stock,avg_dollar_volume_30d_below_15m_usd,366280.49,41
TACU,TACU,T. Rowe Price Active Core U.S. Equity ETF,avg_dollar_volume_30d_below_15m_usd,99526.25,41
TAFI,TAFI,AB Tax-Aware Short Duration Municipal ETF,avg_dollar_volume_30d_below_15m_usd,14020798.62,41
TAFL,TAFL,AB Tax-Aware Long Municipal ETF,avg_dollar_volume_30d_below_15m_usd,223535.01,41
TAFM,TAFM,AB Tax-Aware Intermediate Municipal ETF,avg_dollar_volume_30d_below_15m_usd,4553812.52,41
TAGS,TAGS,Teucrium Agricultural Fund ETV,avg_dollar_volume_30d_below_15m_usd,514215.05,41
TAIL,TAIL,Cambria Tail Risk ETF,avg_dollar_volume_30d_below_15m_usd,2503796.28,41
TAJX,TAJX,Corgi India 2x Daily ETF,avg_dollar_volume_30d_below_15m_usd,11279.42,25
TALK,TALK,"Talkspace, Inc. - Common Stock",avg_dollar_volume_30d_below_15m_usd,12288932.0,41
TALV,TALV,Transamerica Large Value Active ETF,avg_dollar_volume_30d_below_15m_usd,67030.77,41
TANH,TANH,Tantech Holdings Ltd. - Class A Common Shares,avg_dollar_volume_30d_below_15m_usd,173143.04,41
TAOP,TAOP,Taoping Inc. - Ordinary Shares,avg_dollar_volume_30d_below_15m_usd,49362.9,41
TAOX,TAOX,Tao Synergies Inc. - Common Stock,avg_dollar_volume_30d_below_15m_usd,440091.86,41
TAOZ,TAOZ,Thornburg American Opportunities Fund,avg_dollar_volume_30d_below_15m_usd,63437.83,40
TAP.A,TAP-A,Molson Coors Beverage Company Class A Common Stock,avg_dollar_volume_30d_below_15m_usd,5087.8,40
TAPR,TAPR,Innovator Equity Defined Protection ETF - 2 Yr to April 2027,avg_dollar_volume_30d_below_15m_usd,21590.98,41
TARA,TARA,"Protara Therapeutics, Inc.  - Common Stock",avg_dollar_volume_30d_below_15m_usd,3054019.06,41
TARK,TARK,Tradr 2X Long Innovation ETF,avg_dollar_volume_30d_below_15m_usd,877787.91,41
TASK,TASK,"TaskUs, Inc. - Class A Common Stock",avg_dollar_volume_30d_below_15m_usd,2910961.92,41
TATT,TATT,TAT Technologies Ltd. - Ordinary Shares,avg_dollar_volume_30d_below_15m_usd,10919975.36,41
TAX,TAX,Cambria Tax Aware ETF,avg_dollar_volume_30d_below_15m_usd,4319.54,40
TAXE,TAXE,Intermediate Municipal Income ETF,avg_dollar_volume_30d_below_15m_usd,832471.95,41
TAXF,TAXF,American Century Diversified Municipal Bond ETF,avg_dollar_volume_30d_below_15m_usd,1914156.66,41
TAXI,TAXI,Northern Trust Intermediate Tax-Exempt Bond ETF,avg_dollar_volume_30d_below_15m_usd,1125561.21,40
TAXM,TAXM,BondBloxx IR+M Tax-Aware ETF for Massachusetts Residents,avg_dollar_volume_30d_below_15m_usd,105236.5,41
TAXS,TAXS,Northern Trust Short-Term Tax-Exempt Bond ETF,avg_dollar_volume_30d_below_15m_usd,1418278.33,40
TAXT,TAXT,Northern Trust Tax-Exempt Bond ETF,avg_dollar_volume_30d_below_15m_usd,168425.52,40
TAXX,TAXX,BondBloxx IR+M Tax-Aware Short Duration ETF,avg_dollar_volume_30d_below_15m_usd,5089660.49,41
TAYD,TAYD,"Taylor Devices, Inc. - Common Stock",avg_dollar_volume_30d_below_15m_usd,2302860.02,41
TBCH,TBCH,Turtle Beach Corporation - Common Stock,avg_dollar_volume_30d_below_15m_usd,4415246.59,41
TBF,TBF,ProShares Short 20+ Year Treasury,avg_dollar_volume_30d_below_15m_usd,4628831.4,41
TBFC,TBFC,The Brinsmere Fund  Conservative ETF,avg_dollar_volume_30d_below_15m_usd,43586.13,41
TBFG,TBFG,The Brinsmere Fund Growth ETF,avg_dollar_volume_30d_below_15m_usd,65151.57,41
TBG,TBG,TBG Dividend Focus ETF,avg_dollar_volume_30d_below_15m_usd,861536.35,41
TBI,TBI,"TrueBlue, Inc. Common Stock",avg_dollar_volume_30d_below_15m_usd,2325736.26,41
TBJL,TBJL,Innovator 20  Year Treasury Bond 9 Buffer ETF - July,avg_dollar_volume_30d_below_15m_usd,548195.46,41
TBLU,TBLU,Tortoise Global Water ETF,avg_dollar_volume_30d_below_15m_usd,143001.6,41
TBN,TBN,Tamboran Resources Corporation Common stock,avg_dollar_volume_30d_below_15m_usd,8872002.58,41
TBPH,TBPH,"Theravance Biopharma, Inc. - Ordinary Shares",avg_dollar_volume_30d_below_15m_usd,11867164.65,41
TBRG,TBRG,"TruBridge, Inc. - Common Stock",avg_dollar_volume_30d_below_15m_usd,7374447.69,40
TBUX,TBUX,T. Rowe Price Ultra Short-Term Bond ETF,avg_dollar_volume_30d_below_15m_usd,10731786.1,41
TBX,TBX,ProShares Short 7 10 Year Treasury,avg_dollar_volume_30d_below_15m_usd,1037164.85,41
TBXU,TBXU,Direxion Daily Biotech Top 5 Bull 2X ETF,avg_dollar_volume_30d_below_15m_usd,76518.49,41
TCAI,TCAI,Tortoise AI Infrastructure ETF,avg_dollar_volume_30d_below_15m_usd,7176904.14,41
TCAL,TCAL,T. Rowe Price Capital Appreciation Premium Income ETF,avg_dollar_volume_30d_below_15m_usd,1542807.02,41
TCAN,TCAN,21Shares Canton Network ETF,avg_dollar_volume_30d_below_15m_usd,260204.51,41
TCBK,TCBK,TriCo Bancshares - Common Stock,avg_dollar_volume_30d_below_15m_usd,9062806.39,41
TCBS,TCBS,"Texas Community Bancshares, Inc. - Common Stock",avg_dollar_volume_30d_below_15m_usd,69947.33,40
TCBX,TCBX,"Third Coast Bancshares, Inc. Common Stock",avg_dollar_volume_30d_below_15m_usd,4920006.53,41
TCHI,TCHI,iShares MSCI China Multisector Tech ETF,avg_dollar_volume_30d_below_15m_usd,391144.18,41
TCHP,TCHP,T. Rowe Price Blue Chip Growth ETF,avg_dollar_volume_30d_below_15m_usd,13565472.03,41
TCI,TCI,"Transcontinental Realty Investors, Inc. Common Stock",avg_dollar_volume_30d_below_15m_usd,292439.74,41
TCMD,TCMD,"Tactile Systems Technology, Inc. - Common Stock",avg_dollar_volume_30d_below_15m_usd,6917780.72,41
TCPB,TCPB,Thrivent Core Plus Bond ETF,avg_dollar_volume_30d_below_15m_usd,2161943.97,41
TCRT,TCRT,"Alaunos Therapeutics, Inc. - Common Stock",avg_dollar_volume_30d_below_15m_usd,48218.01,41
TCRX,TCRX,"TScan Therapeutics, Inc. - Common Stock",avg_dollar_volume_30d_below_15m_usd,674587.24,41
TCV,TCV,Towle Value ETF,avg_dollar_volume_30d_below_15m_usd,242495.49,40
TCX,TCX,Tucows Inc. - Common Stock,avg_dollar_volume_30d_below_15m_usd,458073.7,41
TDAQ,TDAQ,TappAlpha Innovation 100 Growth & Daily Income ETF,avg_dollar_volume_30d_below_15m_usd,6198466.07,41
TDAX,TDAX,TDAQ Lift ETF,avg_dollar_volume_30d_below_15m_usd,1495538.62,41
TDAY,TDAY,"USA TODAY Co., Inc. Common Stock",avg_dollar_volume_30d_below_15m_usd,12933809.22,41
TDEC,TDEC,FT Vest Emerging Markets Buffer ETF - December,avg_dollar_volume_30d_below_15m_usd,230985.96,41
TDI,TDI,Touchstone Dynamic International ETF,avg_dollar_volume_30d_below_15m_usd,3573215.72,40
TDOG,TDOG,21shares Dogecoin ETF,avg_dollar_volume_30d_below_15m_usd,29949.15,40
TDOT,TDOT,21shares Polkadot ETF,avg_dollar_volume_30d_below_15m_usd,21152.4,41
TDSB,TDSB,ETC Cabana Target Beta ETF,avg_dollar_volume_30d_below_15m_usd,209617.65,41
TDSC,TDSC,ETC Cabana Target Drawdown 10 ETF,avg_dollar_volume_30d_below_15m_usd,421318.98,41
TDTF,TDTF,FlexShares iBoxx 5 Year Target Duration TIPS Index Fund,avg_dollar_volume_30d_below_15m_usd,4166551.83,41
TDTT,TDTT,FlexShares iBoxx 3 Year Target Duration TIPS Index Fund,avg_dollar_volume_30d_below_15m_usd,4923255.29,41
TDUP,TDUP,ThredUp Inc. - Class A Common Stock,avg_dollar_volume_30d_below_15m_usd,11525667.08,41
TDV,TDV,ProShares S&P Technology Dividend Aristocrats ETF,avg_dollar_volume_30d_below_15m_usd,632059.12,41
TDVG,TDVG,T. Rowe Price Dividend Growth ETF,avg_dollar_volume_30d_below_15m_usd,2165055.0,41
TDVI,TDVI,FT Vest Technology Dividend Target Income ETF,avg_dollar_volume_30d_below_15m_usd,3376320.96,41
TEAD,TEAD,Teads Holding Co. - Common Stock,avg_dollar_volume_30d_below_15m_usd,427781.76,41
TEC,TEC,Harbor Transformative Technologies ETF,avg_dollar_volume_30d_below_15m_usd,21550.8,41
TECB,TECB,iShares U.S. Tech Breakthrough Multisector ETF,avg_dollar_volume_30d_below_15m_usd,1351147.37,41
TECX,TECX,"Tectonic Therapeutic, Inc. - Common Stock",avg_dollar_volume_30d_below_15m_usd,5597893.32,41
TECY,TECY,GraniteShares YieldBOOST Technology ETF,avg_dollar_volume_30d_below_15m_usd,25521.67,40
TEK,TEK,iShares Technology Opportunities Active ETF,avg_dollar_volume_30d_below_15m_usd,193097.49,41
TEKX,TEKX,State Street Galaxy Transformative Tech Accelerators ETF,avg_dollar_volume_30d_below_15m_usd,444433.97,40
TEKY,TEKY,Lazard Next Gen Technologies ETF,avg_dollar_volume_30d_below_15m_usd,20645.67,40
TELA,TELA,"TELA Bio, Inc. - Common stock",avg_dollar_volume_30d_below_15m_usd,89200.13,41
TELG,TELG,Leverage Shares 2X Long TEL Daily ETF,avg_dollar_volume_30d_below_15m_usd,52989.76,16
TELO,TELO,"Telomir Pharmaceuticals, Inc. - Common Stock",avg_dollar_volume_30d_below_15m_usd,152655.9,41
TEMD,TEMD,Templeton Emerging Markets Debt ETF,avg_dollar_volume_30d_below_15m_usd,14679.49,41
TEMR,TEMR,T. Rowe Price Emerging Markets Equity Research ETF,avg_dollar_volume_30d_below_15m_usd,41925.43,40
TEMT,TEMT,Tradr 2X Long TEM Daily ETF,avg_dollar_volume_30d_below_15m_usd,7873185.59,41
TEMX,TEMX,Touchstone Sands Capital Emerging Markets ex-China Growth ETF,avg_dollar_volume_30d_below_15m_usd,27534.45,41
TEN,TEN,Tsakos Energy Navigation Ltd Common Shares,avg_dollar_volume_30d_below_15m_usd,11725524.99,41
TEND,TEND,iShares Large Cap 10% Target Buffer Dec ETF,avg_dollar_volume_30d_below_15m_usd,452449.98,41
TENJ,TENJ,iShares Large Cap 10% Target Buffer Jun ETF,avg_dollar_volume_30d_below_15m_usd,868905.88,41
TENM,TENM,iShares Large Cap 10% Target Buffer Mar ETF,avg_dollar_volume_30d_below_15m_usd,170301.06,41
TEQI,TEQI,T. Rowe Price Equity Income ETF,avg_dollar_volume_30d_below_15m_usd,395230.73,41
TERC,TERC,Corgi TER 2x Daily ETF,avg_dollar_volume_30d_below_15m_usd,89018.97,3
TERG,TERG,Leverage Shares 2X Long TER Daily ETF,avg_dollar_volume_30d_below_15m_usd,5795785.97,41
TESC,TESC,Corgi TSLA 2x Daily ETF,avg_dollar_volume_30d_below_15m_usd,37230.8,9
TESL,TESL,Simplify Volt TSLA Revolution ETF,avg_dollar_volume_30d_below_15m_usd,149114.64,41
TEST,TEST,YieldMax TSLA Performance & Distribution Target 25 ETF,avg_dollar_volume_30d_below_15m_usd,98308.93,41
TETH,TETH,21Shares Ethereum ETF,avg_dollar_volume_30d_below_15m_usd,4481190.61,41
TEUP,TEUP,T-REX 2X Long TE Daily Target ETF,avg_dollar_volume_30d_below_15m_usd,1967781.77,28
TEXN,TEXN,iShares Texas Equity ETF,avg_dollar_volume_30d_below_15m_usd,99320.98,40
TEXU,TEXU,Direxion Daily Energy Top 5 Bull 2X ETF,avg_dollar_volume_30d_below_15m_usd,96569.41,40
TEXX,TEXX,Horizon Kinetics Texas ETF,avg_dollar_volume_30d_below_15m_usd,39098.65,40
TFFI,TFFI,Chesapeake Trend-Following Fixed Income ETF,avg_dollar_volume_30d_below_15m_usd,172480.38,41
TFGZ,TFGZ,Thornburg Focus Growth Fund,avg_dollar_volume_30d_below_15m_usd,54271.17,40
TFJL,TFJL,Innovator 20  Year Treasury Bond 5 Floor ETF - July,avg_dollar_volume_30d_below_15m_usd,41646.31,41
TFLR,TFLR,T. Rowe Price Floating Rate ETF,avg_dollar_volume_30d_below_15m_usd,4011851.84,41
TFNS,TFNS,T. Rowe Price Financials ETF,avg_dollar_volume_30d_below_15m_usd,19518.01,40
TFPN,TFPN,Blueprint Chesapeake Multi-Asset Trend ETF,avg_dollar_volume_30d_below_15m_usd,285922.92,41
TG,TG,Tredegar Corporation Common Stock,avg_dollar_volume_30d_below_15m_usd,1344380.85,41
TGE,TGE,The Generation Essentials Group Class A Ordinary Shares,avg_dollar_volume_30d_below_15m_usd,743231.98,41
TGEN,TGEN,Tecogen Inc. Common Stock,avg_dollar_volume_30d_below_15m_usd,1798996.38,41
TGHL,TGHL,The GrowHub Limited - Class A Ordinary Shares,avg_dollar_volume_30d_below_15m_usd,6767340.13,41
TGL,TGL,Treasure Global Inc. - Common Stock,avg_dollar_volume_30d_below_15m_usd,409825.41,40
TGLB,TGLB,T. Rowe Price Global Equity ETF,avg_dollar_volume_30d_below_15m_usd,18333.43,41
TGLR,TGLR,Wedbush LAFFER TENGLER New Era Value ETF,avg_dollar_volume_30d_below_15m_usd,266575.76,41
TGLS,TGLS,Tecnoglass Inc. Common Stock,avg_dollar_volume_30d_below_15m_usd,11893259.66,41
TGRT,TGRT,T. Rowe Price Growth ETF,avg_dollar_volume_30d_below_15m_usd,10639456.86,41
TGRW,TGRW,T. Rowe Price Growth Stock ETF,avg_dollar_volume_30d_below_15m_usd,1022909.04,41
TGS,TGS,Transportadora de Gas del Sur SA TGS Common Stock,avg_dollar_volume_30d_below_15m_usd,9634899.75,41
THCH,THCH,TH International Limited - Ordinary shares,avg_dollar_volume_30d_below_15m_usd,13856.58,40
THD,THD,iShares MSCI Thailand ETF,avg_dollar_volume_30d_below_15m_usd,7705965.24,41
THEQ,THEQ,T. Rowe Price Hedged Equity ETF,avg_dollar_volume_30d_below_15m_usd,204602.06,41
THFF,THFF,First Financial Corporation  - Common Stock,avg_dollar_volume_30d_below_15m_usd,8907369.93,41
THH,THH,TryHard Holdings Limited - Ordinary Shares,avg_dollar_volume_30d_below_15m_usd,290114.92,41
THIR,THIR,THOR Index Rotation ETF,avg_dollar_volume_30d_below_15m_usd,1386136.37,41
THLV,THLV,THOR Equal Weight Low Volatility ETF,avg_dollar_volume_30d_below_15m_usd,318525.57,41
THM,THM,"International Tower Hill Mines, Ltd. Ordinary Shares (Canada)",avg_dollar_volume_30d_below_15m_usd,2446789.55,41
THMR,THMR,THOR AdaptiveRisk Dynamic ETF,avg_dollar_volume_30d_below_15m_usd,1009129.27,41
THMZ,THMZ,Lazard Equity Megatrends ETF,avg_dollar_volume_30d_below_15m_usd,67858.54,40
THNQ,THNQ,ROBO Global Artificial Intelligence ETF,avg_dollar_volume_30d_below_15m_usd,2988926.51,41
THNR,THNR,Amplify Weight Loss Drug & Treatment ETF,avg_dollar_volume_30d_below_15m_usd,67661.33,41
THOR,THOR,Thornburg Premium Income Builder ETF,avg_dollar_volume_30d_below_15m_usd,1068303.57,12
THRM,THRM,Gentherm Inc - Common Stock,avg_dollar_volume_30d_below_15m_usd,13006783.52,41
THRV,THRV,Prospera Income ETF,avg_dollar_volume_30d_below_15m_usd,94849.91,40
THRY,THRY,"Thryv Holdings, Inc. - Common Stock",avg_dollar_volume_30d_below_15m_usd,2533797.28,41
THTA,THTA,SoFi Enhanced Yield ETF,avg_dollar_volume_30d_below_15m_usd,699756.67,41
THY,THY,Toews Agility Shares Dynamic Tactical Income ETF,avg_dollar_volume_30d_below_15m_usd,336512.03,41
THYF,THYF,T. Rowe Price U.S. High Yield ETF,avg_dollar_volume_30d_below_15m_usd,1455929.87,41
THYM,THYM,T. Rowe Price High Income Municipal ETF,avg_dollar_volume_30d_below_15m_usd,124175.12,40
THYP,THYP,21shares Hyperliquid ETF,avg_dollar_volume_30d_below_15m_usd,9427416.66,40
TIER,TIER,T. Rowe Price International Equity Research ETF,avg_dollar_volume_30d_below_15m_usd,202506.26,41
TII,TII,Titan Mining Corporation Common Shares,avg_dollar_volume_30d_below_15m_usd,3929117.71,41
TIIV,TIIV,AAM Todd International Intrinsic Value ETF,avg_dollar_volume_30d_below_15m_usd,132258.92,40
TIL,TIL,"Instil Bio, Inc. - Common Stock",avg_dollar_volume_30d_below_15m_usd,125794.25,41
TILC,TILC,Thrivent International Large Cap ETF,avg_dollar_volume_30d_below_15m_usd,6022.75,16
TILL,TILL,Teucrium Agricultural Strategy No K-1 ETF,avg_dollar_volume_30d_below_15m_usd,1258680.39,41
TILT,TILT,FlexShares Mornigstar US Market Factors Tilt Index Fund ETF,avg_dollar_volume_30d_below_15m_usd,1980486.16,41
TIME,TIME,Clockwise U.S. Core Equity ETF,avg_dollar_volume_30d_below_15m_usd,118843.42,41
TINS,TINS,Templeton International Insights ETF,avg_dollar_volume_30d_below_15m_usd,2060.67,41
TINT,TINT,ProShares Smart Materials ETF,avg_dollar_volume_30d_below_15m_usd,26304.89,41
TINY,TINY,ProShares Nanotechnology ETF,avg_dollar_volume_30d_below_15m_usd,1999420.5,41
TIPA,TIPA,Northern Trust 2030 Inflation-Linked Distributing Ladder ETF,avg_dollar_volume_30d_below_15m_usd,154007.33,41
TIPB,TIPB,Northern Trust 2035 Inflation-Linked Distributing Ladder ETF,avg_dollar_volume_30d_below_15m_usd,25818.37,41
TIPC,TIPC,Northern Trust 2045 Inflation-Linked Distributing Ladder ETF,avg_dollar_volume_30d_below_15m_usd,15831.92,41
TIPD,TIPD,Northern Trust 2055 Inflation-Linked Distributing Ladder ETF,avg_dollar_volume_30d_below_15m_usd,13574.38,41
TIPT,TIPT,Tiptree Inc. - Common Stock,avg_dollar_volume_30d_below_15m_usd,4950409.54,41
TIPX,TIPX,State Street SPDR Bloomberg 1a??10 Year TIPS ETF,avg_dollar_volume_30d_below_15m_usd,10330259.45,41
TIPZ,TIPZ,PIMCO Broad U.S. TIPS Index Exchange-Traded Fund,avg_dollar_volume_30d_below_15m_usd,491845.99,41
TISC,TISC,Thrivent International Small Cap ETF,avg_dollar_volume_30d_below_15m_usd,1879753.14,16
TISI,TISI,"Team, Inc. Common Stock",avg_dollar_volume_30d_below_15m_usd,145138.12,41
TITN,TITN,Titan Machinery Inc. - Common Stock,avg_dollar_volume_30d_below_15m_usd,5021394.22,41
TJAN,TJAN,Innovator Equity Defined Protection ETF - 2 Yr to January 2027,avg_dollar_volume_30d_below_15m_usd,25953.98,41
TJGC,TJGC,TJGC Group Limited - ordinary shares,avg_dollar_volume_30d_below_15m_usd,1479309.52,41
TJUL,TJUL,Innovator Equity Defined Protection ETF - 2 Yr to July 2027,avg_dollar_volume_30d_below_15m_usd,273930.41,41
TJUN,TJUN,FT Vest Emerging Markets Buffer ETF - June,avg_dollar_volume_30d_below_15m_usd,210925.71,41
TK,TK,Teekay Corporation Ltd. Common Stock,avg_dollar_volume_30d_below_15m_usd,6657692.3,41
TKC,TKC,Turkcell Iletisim Hizmetleri AS Common Stock,avg_dollar_volume_30d_below_15m_usd,12990974.6,41
TKNO,TKNO,"Alpha Teknova, Inc. - Common Stock",avg_dollar_volume_30d_below_15m_usd,1137760.52,41
TKNQ,TKNQ,Amplify Tokenization Technology Leaders ETF,avg_dollar_volume_30d_below_15m_usd,24963.06,41
TKNS,TKNS,21Shares Active Crypto ETF,avg_dollar_volume_30d_below_15m_usd,6191.6,37
TLA,TLA,GraniteShares Autocallable TSLA ETF,avg_dollar_volume_30d_below_15m_usd,62487.99,41
TLCI,TLCI,Touchstone International Equity ETF,avg_dollar_volume_30d_below_15m_usd,101379.59,41
TLDR,TLDR,The Laddered T-Bill ETF,avg_dollar_volume_30d_below_15m_usd,226313.4,41
TLF,TLF,"Tandy Leather Factory, Inc. - common stock",avg_dollar_volume_30d_below_15m_usd,87828.77,41
TLG,TLG,Touchstone Large Company Growth ETF,avg_dollar_volume_30d_below_15m_usd,106750.2,40
TLIH,TLIH,Ten-League International Holdings Limited - Ordinary Shares,avg_dollar_volume_30d_below_15m_usd,58292.38,40
TLNC,TLNC,Talon Capital Corp. - Class A Ordinary Shares,avg_dollar_volume_30d_below_15m_usd,152172.64,40
TLPH,TLPH,"Talphera, Inc. - Common Stock",avg_dollar_volume_30d_below_15m_usd,321330.64,41
TLS,TLS,Telos Corporation - Common Stock,avg_dollar_volume_30d_below_15m_usd,4193335.25,41
TLSA,TLSA,Tiziana Life Sciences Ltd - Common Shares,avg_dollar_volume_30d_below_15m_usd,237162.71,41
TLSI,TLSI,"TriSalus Life Sciences, Inc. - Common Stock",avg_dollar_volume_30d_below_15m_usd,1765912.0,41
TLTD,TLTD,FlexShares Morningstar Developed Markets ex-US Factor Tilt Index Fund,avg_dollar_volume_30d_below_15m_usd,891487.4,41
TLTE,TLTE,FlexShares Morningstar Emerging Markets Factor Tilt Index Fund,avg_dollar_volume_30d_below_15m_usd,357570.32,41
TLTI,TLTI,NEOS Enhanced Income 20+ Year Treasury Bond ETF,avg_dollar_volume_30d_below_15m_usd,392676.82,41
TLTP,TLTP,Amplify TLT U.S. Treasury 12% Option Income ETF,avg_dollar_volume_30d_below_15m_usd,412664.39,41
TLTX,TLTX,Global X Treasury Bond Enhanced Income ETF,avg_dollar_volume_30d_below_15m_usd,377118.87,41
TLYS,TLYS,"Tilly's, Inc. Common Stock",avg_dollar_volume_30d_below_15m_usd,1974717.46,41
TMAR,TMAR,FT Vest Emerging Markets Buffer ETF - March,avg_dollar_volume_30d_below_15m_usd,369320.14,41
TMAT,TMAT,Main Thematic Innovation ETF,avg_dollar_volume_30d_below_15m_usd,433907.65,41
TMB,TMB,Thornburg Multi Sector Bond ETF,avg_dollar_volume_30d_below_15m_usd,2491097.92,41
TMCI,TMCI,"Treace Medical Concepts, Inc. - Common Stock",avg_dollar_volume_30d_below_15m_usd,4043007.34,41
TMCR,TMCR,The Metals Royalty Company Inc. - Common Stock,avg_dollar_volume_30d_below_15m_usd,639283.3,41
TMDE,TMDE,TMD Energy Limited Ordinary Shares,avg_dollar_volume_30d_below_15m_usd,1546021.47,41
TMDV,TMDV,ProShares Russell US Dividend Growers ETF,avg_dollar_volume_30d_below_15m_usd,5723.59,41
TMED,TMED,T. Rowe Price Health Care ETF,avg_dollar_volume_30d_below_15m_usd,74532.3,41
TMFC,TMFC,Motley Fool 100 Index ETF,avg_dollar_volume_30d_below_15m_usd,6634159.94,41
TMFE,TMFE,Motley Fool Capital Efficiency 100 Index ETF,avg_dollar_volume_30d_below_15m_usd,489235.4,41
TMFG,TMFG,Motley Fool Global Opportunities ETF,avg_dollar_volume_30d_below_15m_usd,452426.95,41
TMFM,TMFM,Motley Fool Mid-Cap Growth ETF,avg_dollar_volume_30d_below_15m_usd,260309.01,41
TMFS,TMFS,Motley Fool Small-Cap Growth ETF,avg_dollar_volume_30d_below_15m_usd,201318.17,41
TMFX,TMFX,Motley Fool Next Index ETF,avg_dollar_volume_30d_below_15m_usd,109431.59,41
TMH,TMH,Toyota Motor Corporation ADRhedged,avg_dollar_volume_30d_below_15m_usd,19812.72,41
TMLP,TMLP,Tortoise MLP ETF,avg_dollar_volume_30d_below_15m_usd,132545.37,41
TMNL,TMNL,T. Rowe Price Long Municipal Income ETF,avg_dollar_volume_30d_below_15m_usd,12750.87,40
TMNS,TMNS,T. Rowe Price Short Municipal Income ETF,avg_dollar_volume_30d_below_15m_usd,13534.92,40
TMP,TMP,Tompkins Financial Corporation Common Stock,avg_dollar_volume_30d_below_15m_usd,7951372.05,41
TMQ,TMQ,Trilogy Metals Inc. Common Stock,avg_dollar_volume_30d_below_15m_usd,8270587.05,41
TMS,TMS,Teamshares Inc. - Common Stock,avg_dollar_volume_30d_below_15m_usd,4100598.45,41
TMSF,TMSF,T. Rowe Price Multi-Sector Income ETF,avg_dollar_volume_30d_below_15m_usd,39248.66,40
TMVE,TMVE,Thrivent Mid Cap Value ETF,avg_dollar_volume_30d_below_15m_usd,1028073.13,41
TMYY,TMYY,GraniteShares YieldBOOST TSM ETF,avg_dollar_volume_30d_below_15m_usd,70310.51,41
TNC,TNC,Tennant Company Common Stock,avg_dollar_volume_30d_below_15m_usd,13489860.96,41
TNGY,TNGY,Tortoise Energy ETF,avg_dollar_volume_30d_below_15m_usd,560331.62,41
TNMG,TNMG,TNL Mediagene - Ordinary Shares,avg_dollar_volume_30d_below_15m_usd,11829436.95,41
TNON,TNON,"Tenon Medical, Inc. - Common Stock",avg_dollar_volume_30d_below_15m_usd,7535626.73,41
TNUK,TNUK,Tortoise Nuclear Renaissance ETF,avg_dollar_volume_30d_below_15m_usd,20536.53,41
TNXP,TNXP,Tonix Pharmaceuticals Holding Corp. - Common Stock,avg_dollar_volume_30d_below_15m_usd,6418126.65,41
TNXT,TNXT,T. Rowe Price Innovation Leaders ETF,avg_dollar_volume_30d_below_15m_usd,88732.47,40
TNYA,TNYA,"Tenaya Therapeutics, Inc. - Common Stock",avg_dollar_volume_30d_below_15m_usd,2372579.24,41
TOAK,TOAK,Manager Directed Portfolios Twin Oak Short Horizon Absolute Return ETF,avg_dollar_volume_30d_below_15m_usd,147685.69,41
TOAO,TOAO,Twin Oak Active Opportunities III ETF,avg_dollar_volume_30d_below_15m_usd,1306.33,40
TOCT,TOCT,Innovator Equity Defined Protection ETF - 2 Yr to October 2027,avg_dollar_volume_30d_below_15m_usd,439750.11,41
TOGA,TOGA,Managed Portfolio Series Tremblant Global ETF,avg_dollar_volume_30d_below_15m_usd,345165.21,41
TOI,TOI,"The Oncology Institute, Inc. - Common Stock",avg_dollar_volume_30d_below_15m_usd,9625093.18,41
TOK,TOK,iShares MSCI Kokusai ETF,avg_dollar_volume_30d_below_15m_usd,548684.12,41
TOLL,TOLL,Tema Monopolies and Oligopolies ETF,avg_dollar_volume_30d_below_15m_usd,942941.2,41
TOLZ,TOLZ,ProShares DJ Brookfield Global Infrastructure ETF,avg_dollar_volume_30d_below_15m_usd,1317739.44,41
TOMZ,TOMZ,"TOMI Environmental Solutions, Inc. - Common Stock",avg_dollar_volume_30d_below_15m_usd,230083.08,41
TONX,TONX,TON Strategy Company - Common Stock,avg_dollar_volume_30d_below_15m_usd,1362526.13,41
TOON,TOON,"Kartoon Studios, Inc. Common Stock",avg_dollar_volume_30d_below_15m_usd,1689105.0,41
TOP,TOP,TOP Financial Group Limited - Class A Ordinary Shares,avg_dollar_volume_30d_below_15m_usd,305356.4,41
TOPC,TOPC,iShares S&P 500 3% Capped ETF,avg_dollar_volume_30d_below_15m_usd,300741.18,41
TOPP,TOPP,Toppoint Holdings Inc. Common Stock,avg_dollar_volume_30d_below_15m_usd,918052.55,41
TOPS,TOPS,"TOP Ships, Inc. Common Stock",avg_dollar_volume_30d_below_15m_usd,1012852.17,41
TOPT,TOPT,iShares Top 20 U.S. Stocks ETF,avg_dollar_volume_30d_below_15m_usd,11793850.72,41
TOPW,TOPW,Roundhill Top WeeklyPay ETF,avg_dollar_volume_30d_below_15m_usd,2846771.46,41
TORO,TORO,Toro Corp. - Common stock,avg_dollar_volume_30d_below_15m_usd,204362.39,41
TOS,TOS,Twin Oak Strategic Solutions ETF,avg_dollar_volume_30d_below_15m_usd,97907.26,41
TOT,TOT,LionShares U.S. Equity Total Return ETF,avg_dollar_volume_30d_below_15m_usd,39269.48,40
TOTR,TOTR,T. Rowe Price Total Return ETF,avg_dollar_volume_30d_below_15m_usd,737363.96,41
TOUS,TOUS,T. Rowe Price International Equity ETF,avg_dollar_volume_30d_below_15m_usd,6758121.81,41
TOV,TOV,JLens 500 Jewish Advocacy U.S. ETF,avg_dollar_volume_30d_below_15m_usd,126265.46,41
TOVX,TOVX,"Theriva Biologics, Inc. Common Stock",avg_dollar_volume_30d_below_15m_usd,3656286.85,41
TOXR,TOXR,21Shares XRP ETF,avg_dollar_volume_30d_below_15m_usd,130942.89,41
TOYO,TOYO,"TOYO Co., Ltd - Ordinary Shares",avg_dollar_volume_30d_below_15m_usd,9947990.85,41
TPAY,TPAY,Roundhill S&P 500 Target 10 Managed Distribution ETF,avg_dollar_volume_30d_below_15m_usd,50072.14,41
TPCS,TPCS,TechPrecision Corporation - Common stock,avg_dollar_volume_30d_below_15m_usd,244477.88,41
TPET,TPET,Trio Petroleum Corp. Common Stock,avg_dollar_volume_30d_below_15m_usd,1549465.86,41
TPFC,TPFC,Timothy Plan Free Cash Flow ETF,avg_dollar_volume_30d_below_15m_usd,359539.69,40
TPFG,TPFG,Timothy Plan Free Cash Flow Growth ETF,avg_dollar_volume_30d_below_15m_usd,296420.08,41
TPFI,TPFI,Timothy Plan Fixed Income ETF,avg_dollar_volume_30d_below_15m_usd,93858.51,41
TPHD,TPHD,Timothy Plan High Dividend Stock ETF,avg_dollar_volume_30d_below_15m_usd,700390.91,41
TPIF,TPIF,Timothy Plan International ETF,avg_dollar_volume_30d_below_15m_usd,1231182.76,41
TPLC,TPLC,Timothy Plan US Large/Mid Cap Core ETF,avg_dollar_volume_30d_below_15m_usd,1296261.73,41
TPLS,TPLS,Thornburg Core Plus Bond ETF,avg_dollar_volume_30d_below_15m_usd,246121.2,40
TPLX,TPLX,Corgi TPL 2x Daily ETF,avg_dollar_volume_30d_below_15m_usd,28585.44,11
TPOR,TPOR,Direxion Daily Transportation Bull 3X ETF,avg_dollar_volume_30d_below_15m_usd,1060345.32,41
TPRY,TPRY,VistaShares Target 15 TEPRTantrum Contrarian Distribution ETF,avg_dollar_volume_30d_below_15m_usd,77224.71,41
TPSC,TPSC,Timothy Plan US Small Cap Core ETF,avg_dollar_volume_30d_below_15m_usd,866531.77,41
TPST,TPST,"Tempest Therapeutics, Inc. - Common Stock",avg_dollar_volume_30d_below_15m_usd,186561.17,41
TPUT,TPUT,T. Rowe Price Capital Appreciation Market Opportunities ETF,avg_dollar_volume_30d_below_15m_usd,317375.68,19
TPVG,TPVG,TriplePoint Venture Growth BDC Corp. Common Stock,avg_dollar_volume_30d_below_15m_usd,1497772.46,41
TPYP,TPYP,Tortoise North American Pipeline ETF,avg_dollar_volume_30d_below_15m_usd,2617174.16,41
TPZ,TPZ,Tortoise Electrification Infrastructure ETF,avg_dollar_volume_30d_below_15m_usd,231895.97,41
TQQY,TQQY,GraniteShares YieldBOOST QQQ ETF,avg_dollar_volume_30d_below_15m_usd,247832.84,41
TR,TR,"Tootsie Roll Industries, Inc. Common Stock",avg_dollar_volume_30d_below_15m_usd,11527604.04,41
TRAK,TRAK,"ReposiTrak, Inc. Common Stock",avg_dollar_volume_30d_below_15m_usd,724910.5,41
TRAW,TRAW,"Traws Pharma, Inc. - Common Stock",avg_dollar_volume_30d_below_15m_usd,483492.07,41
TRAX,TRAX,"First Tracks Biotherapeutics, Inc. - Ordinary Shares",avg_dollar_volume_30d_below_15m_usd,11204861.4,41
TRBF,TRBF,Angel Oak Total Return ETF,avg_dollar_volume_30d_below_15m_usd,276159.21,41
TRC,TRC,Tejon Ranch Co Common Stock,avg_dollar_volume_30d_below_15m_usd,1961994.14,41
TRDA,TRDA,"Entrada Therapeutics, Inc. - Common Stock",avg_dollar_volume_30d_below_15m_usd,2167333.77,41
TREE,TREE,"LendingTree, Inc. - Common Stock",avg_dollar_volume_30d_below_15m_usd,10232283.49,41
TRFM,TRFM,AAM Transformers ETF,avg_dollar_volume_30d_below_15m_usd,1753482.68,41
TRIO,TRIO,MC Trio Equity Buffered ETF,avg_dollar_volume_30d_below_15m_usd,43913.97,41
TRND,TRND,Pacer Trendpilot Fund of Funds ETF,avg_dollar_volume_30d_below_15m_usd,140522.53,41
TRNR,TRNR,Interactive Strength Inc. - Common Stock,avg_dollar_volume_30d_below_15m_usd,907152.16,41
TRON,TRON,Tron Inc. - Common Stock,avg_dollar_volume_30d_below_15m_usd,1477773.36,41
TROO,TROO,"TROOPS, Inc.  - Ordinary Shares",avg_dollar_volume_30d_below_15m_usd,1212327.16,41
TROT,TROT,Invesco MSCI Treasury Duration Rotation ETF,avg_dollar_volume_30d_below_15m_usd,1067.43,40
TRPA,TRPA,Hartford AAA CLO ETF,avg_dollar_volume_30d_below_15m_usd,428790.11,41
TRSG,TRSG,Tungray Technologies Inc - Class A Ordinary Shares,avg_dollar_volume_30d_below_15m_usd,22896.27,40
TRSY,TRSY,Xtrackers US 0-1 Year Treasury ETF,avg_dollar_volume_30d_below_15m_usd,993730.76,41
TRT,TRT,Trio-Tech International Common Stock,avg_dollar_volume_30d_below_15m_usd,9863030.08,41
TRTY,TRTY,Cambria Trinity ETF,avg_dollar_volume_30d_below_15m_usd,2568207.25,41
TRUC,TRUC,VanEck Communication Services TruSector ETF,avg_dollar_volume_30d_below_15m_usd,2148189.62,40
TRUD,TRUD,VanEck Consumer Discretionary TruSector ETF,avg_dollar_volume_30d_below_15m_usd,1206679.05,41
TRUF,TRUF,VanEck Financials TruSector ETF,avg_dollar_volume_30d_below_15m_usd,9903.87,40
TRUG,TRUG,"TruGolf Holdings, Inc. - Class A Common Stock",avg_dollar_volume_30d_below_15m_usd,241688.61,41
TRUH,TRUH,VanEck Healthcare TruSector ETF,avg_dollar_volume_30d_below_15m_usd,29625.0,40
TRUI,TRUI,VanEck Industrials TruSector ETF,avg_dollar_volume_30d_below_15m_usd,13348.79,24
TRUM,TRUM,VanEck Materials TruSector ETF,avg_dollar_volume_30d_below_15m_usd,900.36,1
TRUN,TRUN,VanEck Energy TruSector ETF,avg_dollar_volume_30d_below_15m_usd,1176.75,1
TRUO,TRUO,VanEck Consumer Staples TruSector ETF,avg_dollar_volume_30d_below_15m_usd,17707.46,24
TRUP,TRUP,"Trupanion, Inc. - Common Stock",avg_dollar_volume_30d_below_15m_usd,9069549.42,41
TRUR,TRUR,VanEck Real Estate TruSector ETF,avg_dollar_volume_30d_below_15m_usd,5308.83,1
TRUT,TRUT,VanEck Technology TruSector ETF,avg_dollar_volume_30d_below_15m_usd,4892427.12,41
TRUU,TRUU,VanEck Utilities TruSector ETF,avg_dollar_volume_30d_below_15m_usd,573.39,1
TRX,TRX,TRX Gold Corporation Common Stock,avg_dollar_volume_30d_below_15m_usd,1854612.75,41
TSAT,TSAT,Telesat Corporation - Class A Common Shares and Class B Variable Voting Shares,avg_dollar_volume_30d_below_15m_usd,13818160.43,41
TSBK,TSBK,"Timberland Bancorp, Inc. - Common Stock",avg_dollar_volume_30d_below_15m_usd,1631530.69,41
TSCM,TSCM,TimesSquare Quality Mid Cap Growth ETF,avg_dollar_volume_30d_below_15m_usd,26585.12,40
TSCV,TSCV,Thrivent Small Cap Value ETF,avg_dollar_volume_30d_below_15m_usd,86868.07,41
TSEC,TSEC,Touchstone Securitized Income ETF,avg_dollar_volume_30d_below_15m_usd,1084453.32,41
TSEG,TSEG,Leverage Shares 2X Long TSEM Daily ETF,avg_dollar_volume_30d_below_15m_usd,1088330.18,16
TSEL,TSEL,Touchstone Sands Capital US Select Growth ETF,avg_dollar_volume_30d_below_15m_usd,1981743.54,41
TSEP,TSEP,FT Vest Emerging Market Buffer ETF - September,avg_dollar_volume_30d_below_15m_usd,127932.75,41
TSES,TSES,Truth Social American Energy Security ETF,avg_dollar_volume_30d_below_15m_usd,78315.64,41
TSEU,TSEU,Tradr 2X Long TSEM Daily ETF,avg_dollar_volume_30d_below_15m_usd,129773.88,6
TSIC,TSIC,Truth Social American Icons ETF,avg_dollar_volume_30d_below_15m_usd,19913.34,41
TSII,TSII,REX TSLA Growth & Income ETF,avg_dollar_volume_30d_below_15m_usd,982212.38,41
TSL,TSL,GraniteShares 1.25x Long TSLA Daily ETF,avg_dollar_volume_30d_below_15m_usd,12654550.04,41
TSLI,TSLI,ProShares Ultra TSLA,avg_dollar_volume_30d_below_15m_usd,476872.3,41
TSLP,TSLP,Kurv Yield Premium Strategy Tesla (TSLA) ETF,avg_dollar_volume_30d_below_15m_usd,253283.4,41
TSLW,TSLW,Roundhill TSLA WeeklyPay ETF,avg_dollar_volume_30d_below_15m_usd,2209444.3,41
TSLX,TSLX,"Sixth Street Specialty Lending, Inc. Common Stock",avg_dollar_volume_30d_below_15m_usd,12418765.8,41
TSME,TSME,Thrivent Small-Mid Cap Equity ETF,avg_dollar_volume_30d_below_15m_usd,4168997.01,41
TSMG,TSMG,Leverage Shares 2X Long TSM Daily ETF,avg_dollar_volume_30d_below_15m_usd,4116242.81,41
TSMU,TSMU,GraniteShares 2x Long TSM Daily ETF,avg_dollar_volume_30d_below_15m_usd,6463583.13,41
TSMY,TSMY,YieldMax TSM Option Income Strategy ETF,avg_dollar_volume_30d_below_15m_usd,3194469.66,41
TSMZ,TSMZ,Direxion Daily TSM Bear 1X ETF,avg_dollar_volume_30d_below_15m_usd,729908.97,41
TSNF,TSNF,Truth Social American Next Frontiers ETF,avg_dollar_volume_30d_below_15m_usd,154913.97,40
TSOL,TSOL,21Shares Solana ETF,avg_dollar_volume_30d_below_15m_usd,60663.65,41
TSPX,TSPX,Twin Oak Active Opportunities ETF,avg_dollar_volume_30d_below_15m_usd,1113008.24,41
TSPY,TSPY,TappAlpha S&P 500 Growth & Daily Income ETF,avg_dollar_volume_30d_below_15m_usd,5692774.69,41
TSQ,TSQ,"Townsquare Media, Inc. Class A Common Stock",avg_dollar_volume_30d_below_15m_usd,405524.53,41
TSRS,TSRS,Truth Social American Red State REITs ETF,avg_dollar_volume_30d_below_15m_usd,20327.59,41
TSSD,TSSD,Truth Social American Security & Defense ETF,avg_dollar_volume_30d_below_15m_usd,84797.46,41
TSUI,TSUI,21Shares Sui ETF,avg_dollar_volume_30d_below_15m_usd,121423.69,41
TSXD,TSXD,Direxion Daily Semiconductors Top 5 Bear 2X ETF,avg_dollar_volume_30d_below_15m_usd,334696.1,41
TSXU,TSXU,Direxion Daily Semiconductors Top 5 Bull 2X ETF,avg_dollar_volume_30d_below_15m_usd,1942674.0,41
TSYW,TSYW,Roundhill Treasury Bond WeeklyPay ETF,avg_dollar_volume_30d_below_15m_usd,259524.17,41
TSYX,TSYX,TSPY Lift ETF,avg_dollar_volume_30d_below_15m_usd,551344.83,41
TSYY,TSYY,GraniteShares YieldBOOST TSLA ETF,avg_dollar_volume_30d_below_15m_usd,2080074.05,41
TTAM,TTAM,Titan America SA Common Shares,avg_dollar_volume_30d_below_15m_usd,5249605.46,41
TTDU,TTDU,T-REX 2X Long TTD Daily Target ETF,avg_dollar_volume_30d_below_15m_usd,3598135.4,41
TTEC,TTEC,"TTEC Holdings, Inc. - Common Stock",avg_dollar_volume_30d_below_15m_usd,1421517.95,41
TTEQ,TTEQ,T. Rowe Price Technology ETF,avg_dollar_volume_30d_below_15m_usd,6752186.68,41
TTGT,TTGT,"TechTarget, Inc. - Common Stock",avg_dollar_volume_30d_below_15m_usd,1565537.48,41
TTMX,TTMX,Tradr 2X Long TTMI Daily ETF,avg_dollar_volume_30d_below_15m_usd,104861.21,6
TTOP,TTOP,21Shares FTSE Crypto 10 Index ETF,avg_dollar_volume_30d_below_15m_usd,4369.29,40
TTRX,TTRX,Turn Therapeutics Inc. - Common Stock,avg_dollar_volume_30d_below_15m_usd,592533.47,41
TTT,TTT,ProShares UltraPro Short 20 Year Treasury,avg_dollar_volume_30d_below_15m_usd,309371.03,41
TTXD,TTXD,Direxion Daily Technology Top 5 Bear 2X ETF,avg_dollar_volume_30d_below_15m_usd,113913.14,41
TTXU,TTXU,Direxion Daily Technology Top 5 Bull 2X ETF,avg_dollar_volume_30d_below_15m_usd,614546.95,41
TUA,TUA,Simplify Short Term Treasury Futures Strategy ETF,avg_dollar_volume_30d_below_15m_usd,7330097.46,41
TUG,TUG,STF Tactical Growth ETF,avg_dollar_volume_30d_below_15m_usd,480466.39,40
TUGN,TUGN,STF Tactical Growth & Income ETF,avg_dollar_volume_30d_below_15m_usd,675961.75,41
TULP,TULP,"Bloomia Holdings, Inc. - Common Stock",avg_dollar_volume_30d_below_15m_usd,15857.1,40
TUR,TUR,iShares MSCI Turkey ETF,avg_dollar_volume_30d_below_15m_usd,7619272.39,41
TURF,TURF,T. Rowe Price Natural Resources ETF,avg_dollar_volume_30d_below_15m_usd,3483191.29,40
TUSB,TUSB,Thrivent Ultra Short Bond ETF,avg_dollar_volume_30d_below_15m_usd,1212171.69,41
TUSI,TUSI,Touchstone Ultra Short Income ETF,avg_dollar_volume_30d_below_15m_usd,6622450.23,41
TUSK,TUSK,"Mammoth Energy Services, Inc. - Common Stock",avg_dollar_volume_30d_below_15m_usd,1259139.4,41
TV,TV,Grupo Televisa S.A.B. Common Stock,avg_dollar_volume_30d_below_15m_usd,2656967.76,41
TVAL,TVAL,T. Rowe Price Value ETF,avg_dollar_volume_30d_below_15m_usd,8897948.43,41
TVC,TVC,Tennessee Valley Authority Common Stock,avg_dollar_volume_30d_below_15m_usd,660474.12,41
TVGN,TVGN,Tevogen Bio Holdings Inc. - Common Stock,avg_dollar_volume_30d_below_15m_usd,259142.97,41
TVRD,TVRD,"Tvardi Therapeutics, Inc. - Common Stock",avg_dollar_volume_30d_below_15m_usd,14855835.91,41
TWAV,TWAV,"TaoWeave, Inc. - Common Stock",avg_dollar_volume_30d_below_15m_usd,3588634.18,41
TWFG,TWFG,"TWFG, Inc. - Common Stock",avg_dollar_volume_30d_below_15m_usd,4614736.44,41
TWG,TWG,Top Wealth Group Holding Limited - Class A Ordinary Shares,avg_dollar_volume_30d_below_15m_usd,113847.98,40
TWI,TWI,"Titan International, Inc. (DE) Common Stock",avg_dollar_volume_30d_below_15m_usd,4211875.53,41
TWIN,TWIN,"Twin Disc, Incorporated - Common Stock",avg_dollar_volume_30d_below_15m_usd,3638659.94,41
TWLV,TWLV,Twelve Seas Investment Company III - Class A Ordinary Shares,avg_dollar_volume_30d_below_15m_usd,114049.87,40
TWM,TWM,ProShares UltraShort Russell2000,avg_dollar_volume_30d_below_15m_usd,12883182.96,41
TWOX,TWOX,iShares Large Cap Accelerated Outcome ETF,avg_dollar_volume_30d_below_15m_usd,356782.79,41
TWSC,TWSC,Corgi TSM 2x Daily ETF,avg_dollar_volume_30d_below_15m_usd,44728.19,9
TXBC,TXBC,21Shares FTSE Crypto 10 ex-BTC Index ETF,avg_dollar_volume_30d_below_15m_usd,18530.7,40
TXMD,TXMD,"TherapeuticsMD, Inc. - Common Stock",avg_dollar_volume_30d_below_15m_usd,119166.52,41
TXNU,TXNU,Direxion Daily TXN Bull 2X ETF,avg_dollar_volume_30d_below_15m_usd,1965525.63,41
TXS,TXS,Texas Capital Texas Equity Index ETF,avg_dollar_volume_30d_below_15m_usd,107116.26,41
TXUE,TXUE,Thornburg International Equity ETF,avg_dollar_volume_30d_below_15m_usd,1844908.9,41
TXUG,TXUG,Thornburg International Growth Fund ETF,avg_dollar_volume_30d_below_15m_usd,2951.85,40
TXXD,TXXD,21Shares 2x Long Dogecoin ETF,avg_dollar_volume_30d_below_15m_usd,330479.21,41
TXXH,TXXH,21Shares 2x Long HYPE ETF,avg_dollar_volume_30d_below_15m_usd,1404644.56,41
TXXI,TXXI,BondBloxx IR+M Tax-Aware Intermediate Duration ETF,avg_dollar_volume_30d_below_15m_usd,252655.03,41
TXXS,TXXS,21Shares 2x Long Sui ETF,avg_dollar_volume_30d_below_15m_usd,330890.31,41
TY,TY,Tri Continental Corporation Common Stock,avg_dollar_volume_30d_below_15m_usd,1232871.77,41
TYA,TYA,Simplify Intermediate Term Treasury Futures Strategy ETF,avg_dollar_volume_30d_below_15m_usd,772228.77,41
TYD,TYD,Direxion Daily 10-Yr Treasury Bull 3x Shrs,avg_dollar_volume_30d_below_15m_usd,492047.64,41
TYG,TYG,Tortoise Energy Infrastructure Corporation Common Stock,avg_dollar_volume_30d_below_15m_usd,8994898.38,41
TYGO,TYGO,"Tigo Energy, Inc. - Common Stock",avg_dollar_volume_30d_below_15m_usd,3408559.46,41
TYLD,TYLD,Cambria Tactical Yield ETF,avg_dollar_volume_30d_below_15m_usd,58555.52,41
TYLG,TYLG,Global X Information Technology Covered Call & Growth ETF,avg_dollar_volume_30d_below_15m_usd,151258.81,41
TYO,TYO,Direxion Daily 10-Yr Treasury Bear 3x Shrs,avg_dollar_volume_30d_below_15m_usd,265687.17,41
TYYY,TYYY,xETFs TSLA Daily Income ETF,avg_dollar_volume_30d_below_15m_usd,11948.77,36
TZOO,TZOO,Travelzoo - Common Stock,avg_dollar_volume_30d_below_15m_usd,1331613.53,41
UAE,UAE,iShares MSCI UAE ETF,avg_dollar_volume_30d_below_15m_usd,7301552.13,41
UAPR,UAPR,Innovator U.S. Equity Ultra Buffer ETF - April,avg_dollar_volume_30d_below_15m_usd,291736.66,41
UAUG,UAUG,Innovator U.S. Equity Ultra Buffer ETF - August,avg_dollar_volume_30d_below_15m_usd,288957.56,41
UAVS,UAVS,"AgEagle Aerial Systems, Inc. Common Stock",avg_dollar_volume_30d_below_15m_usd,2880535.54,41
UBEW,UBEW,Roundhill UBER WeeklyPay ETF,avg_dollar_volume_30d_below_15m_usd,113040.32,41
UBND,UBND,VictoryShares Core Plus Bond ETF,avg_dollar_volume_30d_below_15m_usd,6018672.05,41
UBOT,UBOT,"Direxion Daily Robotics, Artificial Intelligence & Automation Index Bull 2X ETF",avg_dollar_volume_30d_below_15m_usd,512345.75,41
UBR,UBR,ProShares Ultra MSCI Brazil Capped,avg_dollar_volume_30d_below_15m_usd,79312.19,41
UBRL,UBRL,GraniteShares 2x Long UBER Daily ETF,avg_dollar_volume_30d_below_15m_usd,3311945.09,41
UBT,UBT,ProShares Ultra 20+ Year Treasury,avg_dollar_volume_30d_below_15m_usd,819321.68,41
UBXG,UBXG,U-BX Technology Ltd. - Class A Ordinary Shares,avg_dollar_volume_30d_below_15m_usd,14683924.69,41
UCAR,UCAR,U Power Limited - Class A Ordinary Shares,avg_dollar_volume_30d_below_15m_usd,537748.36,41
UCC,UCC,ProShares Ultra Consumer Discretionary,avg_dollar_volume_30d_below_15m_usd,176817.09,41
UCFI,UCFI,CN Healthy Food Tech Group Corp. - Common Stock,avg_dollar_volume_30d_below_15m_usd,0.0,40
UCON,UCON,First Trust Smith Unconstrained Bond ETF,avg_dollar_volume_30d_below_15m_usd,12289979.89,41
UCOP,UCOP,ProShares Ultra Copper K-1 Free ETF,avg_dollar_volume_30d_below_15m_usd,54204.85,41
UCRD,UCRD,VictoryShares Corporate Bond ETF,avg_dollar_volume_30d_below_15m_usd,3796.49,40
UCTX,UCTX,Corgi UCTT 2x Daily ETF,avg_dollar_volume_30d_below_15m_usd,530473.41,9
UCYB,UCYB,ProShares Ultra Nasdaq Cybersecurity,avg_dollar_volume_30d_below_15m_usd,377021.78,41
UDEC,UDEC,Innovator U.S. Equity Ultra Buffer ETF - December,avg_dollar_volume_30d_below_15m_usd,2614555.39,41
UDI,UDI,USCF Dividend Income Fund,avg_dollar_volume_30d_below_15m_usd,33172.04,41
UDIV,UDIV,Franklin U.S. Core Dividend Tilt Index ETF,avg_dollar_volume_30d_below_15m_usd,1441439.11,41
UDN,UDN,Invesco DB USD Index Bearish ETF,avg_dollar_volume_30d_below_15m_usd,1628539.08,41
UECG,UECG,Leverage Shares 2x Long UEC Daily ETF,avg_dollar_volume_30d_below_15m_usd,640315.45,41
UEIC,UEIC,Universal Electronics Inc. - Common Stock,avg_dollar_volume_30d_below_15m_usd,162548.57,41
UEVM,UEVM,VictoryShares Emerging Markets Value Momentum ETF,avg_dollar_volume_30d_below_15m_usd,222743.22,41
UFEB,UFEB,Innovator U.S. Equity Ultra Buffer ETF - February,avg_dollar_volume_30d_below_15m_usd,841761.94,41
UFG,UFG,Uni-Fuels Holdings Limited - Class A Ordinary Shares,avg_dollar_volume_30d_below_15m_usd,389155.24,41
UFI,UFI,"Unifi, Inc. New Common Stock",avg_dollar_volume_30d_below_15m_usd,323500.28,41
UFIV,UFIV,US Treasury 5 Year Note ETF,avg_dollar_volume_30d_below_15m_usd,282806.92,40
UFOD,UFOD,Tuttle Capital UFO Disclosure ETF,avg_dollar_volume_30d_below_15m_usd,100864.41,41
UFOX,UFOX,Defiance Space and Connective Tech ETF,avg_dollar_volume_30d_below_15m_usd,5157102.36,41
UGA,UGA,United States Gasoline Fund LP,avg_dollar_volume_30d_below_15m_usd,4311653.9,41
UGE,UGE,ProShares Ultra Consumer Staples,avg_dollar_volume_30d_below_15m_usd,1424801.0,41
UGLD,UGLD,Direxion Daily Gold Bull 2X ETF,avg_dollar_volume_30d_below_15m_usd,406808.14,28
UIS,UIS,Unisys Corporation New Common Stock,avg_dollar_volume_30d_below_15m_usd,4333825.11,41
UITB,UITB,VictoryShares Core Intermediate Bond ETF,avg_dollar_volume_30d_below_15m_usd,6031073.91,41
UIVM,UIVM,VictoryShares International Value Momentum ETF,avg_dollar_volume_30d_below_15m_usd,78570.35,40
UJAN,UJAN,Innovator U.S. Equity Ultra Buffer ETF - January,avg_dollar_volume_30d_below_15m_usd,1285202.37,41
UJB,UJB,ProShares Ultra High Yield ETF,avg_dollar_volume_30d_below_15m_usd,735563.08,41
UJUL,UJUL,Innovator U.S. Equity Ultra Buffer ETF - July,avg_dollar_volume_30d_below_15m_usd,1759088.17,41
UJUN,UJUN,Innovator U.S. Equity Ultra Buffer ETF - June,avg_dollar_volume_30d_below_15m_usd,4414370.14,41
UK,UK,Ucommune International Ltd  - Class A Ordinary Shares,avg_dollar_volume_30d_below_15m_usd,1729864.06,41
ULBI,ULBI,Ultralife Corporation - Common Stock,avg_dollar_volume_30d_below_15m_usd,245098.13,41
ULE,ULE,ProShares Ultra Euro,avg_dollar_volume_30d_below_15m_usd,58213.47,41
ULH,ULH,"Universal Logistics Holdings, Inc. - Common Stock",avg_dollar_volume_30d_below_15m_usd,877158.06,41
ULST,ULST,State Street Ultra Short Term Bond ETF,avg_dollar_volume_30d_below_15m_usd,2352170.22,41
ULTI,ULTI,REX IncomeMax Option Strategy ETF,avg_dollar_volume_30d_below_15m_usd,1235317.83,41
ULVM,ULVM,VictoryShares US Value Momentum ETF,avg_dollar_volume_30d_below_15m_usd,251939.43,41
UMAL,UMAL,Defiance Daily Target 2X Long UMAC ETF,avg_dollar_volume_30d_below_15m_usd,861887.71,14
UMAR,UMAR,Innovator U.S. Equity Ultra Buffer ETF - March,avg_dollar_volume_30d_below_15m_usd,734461.15,41
UMAY,UMAY,Innovator U.S. Equity Ultra Buffer ETF - May,avg_dollar_volume_30d_below_15m_usd,806033.54,41
UMCX,UMCX,Corgi UMC 2x Daily ETF,avg_dollar_volume_30d_below_15m_usd,195271.5,11
UMDD,UMDD,UltraPro MidCap400,avg_dollar_volume_30d_below_15m_usd,247720.09,41
UMH,UMH,"UMH Properties, Inc. Common Stock",avg_dollar_volume_30d_below_15m_usd,9909899.26,41
UMI,UMI,USCF Midstream Energy Income Fund ETF,avg_dollar_volume_30d_below_15m_usd,979265.36,41
UMMA,UMMA,Wahed Dow Jones Islamic World ETF,avg_dollar_volume_30d_below_15m_usd,2234815.16,41
UN,UN,Corgi UNH 2x Daily ETF,avg_dollar_volume_30d_below_15m_usd,1678.33,1
UNB,UNB,"Union Bankshares, Inc. - Common Stock",avg_dollar_volume_30d_below_15m_usd,530452.5,40
UNCY,UNCY,"Unicycive Therapeutics, Inc. - Common Stock",avg_dollar_volume_30d_below_15m_usd,13934765.72,41
UNHU,UNHU,Direxion Daily UNH Bull 2X ETF,avg_dollar_volume_30d_below_15m_usd,223557.74,41
UNHW,UNHW,Roundhill UNH WeeklyPay ETF,avg_dollar_volume_30d_below_15m_usd,319595.82,41
UNIY,UNIY,WisdomTree Voya Yield Enhanced USD Universal Bond Fund,avg_dollar_volume_30d_below_15m_usd,2092868.61,40
UNL,UNL,United States 12 Month Natural Gas Fund,avg_dollar_volume_30d_below_15m_usd,376932.6,41
UNOV,UNOV,Innovator U.S. Equity Ultra Buffer ETF - November,avg_dollar_volume_30d_below_15m_usd,347008.08,41
UNX,UNX,Tradr 2X Long U Daily ETF,avg_dollar_volume_30d_below_15m_usd,220454.27,41
UOCT,UOCT,Innovator U.S. Equity Ultra Buffer ETF - October,avg_dollar_volume_30d_below_15m_usd,386826.89,41
UONE,UONE,"Urban One, Inc.  - Class A Common Stock",avg_dollar_volume_30d_below_15m_usd,162776.39,41
UONEK,UONEK,"Urban One, Inc.  - Class D Common Stock",avg_dollar_volume_30d_below_15m_usd,35673.1,40
UP,UP,Wheels Up Experience Inc. Class A Common Stock,avg_dollar_volume_30d_below_15m_usd,1196512.13,41
UPAL,UPAL,ProShares Ultra Palladium K-1 Free ETF,avg_dollar_volume_30d_below_15m_usd,19667.12,41
UPAR,UPAR,UPAR Ultra Risk Parity ETF,avg_dollar_volume_30d_below_15m_usd,271620.75,41
UPB,UPB,"Upstream Bio, Inc. - Common Stock",avg_dollar_volume_30d_below_15m_usd,4412034.38,41
UPGD,UPGD,Invesco Bloomberg Analyst Rating Improvers ETF,avg_dollar_volume_30d_below_15m_usd,221178.4,41
UPGR,UPGR,Xtrackers US Green Infrastructure Select Equity ETF,avg_dollar_volume_30d_below_15m_usd,34389.13,40
UPLD,UPLD,"Upland Software, Inc. - Common Stock",avg_dollar_volume_30d_below_15m_usd,195434.41,41
UPLT,UPLT,ProShares Ultra Platinum K-1 Free ETF,avg_dollar_volume_30d_below_15m_usd,11289.46,41
UPSD,UPSD,Aptus Large Cap Upside ETF,avg_dollar_volume_30d_below_15m_usd,443533.59,41
UPSG,UPSG,Leverage Shares 2X Long UPS Daily ETF,avg_dollar_volume_30d_below_15m_usd,39290.84,41
UPSX,UPSX,Tradr 2X Long UPST Daily ETF,avg_dollar_volume_30d_below_15m_usd,1584475.09,41
UPV,UPV,ProShares Ultra FTSE Europe,avg_dollar_volume_30d_below_15m_usd,113801.76,41
UPW,UPW,ProShares Ultra Utilities,avg_dollar_volume_30d_below_15m_usd,366308.35,41
UPXI,UPXI,"Upexi, Inc. - Common Stock",avg_dollar_volume_30d_below_15m_usd,2326589.0,41
URAA,URAA,Direxion Daily Uranium Industry Bull 2X ETF,avg_dollar_volume_30d_below_15m_usd,2120774.34,41
URAN,URAN,Themes Uranium & Nuclear ETF,avg_dollar_volume_30d_below_15m_usd,423369.36,41
URE,URE,ProShares Ultra Real Estate,avg_dollar_volume_30d_below_15m_usd,191313.6,41
URNJ,URNJ,Sprott Junior Uranium Miners ETF,avg_dollar_volume_30d_below_15m_usd,7675206.07,41
UROY,UROY,Uranium Royalty Corp. - Common Stock,avg_dollar_volume_30d_below_15m_usd,8050265.97,41
URSP,URSP,ProShares Ultra S&P 500 Equal Weight,avg_dollar_volume_30d_below_15m_usd,2397890.1,41
USAF,USAF,Atlas America Fund,avg_dollar_volume_30d_below_15m_usd,69448.78,40
USAI,USAI,Pacer American Energy Infrastructure ETF,avg_dollar_volume_30d_below_15m_usd,475364.73,41
USAU,USAU,U.S. Gold Corp. - Common Stock,avg_dollar_volume_30d_below_15m_usd,4086884.88,41
USAX,USAX,Tradr 2X Long USAR Daily ETF,avg_dollar_volume_30d_below_15m_usd,2994672.42,41
USBC,USBC,"USBC, Inc. Common Stock",avg_dollar_volume_30d_below_15m_usd,165720.08,41
USCA,USCA,Xtrackers MSCI USA Climate Action Equity ETF,avg_dollar_volume_30d_below_15m_usd,10008196.93,41
USCB,USCB,"USCB Financial Holdings, Inc.  - Class A Common Stock",avg_dollar_volume_30d_below_15m_usd,1084749.51,41
USCI,USCI,United States Commodity Index Fund ETV,avg_dollar_volume_30d_below_15m_usd,2208748.22,41
USCL,USCL,iShares Climate Conscious & Transition MSCI USA ETF,avg_dollar_volume_30d_below_15m_usd,2311309.65,40
USDU,USDU,WisdomTree Bloomberg U.S. Dollar Bullish Fund,avg_dollar_volume_30d_below_15m_usd,9878798.64,41
USDX,USDX,SGI Enhanced Core ETF,avg_dollar_volume_30d_below_15m_usd,1240995.53,41
USE,USE,USCF Energy Commodity Strategy Absolute Return Fund,avg_dollar_volume_30d_below_15m_usd,58095.31,41
USEP,USEP,Innovator U.S. Equity Ultra Buffer ETF - September,avg_dollar_volume_30d_below_15m_usd,303156.7,41
USEW,USEW,Cambria US EW ETF,avg_dollar_volume_30d_below_15m_usd,17823.56,41
USFE,USFE,First Eagle US Equity ETF,avg_dollar_volume_30d_below_15m_usd,4253.21,41
USFI,USFI,BrandywineGLOBAL - U.S. Fixed Income ETF,avg_dollar_volume_30d_below_15m_usd,8660.24,40
USG,USG,USCF Gold Strategy Plus Income Fund,avg_dollar_volume_30d_below_15m_usd,106499.87,41
USGG,USGG,Leverage Shares 2X Long USAR Daily ETF,avg_dollar_volume_30d_below_15m_usd,3604914.71,41
USGO,USGO,U.S. GoldMining Inc. - Common stock,avg_dollar_volume_30d_below_15m_usd,556643.0,41
USIN,USIN,WisdomTree 7-10 Year Laddered Treasury Fund,avg_dollar_volume_30d_below_15m_usd,32422.22,40
USIO,USIO,"Usio, Inc. - Common Stock",avg_dollar_volume_30d_below_15m_usd,280483.53,41
USL,USL,United States 12 Month Oil,avg_dollar_volume_30d_below_15m_usd,1119678.24,41
USLN,USLN,iShares Broad USD Floating Rate Loan ETF,avg_dollar_volume_30d_below_15m_usd,9283.08,41
USLV,USLV,Direxion Daily Silver Bull 2X ETF,avg_dollar_volume_30d_below_15m_usd,661831.48,30
USMC,USMC,Principal U.S. Mega-Cap ETF,avg_dollar_volume_30d_below_15m_usd,7135729.91,41
USMD,USMD,CoreValues America First Technology ETF,avg_dollar_volume_30d_below_15m_usd,2315.4,40
USMF,USMF,WisdomTree U.S. Multifactor Fund,avg_dollar_volume_30d_below_15m_usd,2604177.49,41
USNA,USNA,"USANA Health Sciences, Inc. Common Stock",avg_dollar_volume_30d_below_15m_usd,2172363.01,41
USNG,USNG,Amplify Samsung U.S. Natural Gas Infrastructure ETF,avg_dollar_volume_30d_below_15m_usd,84411.41,41
USNZ,USNZ,Xtrackers Net Zero Pathway Paris Aligned US Equity ETF,avg_dollar_volume_30d_below_15m_usd,211013.12,41
USOY,USOY,Defiance Oil Enhanced Options Income ETF,avg_dollar_volume_30d_below_15m_usd,3147407.79,41
USPH,USPH,"U.S. Physical Therapy, Inc. Common Stock",avg_dollar_volume_30d_below_15m_usd,13920671.52,41
USPX,USPX,Franklin U.S. Equity Index ETF,avg_dollar_volume_30d_below_15m_usd,4624888.19,41
USRD,USRD,Themes US R&D Champions ETF,avg_dollar_volume_30d_below_15m_usd,8974.78,40
USSE,USSE,Segall Bryant & Hamill Trust Segall Bryant & Hamill Select Equity ETF,avg_dollar_volume_30d_below_15m_usd,1082828.45,41
USSG,USSG,Xtrackers MSCI USA Selection Equity ETF,avg_dollar_volume_30d_below_15m_usd,787306.07,41
USSH,USSH,WisdomTree 1-3 Year Laddered Treasury Fund,avg_dollar_volume_30d_below_15m_usd,76678.2,40
UST,UST,ProShares Ultra 7-10 Year Treasury,avg_dollar_volume_30d_below_15m_usd,295991.55,41
USTB,USTB,VictoryShares Short-Term Bond ETF,avg_dollar_volume_30d_below_15m_usd,9305806.3,41
USVM,USVM,VictoryShares US Small Mid Cap Value Momentum ETF,avg_dollar_volume_30d_below_15m_usd,4635898.62,41
USVN,USVN,US Treasury 7 Year Note ETF,avg_dollar_volume_30d_below_15m_usd,37528.76,40
USX,USX,Corgi Total U.S. Market 2x Daily ETF,avg_dollar_volume_30d_below_15m_usd,17223.1,25
USXF,USXF,iShares ESG Advanced MSCI USA ETF,avg_dollar_volume_30d_below_15m_usd,4588854.34,41
UTEN,UTEN,US Treasury 10 Year Note ETF,avg_dollar_volume_30d_below_15m_usd,1799256.74,41
UTES,UTES,Virtus Reaves Utilities ETF,avg_dollar_volume_30d_below_15m_usd,9967760.3,41
UTHY,UTHY,US Treasury 30 Year Bond ETF,avg_dollar_volume_30d_below_15m_usd,7911153.29,41
UTMD,UTMD,"Utah Medical Products, Inc. - Common Stock",avg_dollar_volume_30d_below_15m_usd,933008.7,41
UTRE,UTRE,US Treasury 3 Year Note ETF,avg_dollar_volume_30d_below_15m_usd,298028.15,40
UTSI,UTSI,UTStarcom Holdings Corp - Ordinary Shares,avg_dollar_volume_30d_below_15m_usd,1910344.74,40
UTSL,UTSL,Direxion Daily Utilities Bull 3X ETF,avg_dollar_volume_30d_below_15m_usd,5058547.02,41
UTWO,UTWO,US Treasury 2 Year Note ETF,avg_dollar_volume_30d_below_15m_usd,5415607.38,41
UTWY,UTWY,US Treasury 20 Year Bond ETF,avg_dollar_volume_30d_below_15m_usd,56779.22,41
UTZ,UTZ,Utz Brands Inc Class A Common Stock ,avg_dollar_volume_30d_below_15m_usd,12589699.2,41
UUPP,UUPP,Principal CLO ETF,avg_dollar_volume_30d_below_15m_usd,2853.79,33
UUU,UUU,"Universal Safety Products, Inc. Common Stock",avg_dollar_volume_30d_below_15m_usd,174832.11,41
UUUG,UUUG,Leverage Shares 2X Long UUUU Daily ETF,avg_dollar_volume_30d_below_15m_usd,2907728.3,41
UVE,UVE,UNIVERSAL INSURANCE HOLDINGS INC Common Stock,avg_dollar_volume_30d_below_15m_usd,7939821.41,41
UVSP,UVSP,Univest Financial Corporation - Common Stock,avg_dollar_volume_30d_below_15m_usd,9704811.17,41
UX,UX,Roundhill Uranium ETF,avg_dollar_volume_30d_below_15m_usd,208633.63,41
UXAP,UXAP,FT Vest U.S. Equity Uncapped Accelerator ETF - April,avg_dollar_volume_30d_below_15m_usd,64619.67,41
UXI,UXI,ProShares Ultra Industrials,avg_dollar_volume_30d_below_15m_usd,319570.78,41
UXJA,UXJA,FT Vest U.S. Equity Uncapped Accelerator ETF - January,avg_dollar_volume_30d_below_15m_usd,99384.56,41
UXJL,UXJL,FT Vest U.S. Equity Uncapped Accelerator ETF - July,avg_dollar_volume_30d_below_15m_usd,31790.53,41
UXOC,UXOC,FT Vest U.S. Equity Uncapped Accelerator ETF - October,avg_dollar_volume_30d_below_15m_usd,53934.82,41
UXRP,UXRP,ProShares Ultra XRP ETF,avg_dollar_volume_30d_below_15m_usd,1256772.16,41
UYG,UYG,ProShares Ultra Financials,avg_dollar_volume_30d_below_15m_usd,1356123.92,41
UYLD,UYLD,Angel Oak UltraShort Income ETF,avg_dollar_volume_30d_below_15m_usd,9887133.58,41
UYM,UYM,ProShares Ultra Materials,avg_dollar_volume_30d_below_15m_usd,268029.25,41
UZX,UZX,Linkage Global Inc - Class A Ordinary Shares,avg_dollar_volume_30d_below_15m_usd,2059784.31,41
VABK,VABK,Virginia National Bankshares Corporation - Common Stock,avg_dollar_volume_30d_below_15m_usd,368157.98,41
VABS,VABS,Virtus Newfleet ABS/MBS ETF,avg_dollar_volume_30d_below_15m_usd,1142214.84,41
VAIE,VAIE,VegaShares US Equity Autocallable Income ETF,avg_dollar_volume_30d_below_15m_usd,803591.52,40
VALG,VALG,Leverage Shares 2X Long VALE Daily ETF,avg_dollar_volume_30d_below_15m_usd,44384.87,40
VALQ,VALQ,American Century U.S. Quality Value ETF,avg_dollar_volume_30d_below_15m_usd,352707.72,41
VALU,VALU,"Value Line, Inc. - Common Stock",avg_dollar_volume_30d_below_15m_usd,130854.32,41
VAMO,VAMO,Cambria Value and Momentum ETF,avg_dollar_volume_30d_below_15m_usd,1812584.34,41
VANI,VANI,"Vivani Medical, Inc.  - Common Stock",avg_dollar_volume_30d_below_15m_usd,883951.62,41
VATE,VATE,INNOVATE Corp. Common Stock,avg_dollar_volume_30d_below_15m_usd,1859696.81,41
VAVX,VAVX,VanEck Avalanche ETF,avg_dollar_volume_30d_below_15m_usd,65067.53,40
VAW,VAW,Vanguard Materials ETF,avg_dollar_volume_30d_below_15m_usd,13352083.35,41
VBCA,VBCA,Vanguard Target Maturity 2027 Corporate Bond ETF,avg_dollar_volume_30d_below_15m_usd,950654.36,40
VBCB,VBCB,Vanguard Target Maturity 2028 Corporate Bond ETF,avg_dollar_volume_30d_below_15m_usd,1239057.68,41
VBCC,VBCC,Vanguard Target Maturity 2029 Corporate Bond ETF,avg_dollar_volume_30d_below_15m_usd,783872.3,40
VBCD,VBCD,Vanguard Target Maturity 2030 Corporate Bond ETF,avg_dollar_volume_30d_below_15m_usd,623698.17,41
VBCE,VBCE,Vanguard Target Maturity 2031 Corporate Bond ETF,avg_dollar_volume_30d_below_15m_usd,562229.3,40
VBCF,VBCF,Vanguard Target Maturity 2032 Corporate Bond ETF,avg_dollar_volume_30d_below_15m_usd,331884.23,40
VBCG,VBCG,Vanguard Target Maturity 2033 Corporate Bond ETF,avg_dollar_volume_30d_below_15m_usd,207936.53,40
VBCH,VBCH,Vanguard Target Maturity 2034 Corporate Bond ETF,avg_dollar_volume_30d_below_15m_usd,299361.03,40
VBCI,VBCI,Vanguard Target Maturity 2035 Corporate Bond ETF,avg_dollar_volume_30d_below_15m_usd,170479.9,40
VBCJ,VBCJ,Vanguard Target Maturity 2036 Corporate Bond ETF,avg_dollar_volume_30d_below_15m_usd,247996.5,40
VBIO,VBIO,"Valion Bio, Inc. - Common stock",avg_dollar_volume_30d_below_15m_usd,225915.62,41
VBNB,VBNB,VanEck BNB ETF,avg_dollar_volume_30d_below_15m_usd,50048.74,27
VBND,VBND,Vident U.S. Bond Strategy ETF,avg_dollar_volume_30d_below_15m_usd,1653728.14,41
VBNK,VBNK,VersaBank - Common Shares,avg_dollar_volume_30d_below_15m_usd,2562161.47,41
VBX,VBX,Corgi U.S. Small-Cap 2x Daily ETF,avg_dollar_volume_30d_below_15m_usd,13725.18,25
VCEB,VCEB,Vanguard ESG U.S. Corporate Bond ETF,avg_dollar_volume_30d_below_15m_usd,6193477.47,41
VCHY,VCHY,Vanguard U.S. High-Yield Corporate Bond Index ETF,avg_dollar_volume_30d_below_15m_usd,2745263.51,24
VCIG,VCIG,VCI Global Limited - Ordinary Share,avg_dollar_volume_30d_below_15m_usd,10376085.53,41
VCLN,VCLN,Virtus Duff & Phelps Clean Energy ETF,avg_dollar_volume_30d_below_15m_usd,31437.01,41
VCOB,VCOB,Voya Core Bond ETF,avg_dollar_volume_30d_below_15m_usd,126538.95,40
VDG,VDG,Vanguard Developed Markets ex-US Growth Index ETF,avg_dollar_volume_30d_below_15m_usd,616061.38,41
VDI,VDI,Virtus International Dividend ETF,avg_dollar_volume_30d_below_15m_usd,4142.43,41
VDIG,VDIG,Vanguard Wellington Dividend Growth Active ETF,avg_dollar_volume_30d_below_15m_usd,556170.04,41
VDV,VDV,Vanguard Developed Markets ex-US Value Index ETF,avg_dollar_volume_30d_below_15m_usd,629745.67,41
VEEA,VEEA,Veea Inc. - Common Stock,avg_dollar_volume_30d_below_15m_usd,652036.9,41
VEEE,VEEE,Twin Vee PowerCats Co. - Common Stock,avg_dollar_volume_30d_below_15m_usd,832370.31,41
VEFA,VEFA,VanEck MSCI EAFE Analyst Sentiment ETF,avg_dollar_volume_30d_below_15m_usd,4775.3,40
VEGA,VEGA,AdvisorShares STAR Global Buy-Write ETF,avg_dollar_volume_30d_below_15m_usd,316508.2,41
VEGI,VEGI,iShares MSCI Agriculture Producers ETF,avg_dollar_volume_30d_below_15m_usd,1963700.92,41
VEGN,VEGN,US Vegan Climate ETF,avg_dollar_volume_30d_below_15m_usd,494824.33,41
VEL,VEL,"Velocity Financial, Inc. Common Stock",avg_dollar_volume_30d_below_15m_usd,1591555.48,41
VELL,VELL,Defiance Daily Target 2X Long VELO ETF,avg_dollar_volume_30d_below_15m_usd,2005890.61,23
VEM,VEM,Virtus Emerging Markets Dividend ETF,avg_dollar_volume_30d_below_15m_usd,12645.46,41
VEMY,VEMY,Virtus Stone Harbor Emerging Markets High Yield Bond ETF,avg_dollar_volume_30d_below_15m_usd,1075593.82,41
VENU,VENU,Venu Holding Corporation Common Stock,avg_dollar_volume_30d_below_15m_usd,2359733.46,41
VERI,VERI,"Veritone, Inc. - Common Stock",avg_dollar_volume_30d_below_15m_usd,4417405.37,41
VERS,VERS,ProShares Metaverse ETF,avg_dollar_volume_30d_below_15m_usd,36508.88,41
VET,VET,Vermilion Energy Inc. Common (Canada),avg_dollar_volume_30d_below_15m_usd,14874103.5,41
VETZ,VETZ,Academy Veteran Bond ETF,avg_dollar_volume_30d_below_15m_usd,214102.08,41
VEXC,VEXC,Vanguard Emerging Markets Ex-China ETF,avg_dollar_volume_30d_below_15m_usd,3159493.05,41
VFF,VFF,"Village Farms International, Inc. - Common Shares",avg_dollar_volume_30d_below_15m_usd,2344698.98,41
VFMF,VFMF,Vanguard U.S. Multifactor ETF,avg_dollar_volume_30d_below_15m_usd,4511026.76,41
VFMV,VFMV,Vanguard U.S. Minimum Volatility ETF,avg_dollar_volume_30d_below_15m_usd,2621684.26,41
VFQY,VFQY,Vanguard U.S. Quality Factor ETF,avg_dollar_volume_30d_below_15m_usd,1176233.7,41
VFS,VFS,VinFast Auto Ltd. - Ordinary Shares,avg_dollar_volume_30d_below_15m_usd,1625052.46,41
VFVA,VFVA,Vanguard U.S. Value Factor ETF,avg_dollar_volume_30d_below_15m_usd,1408406.29,41
VGAS,VGAS,"Verde Clean Fuels, Inc. - Class A Common Stock",avg_dollar_volume_30d_below_15m_usd,65056.73,41
VGHY,VGHY,Vanguard High-Yield Active ETF,avg_dollar_volume_30d_below_15m_usd,3874380.06,41
VGMS,VGMS,Vanguard Multi-Sector Income Bond ETF,avg_dollar_volume_30d_below_15m_usd,1873845.59,41
VGRO,VGRO,Virtus Silvant Growth Opportunities ETF,avg_dollar_volume_30d_below_15m_usd,25761.56,40
VGSR,VGSR,Vert Global Sustainable Real Estate ETF,avg_dollar_volume_30d_below_15m_usd,940734.44,41
VGUS,VGUS,Vanguard Ultra-Short Treasury ETF,avg_dollar_volume_30d_below_15m_usd,11266561.45,41
VGVT,VGVT,Vanguard Government Securities Active ETF,avg_dollar_volume_30d_below_15m_usd,689524.05,41
VGZ,VGZ,Vista Gold Corp Common Stock,avg_dollar_volume_30d_below_15m_usd,5931857.33,41
VHC,VHC,VirnetX Holding Corp - Common Stock,avg_dollar_volume_30d_below_15m_usd,377016.14,41
VHCP,VHCP,Vine Hill Capital Investment Corp. II - Class A Ordinary Shares,avg_dollar_volume_30d_below_15m_usd,225843.5,41
VHI,VHI,"Valhi, Inc. Common Stock",avg_dollar_volume_30d_below_15m_usd,192837.25,41
VHUB,VHUB,"VenHub Global, Inc. - Common Stock",avg_dollar_volume_30d_below_15m_usd,311866.92,41
VIAG,VIAG,Leverage Shares 2X Long VIAV Daily ETF,avg_dollar_volume_30d_below_15m_usd,4786.3,3
VICE,VICE,AdvisorShares Vice ETF,avg_dollar_volume_30d_below_15m_usd,14889.66,41
VIDA,VIDA,VIDA Global Inc. Class A Common Stock,avg_dollar_volume_30d_below_15m_usd,1415002.82,37
VIDI,VIDI,Vident International Equity Strategy ETF,avg_dollar_volume_30d_below_15m_usd,823559.4,41
VINP,VINP,Vinci Compass Investments Ltd. - Class A Common Shares,avg_dollar_volume_30d_below_15m_usd,597820.96,41
VIOG,VIOG,Vanguard S&P Small-Cap 600 Growth ETF,avg_dollar_volume_30d_below_15m_usd,5796976.37,41
VIOO,VIOO,Vanguard S&P Small-Cap 600 ETF,avg_dollar_volume_30d_below_15m_usd,10054587.96,41
VIOV,VIOV,Vanguard S&P Small-Cap 600 Value ETF,avg_dollar_volume_30d_below_15m_usd,4962379.27,41
VIRC,VIRC,Virco Manufacturing Corporation - Common Stock,avg_dollar_volume_30d_below_15m_usd,643117.45,41
VIVK,VIVK,"Vivakor, Inc. - Common Stock",avg_dollar_volume_30d_below_15m_usd,3824450.43,41
VIVO,VIVO,VivoPower PLC - Class A Ordinary Shares,avg_dollar_volume_30d_below_15m_usd,9468511.88,41
VIVS,VIVS,"VivoSim Labs, Inc. - Common Stock",avg_dollar_volume_30d_below_15m_usd,108769.97,41
VIXM,VIXM,VIX Mid-Term Futures ETF,avg_dollar_volume_30d_below_15m_usd,3691296.7,41
VLGEA,VLGEA,"Village Super Market, Inc. - Class A Common Stock",avg_dollar_volume_30d_below_15m_usd,2714200.91,41
VLLU,VLLU,Harbor AlphaEdge Large Cap Value ETF,avg_dollar_volume_30d_below_15m_usd,3774.07,41
VLN,VLN,Valens Semiconductor Ltd. Ordinary Shares,avg_dollar_volume_30d_below_15m_usd,7072348.65,41
VLU,VLU,State Street SPDR S&P 1500 Value Tilt ETF,avg_dollar_volume_30d_below_15m_usd,1762886.18,41
VMAR,VMAR,Vision Marine Technologies Inc. - Common Shares,avg_dollar_volume_30d_below_15m_usd,2060639.45,41
VMAX,VMAX,Hartford US Value ETF,avg_dollar_volume_30d_below_15m_usd,6603.84,41
VMD,VMD,"Viemed Healthcare, Inc. - Common Shares",avg_dollar_volume_30d_below_15m_usd,3266045.25,41
VMET,VMET,Versamet Royalties Corporation - Common Stock,avg_dollar_volume_30d_below_15m_usd,2709745.07,41
VMSB,VMSB,Voya Multi-Sector Income ETF,avg_dollar_volume_30d_below_15m_usd,3141.48,40
VNCE,VNCE,Vince Holding Corp. - Common Stock,avg_dollar_volume_30d_below_15m_usd,1710789.21,41
VNDA,VNDA,Vanda Pharmaceuticals Inc. - Common Stock,avg_dollar_volume_30d_below_15m_usd,5497684.95,41
VNIE,VNIE,Vontobel International Equity Active ETF,avg_dollar_volume_30d_below_15m_usd,3387.82,41
VNRX,VNRX,VolitionRX Limited Common Stock,avg_dollar_volume_30d_below_15m_usd,541221.71,41
VNSE,VNSE,Natixis Vaughan Nelson Select ETF,avg_dollar_volume_30d_below_15m_usd,36116.99,41
VNTG,VNTG,Vantage Corp Class A Ordinary Shares,avg_dollar_volume_30d_below_15m_usd,1116474.49,41
VOOV,VOOV,Vanguard S&P 500 Value ETF,avg_dollar_volume_30d_below_15m_usd,14958603.1,41
VOOX,VOOX,Corgi U.S. Large-Cap 2x Daily ETF,avg_dollar_volume_30d_below_15m_usd,42892.34,25
VOTE,VOTE,TCW Transform 500 ETF,avg_dollar_volume_30d_below_15m_usd,2704778.14,41
VOXP,VOXP,Vox Populi ETF,avg_dollar_volume_30d_below_15m_usd,18923.32,41
VOXR,VOXR,Vox Royalty Corp. - common stock,avg_dollar_volume_30d_below_15m_usd,2723944.23,41
VPC,VPC,Virtus Private Credit Strategy ETF,avg_dollar_volume_30d_below_15m_usd,140161.9,41
VPLS,VPLS,Vanguard Core Plus Bond ETF,avg_dollar_volume_30d_below_15m_usd,12922573.23,41
VPX,VPX,Variant Perception Cycle Aware US Equity ETF,avg_dollar_volume_30d_below_15m_usd,89348.07,40
VRA,VRA,"Vera Bradley, Inc. - Common Stock",avg_dollar_volume_30d_below_15m_usd,1996218.79,41
VRAI,VRAI,Virtus Real Asset Income ETF,avg_dollar_volume_30d_below_15m_usd,42098.25,41
VRCA,VRCA,Verrica Pharmaceuticals Inc. - Common Stock,avg_dollar_volume_30d_below_15m_usd,251526.04,41
VREX,VREX,Varex Imaging Corporation - Common Stock,avg_dollar_volume_30d_below_15m_usd,4559746.65,41
VRM,VRM,"Vroom, Inc. - Common Stock",avg_dollar_volume_30d_below_15m_usd,432400.72,41
VRME,VRME,"VerifyMe, Inc. - Common Stock",avg_dollar_volume_30d_below_15m_usd,47894.87,41
VRP,VRP,Invesco Variable Rate Preferred ETF,avg_dollar_volume_30d_below_15m_usd,13939683.05,41
VRTL,VRTL,GraniteShares 2x Long VRT Daily ETF,avg_dollar_volume_30d_below_15m_usd,14542777.85,41
VRXA,VRXA,Veraxa Biotech AG - Ordinary Shares,avg_dollar_volume_30d_below_15m_usd,2201034.84,41
VS,VS,Versus Systems Inc. - Common Stock,avg_dollar_volume_30d_below_15m_usd,92713.69,41
VSDA,VSDA,VictoryShares Dividend Accelerator ETF,avg_dollar_volume_30d_below_15m_usd,694917.84,41
VSDB,VSDB,Vanguard Short Duration Bond ETF,avg_dollar_volume_30d_below_15m_usd,4290794.15,41
VSDM,VSDM,Vanguard Short Duration Tax-Exempt Bond ETF,avg_dollar_volume_30d_below_15m_usd,8286954.09,41
VSEE,VSEE,"VSee Health, Inc. - Common Stock",avg_dollar_volume_30d_below_15m_usd,580785.03,41
VSHY,VSHY,Virtus Newfleet Short Duration High Yield Bond ETF,avg_dollar_volume_30d_below_15m_usd,49430.07,41
VSLU,VSLU,Applied Finance Valuation Large Cap ETF,avg_dollar_volume_30d_below_15m_usd,2368724.4,41
VSMV,VSMV,VictoryShares US Multi-Factor Minimum Volatility ETF,avg_dollar_volume_30d_below_15m_usd,227043.77,41
VSOL,VSOL,VanEck Solana ETF,avg_dollar_volume_30d_below_15m_usd,204847.17,41
VSTD,VSTD,Vestand Inc.  - Class A Common Stock,avg_dollar_volume_30d_below_15m_usd,27726.49,41
VSTL,VSTL,Defiance Daily Target 2X Long VST ETF,avg_dollar_volume_30d_below_15m_usd,1771897.62,41
VSTM,VSTM,"Verastem, Inc. - Common Stock",avg_dollar_volume_30d_below_15m_usd,11340856.22,41
VTC,VTC,Vanguard Total Corporate Bond ETF,avg_dollar_volume_30d_below_15m_usd,7475977.87,41
VTEI,VTEI,Vanguard Tax-Managed Funds Vanguard Intermediate-Term Tax-Exempt Bond ETF,avg_dollar_volume_30d_below_15m_usd,10336512.86,41
VTEL,VTEL,Vanguard Long-Term Tax-Exempt Bond ETF,avg_dollar_volume_30d_below_15m_usd,2290318.26,41
VTEX,VTEX,VTEX Class A Common Shares,avg_dollar_volume_30d_below_15m_usd,6433016.44,41
VTG,VTG,Vanguard Total Treasury ETF,avg_dollar_volume_30d_below_15m_usd,3073859.64,41
VTGN,VTGN,"Vistagen Therapeutics, Inc. - Common Stock",avg_dollar_volume_30d_below_15m_usd,1085391.03,41
VTHR,VTHR,Vanguard Russell 3000 ETF,avg_dollar_volume_30d_below_15m_usd,10447018.25,41
VTIX,VTIX,Virtuix Holdings Inc. - Class A Common Stock,avg_dollar_volume_30d_below_15m_usd,1776017.46,41
VTOL,VTOL,"Bristow Group, Inc. Common Stock",avg_dollar_volume_30d_below_15m_usd,10868870.36,41
VTP,VTP,Vanguard Total Inflation-Protected Securities ETF,avg_dollar_volume_30d_below_15m_usd,2029704.19,41
VTS,VTS,"Vitesse Energy, Inc. Common Stock",avg_dollar_volume_30d_below_15m_usd,9913008.28,41
VTSI,VTSI,"VirTra, Inc. - Common Stock",avg_dollar_volume_30d_below_15m_usd,163732.87,41
VTVT,VTVT,vTv Therapeutics Inc. - Class A Common Stock,avg_dollar_volume_30d_below_15m_usd,1704729.95,41
VTWG,VTWG,Vanguard Russell 2000 Growth ETF,avg_dollar_volume_30d_below_15m_usd,6847175.6,41
VTWV,VTWV,Vanguard Russell 2000 Value ETF,avg_dollar_volume_30d_below_15m_usd,5868795.09,41
VUS,VUS,Virtus US Dividend ETF,avg_dollar_volume_30d_below_15m_usd,15417.81,41
VUSE,VUSE,Vident U.S. Equity Strategy ETF,avg_dollar_volume_30d_below_15m_usd,1116283.76,41
VUSG,VUSG,Vanguard Wellington U.S. Growth Active ETF,avg_dollar_volume_30d_below_15m_usd,5663826.24,41
VUSI,VUSI,Voya Ultra Short Income ETF,avg_dollar_volume_30d_below_15m_usd,2685892.41,41
VUSV,VUSV,Vanguard Wellington U.S. Value Active ETF,avg_dollar_volume_30d_below_15m_usd,716884.53,41
VUZI,VUZI,Vuzix Corporation  - Common Stock,avg_dollar_volume_30d_below_15m_usd,6150181.45,41
VVOS,VVOS,"Vivos Therapeutics, Inc. - Common Stock",avg_dollar_volume_30d_below_15m_usd,2510442.72,41
VWAV,VWAV,"VisionWave Holdings, Inc. - Common Stock",avg_dollar_volume_30d_below_15m_usd,4737212.68,41
VYGR,VYGR,"Voyager Therapeutics, Inc. - Common Stock",avg_dollar_volume_30d_below_15m_usd,2281597.14,41
VYNE,VYNE,VYNE Therapeutics Inc. - Common Stock,avg_dollar_volume_30d_below_15m_usd,90244.46,41
WABC,WABC,Westamerica Bancorporation - Common Stock,avg_dollar_volume_30d_below_15m_usd,12010109.34,41
WABF,WABF,Western Asset Bond ETF,avg_dollar_volume_30d_below_15m_usd,24897.2,40
WAFU,WAFU,Wah Fu Education Group Limited - Ordinary Shares,avg_dollar_volume_30d_below_15m_usd,44760.11,41
WAGN,WAGN,Pabrai Wagons ETF,avg_dollar_volume_30d_below_15m_usd,2934633.72,41
WAI,WAI,Top KingWin Ltd - Class A Ordinary Shares,avg_dollar_volume_30d_below_15m_usd,310496.03,41
WALD,WALD,Waldencast plc - Class A Ordinary Share,avg_dollar_volume_30d_below_15m_usd,1530880.48,41
WAMA,WAMA,WisdomTree US Adaptive Moving Average Fund,avg_dollar_volume_30d_below_15m_usd,190369.17,40
WANT,WANT,Direxion Daily Consumer Discretionary Bull 3X ETF,avg_dollar_volume_30d_below_15m_usd,1176701.8,41
WAR,WAR,U.S. Global Technology and Aerospace & Defense ETF,avg_dollar_volume_30d_below_15m_usd,867183.48,41
WARP,WARP,VanEck Space ETF,avg_dollar_volume_30d_below_15m_usd,5478141.24,41
WATS,WATS,Corgi Battery Energy Storage Systems ETF,avg_dollar_volume_30d_below_15m_usd,25570.97,41
WATT,WATT,Energous Corporation - Common Stock,avg_dollar_volume_30d_below_15m_usd,6749658.54,41
WBIF,WBIF,WBI BullBear Value 3000 ETF,avg_dollar_volume_30d_below_15m_usd,43476.96,41
WBIG,WBIG,WBI BullBear Yield 3000 ETF,avg_dollar_volume_30d_below_15m_usd,79727.1,41
WBIL,WBIL,WBI BullBear Quality 3000 ETF,avg_dollar_volume_30d_below_15m_usd,72981.6,41
WBIY,WBIY,WBI Power Factor High Dividend ETF,avg_dollar_volume_30d_below_15m_usd,157640.44,41
WBTN,WBTN,WEBTOON Entertainment Inc. - Common stock,avg_dollar_volume_30d_below_15m_usd,3767136.16,41
WBUY,WBUY,WEBUY GLOBAL LTD. - Class A Ordinary Shares,avg_dollar_volume_30d_below_15m_usd,285011.59,41
WBX,WBX,Wallbox N.V. Class A Ordinary Shares,avg_dollar_volume_30d_below_15m_usd,1008470.12,41
WCAP,WCAP,WarCap Unconstrained Equity ETF,avg_dollar_volume_30d_below_15m_usd,67079.17,40
WCBR,WCBR,WisdomTree Cybersecurity Fund,avg_dollar_volume_30d_below_15m_usd,1444001.67,41
WCEO,WCEO,Hypatia Women CEO ETF,avg_dollar_volume_30d_below_15m_usd,48419.38,41
WCME,WCME,First Trust WCM Developing World Equity ETF,avg_dollar_volume_30d_below_15m_usd,146273.46,41
WCMG,WCMG,First Trust WCM Global Equity ETF,avg_dollar_volume_30d_below_15m_usd,32388.74,41
WCPB,WCPB,Weitz Core Plus Bond ETF,avg_dollar_volume_30d_below_15m_usd,1253719.47,40
WCT,WCT,Wellchange Holdings Company Limited - Class A Ordinary shares,avg_dollar_volume_30d_below_15m_usd,13013752.65,41
WDAF,WDAF,WisdomTree Asia Defense Fund,avg_dollar_volume_30d_below_15m_usd,320914.5,41
WDAI,WDAI,Pacer S&P World 3AI Top 300 ETF,avg_dollar_volume_30d_below_15m_usd,38251.59,41
WDE,WDE,Principal Securitized Debt ETF,avg_dollar_volume_30d_below_15m_usd,1096.1,32
WDEF,WDEF,WisdomTree Europe Defense Fund,avg_dollar_volume_30d_below_15m_usd,962686.01,41
WDGF,WDGF,WisdomTree Global Defense Fund,avg_dollar_volume_30d_below_15m_usd,252328.62,40
WDIG,WDIG,WisdomTree Efficient Rare Earth Plus Strategic Metals Fund,avg_dollar_volume_30d_below_15m_usd,83037.16,41
WDIV,WDIV,State Street SPDR S&P Global Dividend ETF,avg_dollar_volume_30d_below_15m_usd,618438.19,41
WDNA,WDNA,WisdomTree BioRevolution Fund,avg_dollar_volume_30d_below_15m_usd,30390.89,41
WDRN,WDRN,"WisdomTree Physical AI, Humanoids and Drones Fund",avg_dollar_volume_30d_below_15m_usd,1376354.53,38
WDTE,WDTE,Defiance S&P 500 Weekly Distribution ETF,avg_dollar_volume_30d_below_15m_usd,836931.2,41
WEAT,WEAT,Teucrium Wheat Fund ETV,avg_dollar_volume_30d_below_15m_usd,11163793.05,41
WEAV,WEAV,"Weave Communications, Inc. Common Stock",avg_dollar_volume_30d_below_15m_usd,5922789.59,41
WEBL,WEBL,Direxion Daily Dow Jones Internet Bull 3X ETF,avg_dollar_volume_30d_below_15m_usd,7400358.74,41
WEBS,WEBS,Direxion Daily Dow Jones Internet Bear 3X ETF,avg_dollar_volume_30d_below_15m_usd,1486828.07,41
WEBX,WEBX,Corgi Chinese Internet 2x Daily ETF,avg_dollar_volume_30d_below_15m_usd,11297.88,25
WEED,WEED,Roundhill Cannabis ETF,avg_dollar_volume_30d_below_15m_usd,521418.12,41
WEEI,WEEI,Westwood Salient Enhanced Energy Income ETF,avg_dollar_volume_30d_below_15m_usd,917373.92,41
WEEK,WEEK,Roundhill Weekly T-Bill ETF,avg_dollar_volume_30d_below_15m_usd,3870138.7,41
WEEL,WEEL,Peerless Option Income Wheel ETF,avg_dollar_volume_30d_below_15m_usd,351864.35,41
WELD,WELD,Tema U.S. Manufacturing & Reshoring ETF,avg_dollar_volume_30d_below_15m_usd,3042448.5,41
WENC,WENC,West Enclave Merger Corp. Ordinary Shares,avg_dollar_volume_30d_below_15m_usd,230451.89,39
WEPN,WEPN,Nicholas Defense and Rare Earth Income ETF,avg_dollar_volume_30d_below_15m_usd,104048.61,41
WEST,WEST,Westrock Coffee Company - Common Stock,avg_dollar_volume_30d_below_15m_usd,6664471.48,41
WETH,WETH,Wetouch Technology Inc. - Common Stock,avg_dollar_volume_30d_below_15m_usd,189867.09,41
WETO,WETO,Wetour Robotics Limited - Ordinary Shares,avg_dollar_volume_30d_below_15m_usd,176944.86,41
WEYS,WEYS,"Weyco Group, Inc. - Common Stock",avg_dollar_volume_30d_below_15m_usd,753915.5,41
WFCF,WFCF,"Where Food Comes From, Inc. - Common Stock",avg_dollar_volume_30d_below_15m_usd,198172.27,40
WFF,WFF,WF Holding Limited - Ordinary Shares,avg_dollar_volume_30d_below_15m_usd,399766.74,41
WFG,WFG,West Fraser Timber Co. Ltd Common stock,avg_dollar_volume_30d_below_15m_usd,13998699.6,41
WGRX,WGRX,"Wellgistics Health, Inc. - Common Stock",avg_dollar_volume_30d_below_15m_usd,1465930.98,40
WHG,WHG,Westwood Holdings Group Inc Common Stock,avg_dollar_volume_30d_below_15m_usd,592624.18,41
WHK,WHK,WhiteHawk Minerals Corp Class A Common Stock,avg_dollar_volume_30d_below_15m_usd,9197130.45,21
WHWK,WHWK,"Whitehawk Therapeutics, Inc. - Common Stock",avg_dollar_volume_30d_below_15m_usd,2148974.21,41
WILC,WILC,"G. Willi-Food International,  Ltd. - Ordinary Shares",avg_dollar_volume_30d_below_15m_usd,88625.47,40
WIMA,WIMA,WisdomTree International Adaptive Moving Average Fund,avg_dollar_volume_30d_below_15m_usd,167437.63,40
WIMI,WIMI,WiMi Hologram Cloud Inc. - Class B Ordinary Shares,avg_dollar_volume_30d_below_15m_usd,184595.61,41
WINN,WINN,Harbor Long-Term Growers ETF,avg_dollar_volume_30d_below_15m_usd,3723374.61,41
WIP,WIP,State Street SPDR FTSE International Government Inflation-Protected Bond ETF,avg_dollar_volume_30d_below_15m_usd,5112525.92,41
WISE,WISE,Themes Generative Artificial Intelligence ETF,avg_dollar_volume_30d_below_15m_usd,636096.15,41
WKHS,WKHS,"Workhorse Group, Inc. - Common Stock",avg_dollar_volume_30d_below_15m_usd,537001.35,41
WKSP,WKSP,"Worksport, Ltd. - Common Stock",avg_dollar_volume_30d_below_15m_usd,9276314.72,41
WLDR,WLDR,Simplify Affinity World Leaders Equity ETF,avg_dollar_volume_30d_below_15m_usd,616892.85,41
WLDS,WLDS,Wearable Devices Ltd. - Ordinary Share,avg_dollar_volume_30d_below_15m_usd,1027933.03,41
WLDU,WLDU,Leverage Shares 2x Long World Stock Daily ETF,avg_dollar_volume_30d_below_15m_usd,127539.64,41
WLTG,WLTG,WealthTrust DBS Long Term Growth ETF,avg_dollar_volume_30d_below_15m_usd,278631.5,41
WLYB,WLYB,"John Wiley & Sons, Inc. Common Stock",avg_dollar_volume_30d_below_15m_usd,16658.77,40
WMK,WMK,"Weis Markets, Inc. Common Stock",avg_dollar_volume_30d_below_15m_usd,14035834.19,41
WMSB,WMSB,Weitz Multisector Bond ETF,avg_dollar_volume_30d_below_15m_usd,40417.92,40
WMTI,WMTI,REX WMT Growth & Income ETF,avg_dollar_volume_30d_below_15m_usd,1017715.81,41
WNC,WNC,Wabash National Corporation Common Stock,avg_dollar_volume_30d_below_15m_usd,9815444.06,41
WNDR,WNDR,Corgi Travel & Leisure ETF,avg_dollar_volume_30d_below_15m_usd,22589.52,41
WNEB,WNEB,"Western New England Bancorp, Inc. - Common Stock",avg_dollar_volume_30d_below_15m_usd,732182.45,41
WNTR,WNTR,YieldMax MSTR Short Option Income Strategy ETF,avg_dollar_volume_30d_below_15m_usd,4791037.34,41
WNW,WNW,Meiwu Technology Company Limited - Ordinary Shares,avg_dollar_volume_30d_below_15m_usd,3746046.7,41
WOK,WOK,WORK Medical Technology Group LTD - Class A Ordinary Shares,avg_dollar_volume_30d_below_15m_usd,8461436.2,41
WOMN,WOMN,Impact Shares Women's Empowerment ETF,avg_dollar_volume_30d_below_15m_usd,110466.93,41
WOOD,WOOD,iShares Global Timber & Forestry ETF,avg_dollar_volume_30d_below_15m_usd,901246.57,41
WOOF,WOOF,"Petco Health and Wellness Company, Inc. - Class A Common Stock",avg_dollar_volume_30d_below_15m_usd,6526232.26,41
WPRT,WPRT,Westport Fuel Systems Inc - Common Shares,avg_dollar_volume_30d_below_15m_usd,4723243.61,40
WR,WR,Corgi U.S. War Machine ETF,avg_dollar_volume_30d_below_15m_usd,94141.12,41
WRAP,WRAP,"Wrap Technologies, Inc. - Common Stock",avg_dollar_volume_30d_below_15m_usd,1876820.88,41
WRN,WRN,Western Copper and Gold Corporation Common Stock,avg_dollar_volume_30d_below_15m_usd,4718648.58,41
WRND,WRND,NYLI Global Equity R&D Leaders ETF,avg_dollar_volume_30d_below_15m_usd,14420.76,40
WRTH,WRTH,Worth Charting Options Income ETF,avg_dollar_volume_30d_below_15m_usd,1603940.52,41
WS,WS,"Worthington Steel, Inc. Common Shares",avg_dollar_volume_30d_below_15m_usd,13299047.38,41
WSBF,WSBF,"Waterstone Financial, Inc. - Common Stock",avg_dollar_volume_30d_below_15m_usd,1529670.47,41
WSBK,WSBK,"Winchester Bancorp, Inc. - Common Stock",avg_dollar_volume_30d_below_15m_usd,96270.23,40
WSDB,WSDB,Weitz Short Duration Bond ETF,avg_dollar_volume_30d_below_15m_usd,53740.93,40
WSGE,WSGE,Warren Street Global Equity ETF,avg_dollar_volume_30d_below_15m_usd,76687.67,40
WSHP,WSHP,WeShop Holdings Limited - Class A Ordinary Shares,avg_dollar_volume_30d_below_15m_usd,3916536.49,41
WSML,WSML,iShares MSCI World Small-Cap ETF,avg_dollar_volume_30d_below_15m_usd,617185.25,41
WSO.B,WSO-B,"Watsco, Inc. Class B Common Stock",avg_dollar_volume_30d_below_15m_usd,2450.0,40
WSPC,WSPC,WisdomTree Space Economy Fund,avg_dollar_volume_30d_below_15m_usd,10666.33,1
WSR,WSR,Whitestone REIT Common Shares,avg_dollar_volume_30d_below_15m_usd,12278737.21,41
WTAI,WTAI,WisdomTree Artificial Intelligence and Innovation Fund,avg_dollar_volume_30d_below_15m_usd,13101678.39,41
WTBA,WTBA,West Bancorporation - Common Stock,avg_dollar_volume_30d_below_15m_usd,1900211.74,41
WTBN,WTBN,WisdomTree Bianco Total Return Fund,avg_dollar_volume_30d_below_15m_usd,406833.13,41
WTF,WTF,Waton Financial Limited - Ordinary Shares,avg_dollar_volume_30d_below_15m_usd,239419.8,40
WTIB,WTIB,USCF Oil Plus Bitcoin Strategy Fund,avg_dollar_volume_30d_below_15m_usd,41339.25,41
WTIP,WTIP,WisdomTree Inflation Plus Fund,avg_dollar_volume_30d_below_15m_usd,231397.42,41
WTLS,WTLS,WisdomTree Efficient Long/Short U.S. Equity Fund,avg_dollar_volume_30d_below_15m_usd,113049.39,41
WTMF,WTMF,WisdomTree Managed Futures Strategy Fund,avg_dollar_volume_30d_below_15m_usd,1050780.67,41
WTMU,WTMU,WisdomTree Core Laddered Municipal Fund,avg_dollar_volume_30d_below_15m_usd,56088.73,40
WTMY,WTMY,WisdomTree High Income Laddered Municipal Fund,avg_dollar_volume_30d_below_15m_usd,6668.43,40
WTPI,WTPI,WisdomTree Equity Premium Income Fund,avg_dollar_volume_30d_below_15m_usd,2762248.64,41
WTRE,WTRE,WisdomTree New Economy Real Estate Fund,avg_dollar_volume_30d_below_15m_usd,91525.42,41
WUGI,WUGI,AXS Esoterica NextG Economy ETF,avg_dollar_volume_30d_below_15m_usd,290118.64,41
WULX,WULX,Tradr 2X Long WULF Daily ETF,avg_dollar_volume_30d_below_15m_usd,7302710.6,41
WVVI,WVVI,"Willamette Valley Vineyards, Inc. - Common Stock",avg_dollar_volume_30d_below_15m_usd,29162.5,40
WW,WW,"WW International, Inc.  - Common Stock",avg_dollar_volume_30d_below_15m_usd,3685902.1,41
WWJD,WWJD,Inspire International ETF,avg_dollar_volume_30d_below_15m_usd,2518830.35,41
WWR,WWR,"Westwater Resources, Inc. Common Stock",avg_dollar_volume_30d_below_15m_usd,437794.58,41
WX,WX,Corgi All World 2x Daily ETF,avg_dollar_volume_30d_below_15m_usd,13826.6,25
WXET,WXET,Teucrium 2x Daily Wheat ETF,avg_dollar_volume_30d_below_15m_usd,305723.55,41
WXM,WXM,WF International Limited - Ordinary Shares,avg_dollar_volume_30d_below_15m_usd,663343.93,41
WYFL,WYFL,Defiance Daily Target 2X Long WYFI ETF,avg_dollar_volume_30d_below_15m_usd,2475973.02,24
WYY,WYY,WidePoint Corporation Common Stock,avg_dollar_volume_30d_below_15m_usd,7879670.02,41
WZRD,WZRD,Opportunistic Trader ETF,avg_dollar_volume_30d_below_15m_usd,22701.55,41
XA,XA,Corgi AI Cybersecurity ETF,avg_dollar_volume_30d_below_15m_usd,71291.55,41
XAGG,XAGG,Eaton Vance Income Opportunities ETF,avg_dollar_volume_30d_below_15m_usd,11713342.29,41
XAGI,XAGI,Corgi AGIX 2x Daily ETF,avg_dollar_volume_30d_below_15m_usd,28693.92,25
XAIR,XAIR,"Beyond Air, Inc. - Common Stock",avg_dollar_volume_30d_below_15m_usd,113837.87,41
XAIX,XAIX,Xtrackers Artificial Intelligence and Big Data ETF,avg_dollar_volume_30d_below_15m_usd,2585167.92,41
XAPR,XAPR,FT Vest U.S. Equity Enhance & Moderate Buffer ETF - April,avg_dollar_volume_30d_below_15m_usd,103123.7,41
XAUG,XAUG,FT Vest U.S. Equity Enhance & Moderate Buffer ETF - August,avg_dollar_volume_30d_below_15m_usd,1021046.64,41
XB,XB,BondBloxx B-Rated USD High Yield Corporate Bond ETF,avg_dollar_volume_30d_below_15m_usd,622412.77,41
XBAP,XBAP,Innovator U.S. Equity Accelerated 9 Buffer ETF - April,avg_dollar_volume_30d_below_15m_usd,267888.57,41
XBB,XBB,BondBloxx BB-Rated USD High Yield Corporate Bond ETF,avg_dollar_volume_30d_below_15m_usd,8151553.77,41
XBCI,XBCI,NEOS Boosted Bitcoin High Income ETF,avg_dollar_volume_30d_below_15m_usd,6020505.07,41
XBFR,XBFR,Innovator Equity Managed 10 Buffer ETF,avg_dollar_volume_30d_below_15m_usd,347091.29,41
XBIL,XBIL,US Treasury 6 Month Bill ETF,avg_dollar_volume_30d_below_15m_usd,4635416.84,41
XBIO,XBIO,"Xenetic Biosciences, Inc. - Common Stock",avg_dollar_volume_30d_below_15m_usd,56710.12,41
XBIT,XBIT,XBiotech Inc. - Common Stock,avg_dollar_volume_30d_below_15m_usd,75516.17,41
XBIX,XBIX,Corgi U.S. Biotech 2x Daily ETF,avg_dollar_volume_30d_below_15m_usd,79198.36,25
XBJA,XBJA,Innovator U.S. Equity Accelerated 9 Buffer ETF - January,avg_dollar_volume_30d_below_15m_usd,400293.41,41
XBJL,XBJL,Innovator U.S. Equity Accelerated 9 Buffer ETF - July,avg_dollar_volume_30d_below_15m_usd,133085.27,41
XBNB,XBNB,Teucrium xETFs 2x Long Daily BNB ETF,avg_dollar_volume_30d_below_15m_usd,5193.69,41
XBOC,XBOC,Innovator U.S. Equity Accelerated 9 Buffer ETF - October,avg_dollar_volume_30d_below_15m_usd,102672.02,41
XBOX,XBOX,Roundhill Ultra Short Duration No Dividend Target ETF,avg_dollar_volume_30d_below_15m_usd,7030667.9,41
XBP,XBP,"XBP Global Holdings, Inc. - Common Stock",avg_dollar_volume_30d_below_15m_usd,33968.87,40
XBTY,XBTY,GraniteShares YieldBOOST Bitcoin ETF,avg_dollar_volume_30d_below_15m_usd,208820.75,41
XC,XC,WisdomTree True Emerging Markets Fund,avg_dollar_volume_30d_below_15m_usd,423274.1,41
XCCC,XCCC,BondBloxx CCC-Rated USD High Yield Corporate Bond ETF,avg_dollar_volume_30d_below_15m_usd,8963462.59,41
XCEM,XCEM,Columbia EM Core ex-China ETF,avg_dollar_volume_30d_below_15m_usd,11105261.87,41
XCHG,XCHG,AB US Equity ETF,avg_dollar_volume_30d_below_15m_usd,93888.73,41
XCLR,XCLR,Global X S&P 500 Collar 95-110 ETF,avg_dollar_volume_30d_below_15m_usd,14588.14,41
XCNY,XCNY,State Street SPDR S&P Emerging Markets ex-China ETF,avg_dollar_volume_30d_below_15m_usd,18966.4,40
XCOM,XCOM,Corgi All Commodities 2x Daily ETF,avg_dollar_volume_30d_below_15m_usd,23842.84,25
XCOR,XCOR,FundX ETF,avg_dollar_volume_30d_below_15m_usd,163877.23,41
XCUR,XCUR,"Exicure, Inc. - Common Stock",avg_dollar_volume_30d_below_15m_usd,94292.22,41
XDAT,XDAT,Franklin Exponential Data ETF,avg_dollar_volume_30d_below_15m_usd,13593.23,41
XDEC,XDEC,FT Vest U.S. Equity Enhance & Moderate Buffer ETF - December,avg_dollar_volume_30d_below_15m_usd,1308627.69,41
XDEF,XDEF,Xtrackers Europe Defense Technologies ETF,avg_dollar_volume_30d_below_15m_usd,32763.5,40
XDIV,XDIV,Roundhill S&P 500 No Dividend Target ETF,avg_dollar_volume_30d_below_15m_usd,426133.99,41
XDQQ,XDQQ,Innovator Growth Accelerated ETF - Quarterly,avg_dollar_volume_30d_below_15m_usd,209671.88,41
XDSQ,XDSQ,Innovator U.S. Equity Accelerated ETF - Quarterly,avg_dollar_volume_30d_below_15m_usd,305620.58,41
XDTE,XDTE,Roundhill S&P 500 0DTE Covered Call Strategy ETF,avg_dollar_volume_30d_below_15m_usd,7152009.16,41
XELB,XELB,"Xcel Brands, Inc - Common Stock",avg_dollar_volume_30d_below_15m_usd,1437403.11,41
XEMD,XEMD,BondBloxx JP Morgan USD Emerging Markets 1-10 Year Bond ETF,avg_dollar_volume_30d_below_15m_usd,8900772.6,41
XEML,XEML,Xtrackers Europe Market Leaders ETF,avg_dollar_volume_30d_below_15m_usd,1200.35,40
XES,XES,State Street SPDR S&P Oil & Gas Equipment & Services ETF,avg_dollar_volume_30d_below_15m_usd,14666632.39,41
XEUR,XEUR,Corgi Europe Equities 2x Daily ETF,avg_dollar_volume_30d_below_15m_usd,11571.57,25
XEY,XEY,GraniteShares YieldBOOST Ether ETF,avg_dollar_volume_30d_below_15m_usd,3909.43,40
XFEB,XFEB,FT Vest U.S. Equity Enhance & Moderate Buffer ETF - February,avg_dollar_volume_30d_below_15m_usd,48464.5,41
XFIV,XFIV,BondBloxx Bloomberg Five Year Target Duration US Treasury ETF,avg_dollar_volume_30d_below_15m_usd,1538531.69,41
XFLH,XFLH,XFLH Capital Corporation Ordinary Shares,avg_dollar_volume_30d_below_15m_usd,92968.93,40
XFLX,XFLX,FundX Flexible ETF,avg_dollar_volume_30d_below_15m_usd,149248.58,41
XFOR,XFOR,"X4 Pharmaceuticals, Inc. - Common Stock",avg_dollar_volume_30d_below_15m_usd,3424310.84,41
XGN,XGN,Exagen Inc. - Common Stock,avg_dollar_volume_30d_below_15m_usd,1454411.03,41
XHE,XHE,State Street SPDR S&P Health Care Equipment ETF,avg_dollar_volume_30d_below_15m_usd,2467542.67,41
XHLD,XHLD,"TEN Holdings, Inc. - Common Stock",avg_dollar_volume_30d_below_15m_usd,404613.96,41
XHOA,XHOA,Corgi U.S. Real Estate 2x Daily ETF,avg_dollar_volume_30d_below_15m_usd,11888.96,24
XHS,XHS,State Street SPDR S&P Health Care Services ETF,avg_dollar_volume_30d_below_15m_usd,4047503.14,41
XIDE,XIDE,FT Vest U.S. Equity Buffer & Premium Income  ETF - December,avg_dollar_volume_30d_below_15m_usd,152675.08,41
XIDV,XIDV,Franklin International Dividend Booster Index ETF,avg_dollar_volume_30d_below_15m_usd,735666.84,41
XIGV,XIGV,Defiance US 100 Tech Ex Software ETF,avg_dollar_volume_30d_below_15m_usd,22161.0,10
XIJN,XIJN,FT Vest U.S. Equity Buffer & Premium Income ETF - June,avg_dollar_volume_30d_below_15m_usd,290663.15,41
XIMR,XIMR,FT Vest U.S. Equity Buffer & Premium Income ETF - March,avg_dollar_volume_30d_below_15m_usd,74527.25,41
XISE,XISE,FT Vest U.S. Equity Buffer & Premium Income ETF - September,avg_dollar_volume_30d_below_15m_usd,84349.55,41
XITK,XITK,State Street SPDR FactSet Innovative Technology ETF,avg_dollar_volume_30d_below_15m_usd,499134.6,41
XIWC,XIWC,Corgi U.S. Micro-Cap 2x Daily ETF,avg_dollar_volume_30d_below_15m_usd,19669.46,25
XJAN,XJAN,FT Vest U.S. Equity Enhance & Moderate Buffer ETF - January,avg_dollar_volume_30d_below_15m_usd,60769.58,41
XJH,XJH,iShares ESG Select Screened S&P Mid-Cap ETF,avg_dollar_volume_30d_below_15m_usd,931819.38,41
XJR,XJR,iShares ESG Select Screened S&P Small-Cap ETF,avg_dollar_volume_30d_below_15m_usd,520734.34,41
XJUL,XJUL,FT Vest U.S. Equity Enhance & Moderate Buffer ETF - July,avg_dollar_volume_30d_below_15m_usd,1104166.36,40
XJUN,XJUN,FT Vest U.S. Equity Enhance & Moderate Buffer ETF - June,avg_dollar_volume_30d_below_15m_usd,1950345.94,41
XKRE,XKRE,Corgi U.S. Regional Banks 2x Daily ETF,avg_dollar_volume_30d_below_15m_usd,15885.45,25
XLBI,XLBI,State Street Materials Select Sector SPDR Premium Income ETF,avg_dollar_volume_30d_below_15m_usd,110034.77,41
XLBX,XLBX,Corgi U.S. Materials 2x Daily ETF,avg_dollar_volume_30d_below_15m_usd,37705.47,25
XLCI,XLCI,State Street Communication Services Select Sector SPDR Premium Income ETF,avg_dollar_volume_30d_below_15m_usd,58342.65,41
XLEI,XLEI,State Street Energy Select Sector SPDR Premium Income ETF,avg_dollar_volume_30d_below_15m_usd,1344936.03,41
XLEX,XLEX,Corgi U.S. Energy 2x Daily ETF,avg_dollar_volume_30d_below_15m_usd,33144.78,25
XLFI,XLFI,State Street Financial Select Sector SPDR Premium Income ETF,avg_dollar_volume_30d_below_15m_usd,155399.35,41
XLFX,XLFX,Corgi U.S. Financials 2x Daily ETF,avg_dollar_volume_30d_below_15m_usd,58132.5,25
XLII,XLII,State Street Industrial Select Sector SPDR Premium Income ETF,avg_dollar_volume_30d_below_15m_usd,154389.2,41
XLIX,XLIX,Corgi U.S. Industrials 2x Daily ETF,avg_dollar_volume_30d_below_15m_usd,28158.98,25
XLKI,XLKI,State Street Technology Select Sector SPDR Premium Income ETF,avg_dollar_volume_30d_below_15m_usd,343930.27,41
XLKX,XLKX,Corgi U.S. Technology 2x Daily ETF,avg_dollar_volume_30d_below_15m_usd,18204.03,25
XLO,XLO,"Xilio Therapeutics, Inc. - Common Stock",avg_dollar_volume_30d_below_15m_usd,337665.32,41
XLPX,XLPX,Corgi U.S. Consumer Staples 2x Daily ETF,avg_dollar_volume_30d_below_15m_usd,43239.88,25
XLRI,XLRI,State Street Real Estate Select Sector SPDR Premium Income ETF,avg_dollar_volume_30d_below_15m_usd,60351.73,40
XLSI,XLSI,State Street Consumer Staples Select Sector SPDR Premium Income ETF,avg_dollar_volume_30d_below_15m_usd,214734.83,41
XLSR,XLSR,State Street US Sector Rotation ETF,avg_dollar_volume_30d_below_15m_usd,5085199.46,41
XLUI,XLUI,State Street Utilities Select Sector SPDR Premium Income ETF,avg_dollar_volume_30d_below_15m_usd,614311.91,41
XLUX,XLUX,Corgi U.S. Utilities 2x Daily ETF,avg_dollar_volume_30d_below_15m_usd,18933.07,25
XLVI,XLVI,State Street Health Care Select Sector SPDR Premium Income ETF,avg_dollar_volume_30d_below_15m_usd,390054.08,41
XLVX,XLVX,Corgi U.S. Healthcare 2x Daily ETF,avg_dollar_volume_30d_below_15m_usd,114715.69,25
XLYI,XLYI,State Street Consumer Discretionary Select Sector SPDR Premium Income ETF,avg_dollar_volume_30d_below_15m_usd,49929.31,40
XLYX,XLYX,Corgi U.S. Consumer Discretionary 2x Daily ETF,avg_dollar_volume_30d_below_15m_usd,11136.13,25
XMAG,XMAG,Defiance Large Cap ex-Mag 7 ETF,avg_dollar_volume_30d_below_15m_usd,2128965.08,41
XMAR,XMAR,FT Vest U.S. Equity Enhance & Moderate Buffer ETF - March,avg_dollar_volume_30d_below_15m_usd,1364263.99,40
XMAX,XMAX,"XMAX, Inc. - Common Stock",avg_dollar_volume_30d_below_15m_usd,12279728.49,41
XMAY,XMAY,FT Vest U.S. Equity Enhance & Moderate Buffer ETF - May,avg_dollar_volume_30d_below_15m_usd,149482.52,41
XMLV,XMLV,Invesco S&P MidCap Low Volatility ETF,avg_dollar_volume_30d_below_15m_usd,1113478.51,41
XMPT,XMPT,VanEck CEF Muni Income ETF,avg_dollar_volume_30d_below_15m_usd,945064.4,41
XMVM,XMVM,Invesco S&P MidCap Value with Momentum ETF,avg_dollar_volume_30d_below_15m_usd,2124096.76,41
XNAV,XNAV,FundX Aggressive ETF,avg_dollar_volume_30d_below_15m_usd,53619.85,41
XNCR,XNCR,"Xencor, Inc. - Common Stock",avg_dollar_volume_30d_below_15m_usd,11666967.7,41
XNDX,XNDX,Tradr 2X Long XNDU Daily ETF,avg_dollar_volume_30d_below_15m_usd,4795034.3,41
XNOV,XNOV,FT Vest U.S. Equity Enhance & Moderate Buffer ETF - November,avg_dollar_volume_30d_below_15m_usd,1183492.78,41
XOCT,XOCT,FT Vest U.S. Equity Enhance & Moderate Buffer ETF - October,avg_dollar_volume_30d_below_15m_usd,2459055.15,41
XOEF,XOEF,iShares S&P 500 ex S&P 100 ETF,avg_dollar_volume_30d_below_15m_usd,85306.63,41
XOEX,XOEX,Xtrackers S&P 100 Ex Top 20 ETF,avg_dollar_volume_30d_below_15m_usd,101091.37,41
XOMA,XOMA,XOMA Royalty Corporation - Common Stock,avg_dollar_volume_30d_below_15m_usd,6045325.71,41
XOMO,XOMO,YieldMax XOM Option Income Strategy ETF,avg_dollar_volume_30d_below_15m_usd,627988.06,41
XOMX,XOMX,Direxion Daily XOM Bull 2X ETF,avg_dollar_volume_30d_below_15m_usd,809734.41,41
XONE,XONE,BondBloxx Bloomberg One Year Target Duration US Treasury ETF,avg_dollar_volume_30d_below_15m_usd,4330423.21,41
XOVL,XOVL,Defiance Daily Target 2X Long XOVR ETF,avg_dollar_volume_30d_below_15m_usd,5743680.81,41
XPAV,XPAV,Corgi U.S. Infrastructure 2x Daily ETF,avg_dollar_volume_30d_below_15m_usd,22913.12,25
XPAY,XPAY,Roundhill S&P 500 Target 20 Managed Distribution ETF,avg_dollar_volume_30d_below_15m_usd,4174692.27,41
XPEG,XPEG,Leverage Shares 2X Long XPEV Daily ETF,avg_dollar_volume_30d_below_15m_usd,218977.71,41
XPEL,XPEL,"XPEL, Inc. - Common Stock",avg_dollar_volume_30d_below_15m_usd,12248267.7,41
XPER,XPER,Xperi Inc. Common Stock ,avg_dollar_volume_30d_below_15m_usd,3433337.0,41
XPH,XPH,State Street SPDR S&P Pharmaceuticals ETF,avg_dollar_volume_30d_below_15m_usd,6428358.96,41
XPL,XPL,Solitario Resources Corp. Common Stock,avg_dollar_volume_30d_below_15m_usd,152769.21,41
XPND,XPND,First Trust Expanded Technology ETF,avg_dollar_volume_30d_below_15m_usd,186411.47,41
XPOF,XPOF,"Xponential Fitness, Inc. Class A Common Stock",avg_dollar_volume_30d_below_15m_usd,3623118.49,41
XPON,XPON,Expion360 Inc. - Common Stock,avg_dollar_volume_30d_below_15m_usd,59010.45,41
XPP,XPP,ProShares Ultra FTSE China 50,avg_dollar_volume_30d_below_15m_usd,148351.92,41
XQTM,XQTM,Corgi Quantum Computing 2x Daily ETF,avg_dollar_volume_30d_below_15m_usd,11993.59,7
XRLX,XRLX,FundX Conservative ETF,avg_dollar_volume_30d_below_15m_usd,138177.41,41
XRMI,XRMI,Global X S&P 500 Risk Managed Income ETF,avg_dollar_volume_30d_below_15m_usd,157399.91,41
XRN,XRN,Chiron Real Estate Inc. Common Stock,avg_dollar_volume_30d_below_15m_usd,4529167.8,41
XRP,XRP,Bitwise XRP ETF,avg_dollar_volume_30d_below_15m_usd,8441503.82,41
XRPC,XRPC,Canary XRP ETF,avg_dollar_volume_30d_below_15m_usd,2298462.64,41
XRPI,XRPI,Volatility Shares Trust XRP ETF,avg_dollar_volume_30d_below_15m_usd,1235901.7,41
XRPM,XRPM,Amplify XRP 3% Monthly Option Income ETF,avg_dollar_volume_30d_below_15m_usd,205120.16,41
XRPR,XRPR,REX-Osprey XRP ETF,avg_dollar_volume_30d_below_15m_usd,253924.66,41
XRPT,XRPT,Volatility Shares Trust XRP 2X ETF,avg_dollar_volume_30d_below_15m_usd,3750667.06,41
XRPZ,XRPZ,Franklin XRP ETF,avg_dollar_volume_30d_below_15m_usd,3253214.46,41
XRTX,XRTX,XORTX Therapeutics Inc. - Common Shares,avg_dollar_volume_30d_below_15m_usd,44092.58,40
XSEM,XSEM,Corgi U.S. Semiconductors 2x Daily ETF,avg_dollar_volume_30d_below_15m_usd,55698.63,25
XSEP,XSEP,FT Vest U.S. Equity Enhance & Moderate Buffer ETF - September,avg_dollar_volume_30d_below_15m_usd,545217.47,41
XSHD,XSHD,Invesco S&P SmallCap High Dividend Low Volatility ETF,avg_dollar_volume_30d_below_15m_usd,420745.56,41
XSHP,XSHP,Kurv SpaceX Enhanced Income ETF,avg_dollar_volume_30d_below_15m_usd,592504.09,15
XSHQ,XSHQ,Invesco S&P SmallCap Quality ETF,avg_dollar_volume_30d_below_15m_usd,1530627.22,41
XSLL,XSLL,Xsolla SPAC 1 - Class A Ordinary Shares,avg_dollar_volume_30d_below_15m_usd,464494.49,41
XSLV,XSLV,Invesco S&P SmallCap Low Volatility ETF,avg_dollar_volume_30d_below_15m_usd,298884.99,41
XSOE,XSOE,WisdomTree Emerging Markets Ex-State Owned Enterprises Fund,avg_dollar_volume_30d_below_15m_usd,6814070.39,41
XSPC,XSPC,VegaShares SpaceX & Beyond Earth ETF,avg_dollar_volume_30d_below_15m_usd,173043.2,15
XSPI,XSPI,NEOS Boosted S&P 500 High Income ETF,avg_dollar_volume_30d_below_15m_usd,3384073.76,41
XSVM,XSVM,Invesco S&P SmallCap Value with Momentum ETF,avg_dollar_volume_30d_below_15m_usd,1984168.57,41
XSVN,XSVN,BondBloxx Bloomberg Seven Year Target Duration US Treasury ETF,avg_dollar_volume_30d_below_15m_usd,2253248.88,41
XSW,XSW,State Street SPDR S&P Software & Services ETF,avg_dollar_volume_30d_below_15m_usd,9255141.35,41
XT,XT,iShares Future Exponential Technologies ETF,avg_dollar_volume_30d_below_15m_usd,8224840.61,41
XTAI,XTAI,Corgi Taiwan 2x Daily ETF,avg_dollar_volume_30d_below_15m_usd,77598.08,25
XTAP,XTAP,Innovator U.S. Equity Accelerated Plus ETF - April,avg_dollar_volume_30d_below_15m_usd,27173.09,41
XTEN,XTEN,BondBloxx Bloomberg Ten Year Target Duration US Treasury ETF,avg_dollar_volume_30d_below_15m_usd,14481226.31,41
XTIA,XTIA,"XTI Aerospace, Inc. Common Stock  - Common Stock",avg_dollar_volume_30d_below_15m_usd,3584683.52,41
XTJA,XTJA,Innovator U.S. Equity Accelerated Plus ETF - January,avg_dollar_volume_30d_below_15m_usd,79168.33,41
XTJL,XTJL,Innovator U.S. Equity Accelerated Plus ETF - July,avg_dollar_volume_30d_below_15m_usd,78324.75,41
XTN,XTN,State Street SPDR S&P Transportation ETF,avg_dollar_volume_30d_below_15m_usd,9090611.29,41
XTNT,XTNT,"Xtant Medical Holdings, Inc. Common Stock",avg_dollar_volume_30d_below_15m_usd,37921.56,41
XTOC,XTOC,Innovator U.S. Equity Accelerated Plus ETF - October,avg_dollar_volume_30d_below_15m_usd,112160.42,41
XTR,XTR,Global X S&P 500 Tail Risk ETF,avg_dollar_volume_30d_below_15m_usd,82081.62,41
XTRE,XTRE,BondBloxx Bloomberg Three Year Target Duration US Treasury ETF,avg_dollar_volume_30d_below_15m_usd,2064082.93,41
XTWO,XTWO,BondBloxx Bloomberg Two Year Target Duration US Treasury ETF,avg_dollar_volume_30d_below_15m_usd,1619834.79,41
XTWY,XTWY,BondBloxx Bloomberg Twenty Year Target Duration US Treasury ETF,avg_dollar_volume_30d_below_15m_usd,1062704.12,41
XUDV,XUDV,Franklin U.S. Dividend Booster Index ETF,avg_dollar_volume_30d_below_15m_usd,500012.62,41
XUSP,XUSP,Innovator Uncapped Accelerated U.S. Equity ETF,avg_dollar_volume_30d_below_15m_usd,176934.94,41
XV,XV,Simplify Target 15 Distribution ETF,avg_dollar_volume_30d_below_15m_usd,842954.33,41
XVO,XVO,Corgi U.S. Mid-Cap 2x Daily ETF,avg_dollar_volume_30d_below_15m_usd,11999.54,24
XVUG,XVUG,Corgi U.S. Growth 2x Daily ETF,avg_dollar_volume_30d_below_15m_usd,13087.46,25
XVV,XVV,iShares ESG Select Screened S&P 500 ETF,avg_dollar_volume_30d_below_15m_usd,945020.55,41
XW,XW,Corgi Ex-U.S. Equities 2x Daily ETF,avg_dollar_volume_30d_below_15m_usd,12185.42,25
XWEL,XWEL,"XWELL, Inc. - Common Stock",avg_dollar_volume_30d_below_15m_usd,225964.06,41
XXI,XXI,"Twenty One Capital, Inc. Class A Common Stock",avg_dollar_volume_30d_below_15m_usd,8140876.14,41
XXII,XXII,"22nd Century Group, Inc - Common Stock",avg_dollar_volume_30d_below_15m_usd,207974.77,41
XXRP,XXRP,Teucrium 2x Long Daily XRP ETF,avg_dollar_volume_30d_below_15m_usd,7837279.45,41
XXV,XXV,Simplify Ancorato Target 25 Distribution ETF,avg_dollar_volume_30d_below_15m_usd,1030655.58,41
XXX,XXX,CYBER HORNET S&P 500 and XRP 75/25 Strategy ETF,avg_dollar_volume_30d_below_15m_usd,15389.47,40
XYLG,XYLG,Global X S&P 500 Covered Call & Growth ETF,avg_dollar_volume_30d_below_15m_usd,584158.85,41
XYZG,XYZG,Leverage Shares 2X Long XYZ Daily ETF,avg_dollar_volume_30d_below_15m_usd,152006.44,40
XYZY,XYZY,YieldMax XYZ Option Income Strategy ETF,avg_dollar_volume_30d_below_15m_usd,387200.52,41
XZO,XZO,"Exzeo Group, Inc. Common Stock",avg_dollar_volume_30d_below_15m_usd,3489220.94,41
YAAS,YAAS,Youxin Technology Ltd - Class A Ordinary shares,avg_dollar_volume_30d_below_15m_usd,157529.41,41
YALL,YALL,Truth Social God Bless America ETF,avg_dollar_volume_30d_below_15m_usd,382039.8,41
YBIT,YBIT,YieldMax Bitcoin Option Income Strategy ETF,avg_dollar_volume_30d_below_15m_usd,496270.38,41
YBMN,YBMN,Defiance BMNR Option Income ETF,avg_dollar_volume_30d_below_15m_usd,83965.18,41
YBST,YBST,GraniteShares YieldBoost Single Stock Universe ETF,avg_dollar_volume_30d_below_15m_usd,31892.84,40
YBTC,YBTC,Roundhill Bitcoin Covered Call Strategy ETF,avg_dollar_volume_30d_below_15m_usd,1681943.27,41
YBTY,YBTY,GraniteShares YieldBoost TopYielders ETF,avg_dollar_volume_30d_below_15m_usd,55935.97,41
YCBD,YCBD,"cbdMD, Inc. Common Stock",avg_dollar_volume_30d_below_15m_usd,123604.69,41
YCL,YCL,ProShares Ultra Yen,avg_dollar_volume_30d_below_15m_usd,530563.94,41
YCLO,YCLO,Franklin BSP CLO ETF,avg_dollar_volume_30d_below_15m_usd,2294.39,23
YCS,YCS,ProShares UltraShort Yen New,avg_dollar_volume_30d_below_15m_usd,1474751.21,41
YDDL,YDDL,One and One Green Technologies. INC - Class A Ordinary Shares,avg_dollar_volume_30d_below_15m_usd,93772.25,41
YDEC,YDEC,FT Vest International Equity Moderate Buffer ETF - December,avg_dollar_volume_30d_below_15m_usd,333942.38,41
YDES,YDES,YD Bio Limited - Ordinary Shares,avg_dollar_volume_30d_below_15m_usd,575828.25,41
YDKG,YDKG,Yueda Digital Holding - Class A Ordinary Share,avg_dollar_volume_30d_below_15m_usd,169380.91,41
YEAR,YEAR,AB Ultra Short Income ETF,avg_dollar_volume_30d_below_15m_usd,8225869.75,41
YETH,YETH,Roundhill Ether Covered Call Strategy ETF,avg_dollar_volume_30d_below_15m_usd,728778.0,41
YEXT,YEXT,"Yext, Inc. Common Stock",avg_dollar_volume_30d_below_15m_usd,6652160.04,41
YFFI,YFFI,Indexperts Yield Focused Fixed Income ETF,avg_dollar_volume_30d_below_15m_usd,29047.9,41
YFYA,YFYA,Yields for You Income Strategy A ETF,avg_dollar_volume_30d_below_15m_usd,123035.94,41
YGLD,YGLD,Simplify Gold Strategy ETF,avg_dollar_volume_30d_below_15m_usd,523572.56,41
YHC,YHC,LQR House Inc. - Common Stock,avg_dollar_volume_30d_below_15m_usd,2904245.99,41
YHGJ,YHGJ,Yunhong Green CTI Ltd. - Common Stock,avg_dollar_volume_30d_below_15m_usd,19209.4,40
YIBO,YIBO,Planet Image International Limited - Class A Ordinary Shares,avg_dollar_volume_30d_below_15m_usd,14137.5,41
YJUN,YJUN,FT Vest International Equity Moderate Buffer ETF - June,avg_dollar_volume_30d_below_15m_usd,1109592.13,41
YLD,YLD,Principal Active High Yield ETF,avg_dollar_volume_30d_below_15m_usd,3667233.77,41
YLDE,YLDE,Franklin ClearBridge Enhanced Income ETF,avg_dollar_volume_30d_below_15m_usd,749161.62,41
YLDW,YLDW,Westwood Enhanced Income Opportunity ETF,avg_dollar_volume_30d_below_15m_usd,232101.91,40
YMAR,YMAR,FT Vest International Equity Moderate Buffer ETF - March,avg_dollar_volume_30d_below_15m_usd,397892.8,41
YMAT,YMAT,"J-Star Holding Co., Ltd. - Class A Ordinary Shares",avg_dollar_volume_30d_below_15m_usd,13645112.61,38
YNOT,YNOT,Horizon Digital Frontier ETF,avg_dollar_volume_30d_below_15m_usd,717838.91,41
YOKE,YOKE,YOKE Core ETF,avg_dollar_volume_30d_below_15m_usd,275478.82,40
YOLO,YOLO,AdvisorShares Pure Cannabis ETF,avg_dollar_volume_30d_below_15m_usd,117903.04,41
YOOV,YOOV,Concorde International Group Ltd - Class A Ordinary Shares,avg_dollar_volume_30d_below_15m_usd,2022569.63,41
YORW,YORW,The York Water Company - Common Stock,avg_dollar_volume_30d_below_15m_usd,4731581.26,41
YQQQ,YQQQ,YieldMax Short N100 Option Income Strategy ETF,avg_dollar_volume_30d_below_15m_usd,612497.99,41
YSEP,YSEP,FT Vest International Equity Buffer ETF - September,avg_dollar_volume_30d_below_15m_usd,499156.83,41
YSPY,YSPY,GraniteShares YieldBOOST SPY ETF,avg_dollar_volume_30d_below_15m_usd,364503.3,41
YSWY,YSWY,"Yesway, Inc. - Class A Common Stock",avg_dollar_volume_30d_below_15m_usd,12878105.53,41
YSXT,YSXT,"YSX Tech. Co., Ltd  - Class A Ordinary Shares",avg_dollar_volume_30d_below_15m_usd,21157.1,40
YTRA,YTRA,"Yatra Online, Inc. - Ordinary Shares",avg_dollar_volume_30d_below_15m_usd,136354.26,41
YUNG,YUNG,Corgi Longevity Consumer ETF,avg_dollar_volume_30d_below_15m_usd,12523.34,41
YXI,YXI,ProShares Short FTSE China 50,avg_dollar_volume_30d_below_15m_usd,39464.91,41
YYAI,YYAI,AiRWA Inc. - Common Stock,avg_dollar_volume_30d_below_15m_usd,118048.82,40
YYGH,YYGH,YY Group Holding Limited - Class A Ordinary Shares,avg_dollar_volume_30d_below_15m_usd,8922477.27,41
YYY,YYY,Amplify CEF High Income ETF,avg_dollar_volume_30d_below_15m_usd,5270445.28,41
YYYM,YYYM,Amplify Municipal CEF High Income ETF,avg_dollar_volume_30d_below_15m_usd,43960.75,41
ZALT,ZALT,Innovator U.S. Equity 10 Buffer ETF - Quarterly,avg_dollar_volume_30d_below_15m_usd,3643754.78,41
ZAP,ZAP,Global X U.S. Electrification ETF,avg_dollar_volume_30d_below_15m_usd,4033361.25,41
ZAPR,ZAPR,Innovator Equity Defined Protection ETF - 1 Yr April,avg_dollar_volume_30d_below_15m_usd,541443.76,41
ZAUG,ZAUG,Innovator Equity Defined Protection ETF - 1 Yr August,avg_dollar_volume_30d_below_15m_usd,250619.15,41
ZBAO,ZBAO,Zhibao Technology Inc. - Class A Ordinary Shares,avg_dollar_volume_30d_below_15m_usd,180846.7,41
ZCBA,ZCBA,Global X Zero Coupon Bond 2030 ETF,avg_dollar_volume_30d_below_15m_usd,17455.87,41
ZCBB,ZCBB,Global X Zero Coupon Bond 2031 ETF,avg_dollar_volume_30d_below_15m_usd,4927.41,41
ZCBC,ZCBC,Global X Zero Coupon Bond 2032 ETF,avg_dollar_volume_30d_below_15m_usd,9469.38,41
ZCBE,ZCBE,Global X Zero Coupon Bond 2033 ETF,avg_dollar_volume_30d_below_15m_usd,4926.46,40
ZCBF,ZCBF,Global X Zero Coupon Bond 2034 ETF,avg_dollar_volume_30d_below_15m_usd,6077.52,41
ZCBG,ZCBG,Global X Zero Coupon Bond 2035 ETF,avg_dollar_volume_30d_below_15m_usd,6079.82,41
ZCMD,ZCMD,Zhongchao Inc. - Class A Ordinary Shares,avg_dollar_volume_30d_below_15m_usd,7800749.97,41
ZDAI,ZDAI,"DirectBooking Technology Co., Ltd. - Class A Ordinary Shares",avg_dollar_volume_30d_below_15m_usd,1886309.73,41
ZDEK,ZDEK,Innovator Equity Defined Protection ETF - 1 Yr December,avg_dollar_volume_30d_below_15m_usd,310335.96,41
ZDGE,ZDGE,"Zedge, Inc. Class B Common Stock ",avg_dollar_volume_30d_below_15m_usd,695554.52,41
ZECP,ZECP,Zacks Earnings Consistent Portfolio ETF,avg_dollar_volume_30d_below_15m_usd,1711609.08,41
ZENA,ZENA,"ZenaTech, Inc. - Common Stock",avg_dollar_volume_30d_below_15m_usd,5318204.59,41
ZEO,ZEO,Zeo Energy Corporation - Class A Common Stock,avg_dollar_volume_30d_below_15m_usd,58256.32,41
ZETX,ZETX,Defiance Daily Target 2x Long ZETA ETF,avg_dollar_volume_30d_below_15m_usd,1566081.31,41
ZFEB,ZFEB,Innovator Equity Defined Protection ETF - 1 Yr February,avg_dollar_volume_30d_below_15m_usd,345590.16,41
ZHDG,ZHDG,ZEGA Buy and Hedge ETF,avg_dollar_volume_30d_below_15m_usd,99286.31,41
ZHOG,ZHOG,F/m Opportunistic Income ETF,avg_dollar_volume_30d_below_15m_usd,71899.02,40
ZIG,ZIG,The Acquirers Fund,avg_dollar_volume_30d_below_15m_usd,38007.14,41
ZINC,ZINC,Zacks Income ETF,avg_dollar_volume_30d_below_15m_usd,11783.68,25
ZIP,ZIP,"ZipRecruiter, Inc. Class A Common Stock",avg_dollar_volume_30d_below_15m_usd,2760907.96,41
ZJAN,ZJAN,Innovator Equity Defined Protection ETF - 1 Yr January,avg_dollar_volume_30d_below_15m_usd,171811.99,41
ZJK,ZJK,"ZJK Industrial Co., Ltd. - Class A Ordinary Shares",avg_dollar_volume_30d_below_15m_usd,60520.58,41
ZJUL,ZJUL,Innovator Equity Defined Protection ETF - 1 Yr July,avg_dollar_volume_30d_below_15m_usd,2218502.84,41
ZJUN,ZJUN,Innovator Equity Defined Protection ETF - 1 Yr June,avg_dollar_volume_30d_below_15m_usd,5842325.45,41
ZJYL,ZJYL,JIN MEDICAL INTERNATIONAL LTD. - Class A Ordinary Shares,avg_dollar_volume_30d_below_15m_usd,1836496.27,41
ZKIN,ZKIN,"ZK International Group Co., Ltd - Ordinary Share",avg_dollar_volume_30d_below_15m_usd,62984.82,41
ZMAR,ZMAR,Innovator Equity Defined Protection ETF - 1 Yr March,avg_dollar_volume_30d_below_15m_usd,443343.27,41
ZMAY,ZMAY,Innovator Equity Defined Protection ETF - 1 Yr May,avg_dollar_volume_30d_below_15m_usd,1914803.91,41
ZMUN,ZMUN,F/m Ultrashort Tax-Free Municipal ETF,avg_dollar_volume_30d_below_15m_usd,368183.64,40
ZNB,ZNB,Zeta Network Group - Class A Ordinary Shares,avg_dollar_volume_30d_below_15m_usd,2131326.63,41
ZNOV,ZNOV,Innovator Equity Defined Protection ETF - 1 Yr November,avg_dollar_volume_30d_below_15m_usd,956462.44,41
ZNTL,ZNTL,"Zentalis Pharmaceuticals, Inc. - common stock",avg_dollar_volume_30d_below_15m_usd,4718894.37,41
ZOCT,ZOCT,Innovator Equity Defined Protection ETF - 1 Yr October,avg_dollar_volume_30d_below_15m_usd,361619.72,41
ZONE,ZONE,CleanCore Solutions Inc. Class B Common Stock,avg_dollar_volume_30d_below_15m_usd,2106477.78,41
ZOOZ,ZOOZ,ZOOZ Strategy Ltd. - Ordinary Shares,avg_dollar_volume_30d_below_15m_usd,163575.25,41
ZSB,ZSB,USCF Sustainable Battery Metals Strategy Fund,avg_dollar_volume_30d_below_15m_usd,8996.97,41
ZSC,ZSC,USCF Sustainable Commodity Strategy Fund,avg_dollar_volume_30d_below_15m_usd,15103.04,41
ZSEP,ZSEP,Innovator Equity Defined Protection ETF - 1 Yr September,avg_dollar_volume_30d_below_15m_usd,236031.55,41
ZSQR,ZSQR,Z Squared Inc. - Common Stock,avg_dollar_volume_30d_below_15m_usd,7741799.53,41
ZSTK,ZSTK,ZeroStack Corp. - Common Stock,avg_dollar_volume_30d_below_15m_usd,46120.54,41
ZTAX,ZTAX,X-Square Municipal Income ETF,avg_dollar_volume_30d_below_15m_usd,73206.58,41
ZTEK,ZTEK,Zentek Ltd. - common stock,avg_dollar_volume_30d_below_15m_usd,113027.01,41
ZTEN,ZTEN,F/m 10-Year Investment Grade Corporate Bond ETF,avg_dollar_volume_30d_below_15m_usd,136923.34,40
ZTG,ZTG,Zenta Group Company Limited - Class A Ordinary Shares,avg_dollar_volume_30d_below_15m_usd,1739275.93,41
ZTOP,ZTOP,F/m High Yield 100 ETF,avg_dollar_volume_30d_below_15m_usd,37538.75,40
ZTRE,ZTRE,F/m 3-Year Investment Grade Corporate Bond ETF,avg_dollar_volume_30d_below_15m_usd,88862.15,41
ZTWO,ZTWO,F/m 2-Year Investment Grade Corporate Bond ETF,avg_dollar_volume_30d_below_15m_usd,66220.01,41
ZUMZ,ZUMZ,Zumiez Inc. - Common Stock,avg_dollar_volume_30d_below_15m_usd,4944442.02,41
ZURA,ZURA,Zura Bio Limited - Class A Ordinary shares,avg_dollar_volume_30d_below_15m_usd,6577381.2,41
ZVIA,ZVIA,Zevia PBC Class A Common Stock,avg_dollar_volume_30d_below_15m_usd,1998315.08,41
ZVOL,ZVOL,Volatility Premium Plus ETF,avg_dollar_volume_30d_below_15m_usd,338177.16,41
ZYBT,ZYBT,Zhengye Biotechnology Holding Limited - Class A Ordinary Shares,avg_dollar_volume_30d_below_15m_usd,126599.6,41
DRVR,DRVR,Amplify S&P 500 Dividend Drivers ETF,download_miss_or_possibly_delisted_or_not_yet_listed,,0
FINA,FINA,Fidelity MSCI North American Subset Index ETF,download_miss_or_possibly_delisted_or_not_yet_listed,,0
FSPC,FSPC,First Trust Bloomberg Space Economy ETF,download_miss_or_possibly_delisted_or_not_yet_listed,,0
NSIG,NSIG,North Square Growth Opportunities ETF,download_miss_or_possibly_delisted_or_not_yet_listed,,0
NSIV,NSIV,North Square Disciplined Value ETF,download_miss_or_possibly_delisted_or_not_yet_listed,,0
SLVY,SLVY,FT Vest Silver Strategy & Target Income ETF,download_miss_or_possibly_delisted_or_not_yet_listed,,0
